<?xml version="1.0" encoding="UTF-8"?>
<COLLADA xmlns="http://www.collada.org/2005/11/COLLADASchema" version="1.4.1">
<!--
# File generated by ImageToStl.com - Free Image and 3D model conversion tools
-->
  <asset>
    <contributor>
      <author>ImageToStl.com</author>
      <authoring_tool>ImageToStl.com</authoring_tool>
    </contributor>
    <created>2026-07-29T05:11:52</created>
    <modified>2026-07-29T05:11:52</modified>
    <unit meter="0.001" name="millimeter" />
    <up_axis>Z_UP</up_axis>
  </asset>
  <library_effects>
    <effect id="effect_0">
        <profile_COMMON>
          <technique sid="common">
            <phong>
              <diffuse>
                <color>0.9 0.9 0.9 1</color>
              </diffuse>
              <specular>
                <color>0.05 0.05 0.05 1</color>
              </specular>
              <shininess>
                <float>64</float>
              </shininess>
            </phong>
          </technique>
        </profile_COMMON>
    </effect>
  </library_effects>
  <library_materials>
    <material id="mat_0">
      <instance_effect url="#effect_0"/>
    </material>
  </library_materials>
  <library_geometries>
    <geometry id="geometry_0aefd8ac_11ae_468c_9e00_948cccb9996f">
      <mesh>
        <source id="pos_0">
          <float_array id="pos_0-array" count="5556">-11.60736656 -15.37731075 2 -11.60736656 -15.37731075 0 -11.53921795 -15.89494896 2 -11.53921795 -15.89494896 0 -11.60736656 -16.41258621 2 -11.60736656 -16.41258621 0 -11.80716705 -16.89494896 2 -11.80716705 -16.89494896 0 -12.12500477 -17.30916214 2 -12.12500477 -17.30916214 0 -12.53921795 -17.6269989 2 -12.53921795 -17.6269989 0 -13.02157974 -17.82679939 2 -13.02157974 -17.82679939 0 -13.53921795 -17.89494896 2 -13.53921795 -17.89494896 0 -14.05685616 -17.82679939 2 -14.05685616 -17.82679939 0 -14.53921795 -17.6269989 2 -14.53921795 -17.6269989 0 -14.95343113 -17.30916214 2 -14.95343113 -17.30916214 0 -15.27126884 -16.89494896 2 -15.27126884 -16.89494896 0 -15.47106934 -16.41258621 2 -15.47106934 -16.41258621 0 -15.53921795 -15.89494896 2 -15.53921795 -15.89494896 0 -15.47106934 -15.37731075 2 -15.47106934 -15.37731075 0 -15.27126884 -14.89494896 2 -15.27126884 -14.89494896 0 -14.95343113 -14.48073483 2 -14.95343113 -14.48073483 0 -14.53921795 -14.16289806 2 -14.53921795 -14.16289806 0 -14.05685616 -13.96309662 2 -14.05685616 -13.96309662 0 -13.53921795 -13.89494896 2 -13.53921795 -13.89494896 0 -13.02157974 -13.96309662 2 -13.02157974 -13.96309662 0 -12.53921795 -14.16289806 2 -12.53921795 -14.16289806 0 -12.12500477 -14.48073483 2 -12.12500477 -14.48073483 0 -11.80716705 -14.89494896 2 -11.80716705 -14.89494896 0 12.39263344 -15.37731075 2 12.39263344 -15.37731075 0 12.46078205 -15.89494896 2 12.46078205 -15.89494896 0 12.39263344 -16.41258621 2 12.39263344 -16.41258621 0 12.19283295 -16.89494896 2 12.19283295 -16.89494896 0 11.87499523 -17.30916214 2 11.87499523 -17.30916214 0 11.46078205 -17.6269989 2 11.46078205 -17.6269989 0 10.97842026 -17.82679939 2 10.97842026 -17.82679939 0 10.46078205 -17.89494896 2 10.46078205 -17.89494896 0 9.94314384 -17.82679939 2 9.94314384 -17.82679939 0 9.46078205 -17.6269989 2 9.46078205 -17.6269989 0 9.04656887 -17.30916214 2 9.04656887 -17.30916214 0 8.72873116 -16.89494896 2 8.72873116 -16.89494896 0 8.52893066 -16.41258621 2 8.52893066 -16.41258621 0 8.46078205 -15.89494896 2 8.46078205 -15.89494896 0 8.52893066 -15.37731075 2 8.52893066 -15.37731075 0 8.72873116 -14.89494896 2 8.72873116 -14.89494896 0 9.04656887 -14.48073483 2 9.04656887 -14.48073483 0 9.46078205 -14.16289806 2 9.46078205 -14.16289806 0 9.94314384 -13.96309662 2 9.94314384 -13.96309662 0 10.46078205 -13.89494896 2 10.46078205 -13.89494896 0 10.97842026 -13.96309662 2 10.97842026 -13.96309662 0 11.46078205 -14.16289806 2 11.46078205 -14.16289806 0 11.87499523 -14.48073483 2 11.87499523 -14.48073483 0 12.19283295 -14.89494896 2 12.19283295 -14.89494896 0 0.63411516 139.68739319 6 0.63411516 139.68739319 0 0.71078205 139.10505676 6 0.71078205 139.10505676 0 0.63411516 138.52270508 6 0.63411516 138.52270508 0 0.40933922 137.98005676 6 0.40933922 137.98005676 0 0.05177231 137.5140686 6 0.05177231 137.5140686 0 -0.41421795 137.15649414 6 -0.41421795 137.15649414 0 -0.95687509 136.93171692 6 -0.95687509 136.93171692 0 -1.53921795 136.85505676 6 -1.53921795 136.85505676 0 -2.12156081 136.93171692 6 -2.12156081 136.93171692 0 -2.66421795 137.15649414 6 -2.66421795 137.15649414 0 -3.13020825 137.5140686 6 -3.13020825 137.5140686 0 -3.48777509 137.98005676 6 -3.48777509 137.98005676 0 -3.71255112 138.52270508 6 -3.71255112 138.52270508 0 -3.78921795 139.10505676 6 -3.78921795 139.10505676 0 -3.71255112 139.68739319 6 -3.71255112 139.68739319 0 -3.48777509 140.23005676 6 -3.48777509 140.23005676 0 -3.13020825 140.69604492 6 -3.13020825 140.69604492 0 -2.66421795 141.05360413 6 -2.66421795 141.05360413 0 -2.12156081 141.27838135 6 -2.12156081 141.27838135 0 -1.53921795 141.35505676 6 -1.53921795 141.35505676 0 -0.95687509 141.27838135 6 -0.95687509 141.27838135 0 -0.41421795 141.05360413 6 -0.41421795 141.05360413 0 0.05177231 140.69604492 6 0.05177231 140.69604492 0 0.40933922 140.23005676 6 0.40933922 140.23005676 0 2.38392305 138.32469177 6 2.38392305 138.32469177 2 2.46078205 139.10505676 6 2.46078205 139.10505676 2 2.38392305 139.88540649 6 2.38392305 139.88540649 2 2.15630007 140.63578796 6 2.15630007 140.63578796 2 1.78666055 141.32733154 6 1.78666055 141.32733154 2 1.28920913 141.93347168 6 1.28920913 141.93347168 2 0.68306297 142.43092346 6 0.68306297 142.43092346 2 -0.00848422 142.80056763 6 -0.00848422 142.80056763 2 -0.75885665 143.02819824 6 -0.75885665 143.02819824 2 -1.53921795 143.10505676 6 -1.53921795 143.10505676 2 -2.31957912 143.02819824 6 -2.31957912 143.02819824 2 -3.06995177 142.80056763 6 -3.06995177 142.80056763 2 -3.76149893 142.43092346 6 -3.76149893 142.43092346 2 -4.36764526 141.93347168 6 -4.36764526 141.93347168 2 -4.86509657 141.32733154 6 -4.86509657 141.32733154 2 -5.23473597 140.63578796 6 -5.23473597 140.63578796 2 -5.46235895 139.88540649 6 -5.46235895 139.88540649 2 -5.53921795 139.10505676 6 -5.53921795 139.10505676 2 -5.46235895 138.32469177 6 -5.46235895 138.32469177 2 -5.23473597 137.5743103 6 -5.23473597 137.5743103 2 -4.86509657 136.88276672 6 -4.86509657 136.88276672 2 -4.36764526 136.27662659 6 -4.36764526 136.27662659 2 -3.76149893 135.7791748 6 -3.76149893 135.7791748 2 -3.06995177 135.40953064 6 -3.06995177 135.40953064 2 -2.31957912 135.18191528 6 -2.31957912 135.18191528 2 -1.53921795 135.10505676 6 -1.53921795 135.10505676 2 -0.75885665 135.18191528 6 -0.75885665 135.18191528 2 -0.00848422 135.40953064 6 -0.00848422 135.40953064 2 0.68306297 135.7791748 6 0.68306297 135.7791748 2 1.28920913 136.27662659 6 1.28920913 136.27662659 2 1.78666055 136.88276672 6 1.78666055 136.88276672 2 2.15630007 137.5743103 6 2.15630007 137.5743103 2 -8.53921795 -11.37027931 4 -8.53921795 83.10504913 4 -8.53921795 -11.37027931 22 -8.53921795 83.10504913 22 5.46078205 -11.37027931 22 5.46078205 83.10504913 22 5.46078205 -11.37027931 4 5.46078205 83.10504913 4 -11.53921795 83.10504913 22 -11.53921795 83.10504913 2 11.46078205 83.10504913 2 11.46078205 83.10504913 22 7.46078205 80.6297226 22 7.46078205 -9.37027931 22 15.96078205 -11.37027931 22 15.96078205 -9.37027931 22 13.46078205 80.6297226 22 13.46078205 164.10505676 22 11.46078205 164.10505676 22 -11.53921795 164.10505676 2 -11.53921795 164.10505676 22 11.46078205 164.10505676 2 -13.53921795 164.10505676 22 -13.53921795 164.10505676 0 13.46078205 164.10505676 0 7.46078205 80.64793396 2 13.46078205 80.64793396 2 7.46078205 80.6297226 2 13.46078205 80.6297226 2 -19.0392189 -11.37027931 22 -19.0392189 -11.37027931 2 15.96078205 -11.37027931 2 -10.53921795 -9.37027931 2 -19.0392189 -9.37027931 2 -10.53921795 -9.37027931 22 -19.0392189 -9.37027931 22 -13.53921795 80.6297226 2 -10.53921795 80.6297226 2 -13.53921795 80.6297226 22 -10.53921795 80.6297226 22 15.96078205 -9.37027931 2 7.46078205 -9.37027931 2 -10.53921795 80.64793396 2 -13.53921795 80.64793396 2 7.46078205 -9.35206699 2 15.96078205 -9.35206699 2 15.96078205 -21.35206604 2 -19.0392189 -21.35206604 2 -19.0392189 -21.35206604 0 15.96078205 -21.35206604 0 -19.0392189 -9.35206699 0 -19.0392189 -9.35206699 2 -10.53921795 -9.35206699 0 -10.53921795 -9.35206699 2 -10.53921795 80.64793396 0 -13.53921795 80.64793396 0 13.46078205 80.64793396 0 7.46078205 80.64793396 0 7.46078205 -9.35206699 0 15.96078205 -9.35206699 0 10.77041149 -126.34788513 15 10.77041149 -126.34788513 7.5 10.71078205 -125.89495087 15 10.71078205 -125.89495087 7.5 10.77041149 -125.4420166 15 10.77041149 -125.4420166 7.5 10.94523716 -125.01995087 15 10.94523716 -125.01995087 7.5 11.2233448 -124.65750885 15 11.2233448 -124.65750885 7.5 11.58578205 -124.37940216 15 11.58578205 -124.37940216 7.5 12.00784874 -124.20458221 15 12.00784874 -124.20458221 7.5 12.46078205 -124.14495087 15 12.46078205 -124.14495087 7.5 12.91371536 -124.20458221 15 12.91371536 -124.20458221 7.5 13.33578205 -124.37940216 15 13.33578205 -124.37940216 7.5 13.6982193 -124.65750885 15 13.6982193 -124.65750885 7.5 13.97632694 -125.01995087 15 13.97632694 -125.01995087 7.5 14.15115261 -125.4420166 15 14.15115261 -125.4420166 7.5 14.21078205 -125.89495087 15 14.21078205 -125.89495087 7.5 14.15115261 -126.34788513 15 14.15115261 -126.34788513 7.5 13.97632694 -126.76995087 15 13.97632694 -126.76995087 7.5 13.6982193 -127.13238525 15 13.6982193 -127.13238525 7.5 13.33578205 -127.41049194 15 13.33578205 -127.41049194 7.5 12.91371536 -127.58531952 15 12.91371536 -127.58531952 7.5 12.46078205 -127.64495087 15 12.46078205 -127.64495087 7.5 12.00784874 -127.58531952 15 12.00784874 -127.58531952 7.5 11.58578205 -127.41049194 15 11.58578205 -127.41049194 7.5 11.2233448 -127.13238525 15 11.2233448 -127.13238525 7.5 10.94523716 -126.76995087 15 10.94523716 -126.76995087 7.5 10.77041149 -125.4420166 0 10.71078205 -125.89495087 0 10.77041149 -126.34788513 0 10.94523716 -126.76995087 0 11.2233448 -127.13238525 0 11.58578205 -127.41049194 0 12.00784874 -127.58531952 0 12.46078205 -127.64495087 0 12.91371536 -127.58531952 0 13.33578205 -127.41049194 0 13.6982193 -127.13238525 0 13.97632694 -126.76995087 0 14.15115261 -126.34788513 0 14.21078205 -125.89495087 0 14.15115261 -125.4420166 0 13.97632694 -125.01995087 0 13.6982193 -124.65750885 0 13.33578205 -124.37940216 0 12.91371536 -124.20458221 0 12.46078205 -124.14495087 0 12.00784874 -124.20458221 0 11.58578205 -124.37940216 0 11.2233448 -124.65750885 0 10.94523716 -125.01995087 0 -17.22958755 -136.34788513 15 -17.22958755 -136.34788513 7.5 -17.2892189 -135.89494324 15 -17.2892189 -135.89494324 7.5 -17.22958755 -135.4420166 15 -17.22958755 -135.4420166 7.5 -17.05476189 -135.01994324 15 -17.05476189 -135.01994324 7.5 -16.7766552 -134.65751648 15 -16.7766552 -134.65751648 7.5 -16.4142189 -134.37940979 15 -16.4142189 -134.37940979 7.5 -15.99215126 -134.20457458 15 -15.99215126 -134.20457458 7.5 -15.53921795 -134.14494324 15 -15.53921795 -134.14494324 7.5 -15.08628464 -134.20457458 15 -15.08628464 -134.20457458 7.5 -14.66421795 -134.37940979 15 -14.66421795 -134.37940979 7.5 -14.3017807 -134.65751648 15 -14.3017807 -134.65751648 7.5 -14.02367306 -135.01994324 15 -14.02367306 -135.01994324 7.5 -13.84884739 -135.4420166 15 -13.84884739 -135.4420166 7.5 -13.78921795 -135.89494324 15 -13.78921795 -135.89494324 7.5 -13.84884739 -136.34788513 15 -13.84884739 -136.34788513 7.5 -14.02367306 -136.76994324 15 -14.02367306 -136.76994324 7.5 -14.3017807 -137.13238525 15 -14.3017807 -137.13238525 7.5 -14.66421795 -137.41049194 15 -14.66421795 -137.41049194 7.5 -15.08628464 -137.58531189 15 -15.08628464 -137.58531189 7.5 -15.53921795 -137.64494324 15 -15.53921795 -137.64494324 7.5 -15.99215126 -137.58531189 15 -15.99215126 -137.58531189 7.5 -16.4142189 -137.41049194 15 -16.4142189 -137.41049194 7.5 -16.7766552 -137.13238525 15 -16.7766552 -137.13238525 7.5 -17.05476189 -136.76994324 15 -17.05476189 -136.76994324 7.5 -17.22958755 -135.4420166 0 -17.2892189 -135.89494324 0 -17.22958755 -136.34788513 0 -17.05476189 -136.76994324 0 -16.7766552 -137.13238525 0 -16.4142189 -137.41049194 0 -15.99215126 -137.58531189 0 -15.53921795 -137.64494324 0 -15.08628464 -137.58531189 0 -14.66421795 -137.41049194 0 -14.3017807 -137.13238525 0 -14.02367306 -136.76994324 0 -13.84884739 -136.34788513 0 -13.78921795 -135.89494324 0 -13.84884739 -135.4420166 0 -14.02367306 -135.01994324 0 -14.3017807 -134.65751648 0 -14.66421795 -134.37940979 0 -15.08628464 -134.20457458 0 -15.53921795 -134.14494324 0 -15.99215126 -134.20457458 0 -16.4142189 -134.37940979 0 -16.7766552 -134.65751648 0 -17.05476189 -135.01994324 0 10.77041149 -136.34788513 15 10.77041149 -136.34788513 7.5 10.71078205 -135.89494324 15 10.71078205 -135.89494324 7.5 10.77041149 -135.4420166 15 10.77041149 -135.4420166 7.5 10.94523716 -135.01994324 15 10.94523716 -135.01994324 7.5 11.2233448 -134.65751648 15 11.2233448 -134.65751648 7.5 11.58578205 -134.37940979 15 11.58578205 -134.37940979 7.5 12.00784874 -134.20457458 15 12.00784874 -134.20457458 7.5 12.46078205 -134.14494324 15 12.46078205 -134.14494324 7.5 12.91371536 -134.20457458 15 12.91371536 -134.20457458 7.5 13.33578205 -134.37940979 15 13.33578205 -134.37940979 7.5 13.6982193 -134.65751648 15 13.6982193 -134.65751648 7.5 13.97632694 -135.01994324 15 13.97632694 -135.01994324 7.5 14.15115261 -135.4420166 15 14.15115261 -135.4420166 7.5 14.21078205 -135.89494324 15 14.21078205 -135.89494324 7.5 14.15115261 -136.34788513 15 14.15115261 -136.34788513 7.5 13.97632694 -136.76994324 15 13.97632694 -136.76994324 7.5 13.6982193 -137.13238525 15 13.6982193 -137.13238525 7.5 13.33578205 -137.41049194 15 13.33578205 -137.41049194 7.5 12.91371536 -137.58531189 15 12.91371536 -137.58531189 7.5 12.46078205 -137.64494324 15 12.46078205 -137.64494324 7.5 12.00784874 -137.58531189 15 12.00784874 -137.58531189 7.5 11.58578205 -137.41049194 15 11.58578205 -137.41049194 7.5 11.2233448 -137.13238525 15 11.2233448 -137.13238525 7.5 10.94523716 -136.76994324 15 10.94523716 -136.76994324 7.5 10.77041149 -135.4420166 0 10.71078205 -135.89494324 0 10.77041149 -136.34788513 0 10.94523716 -136.76994324 0 11.2233448 -137.13238525 0 11.58578205 -137.41049194 0 12.00784874 -137.58531189 0 12.46078205 -137.64494324 0 12.91371536 -137.58531189 0 13.33578205 -137.41049194 0 13.6982193 -137.13238525 0 13.97632694 -136.76994324 0 14.15115261 -136.34788513 0 14.21078205 -135.89494324 0 14.15115261 -135.4420166 0 13.97632694 -135.01994324 0 13.6982193 -134.65751648 0 13.33578205 -134.37940979 0 12.91371536 -134.20457458 0 12.46078205 -134.14494324 0 12.00784874 -134.20457458 0 11.58578205 -134.37940979 0 11.2233448 -134.65751648 0 10.94523716 -135.01994324 0 -17.22958755 -126.34788513 15 -17.22958755 -126.34788513 7.5 -17.2892189 -125.89495087 15 -17.2892189 -125.89495087 7.5 -17.22958755 -125.4420166 15 -17.22958755 -125.4420166 7.5 -17.05476189 -125.01995087 15 -17.05476189 -125.01995087 7.5 -16.7766552 -124.65750885 15 -16.7766552 -124.65750885 7.5 -16.4142189 -124.37940216 15 -16.4142189 -124.37940216 7.5 -15.99215126 -124.20458221 15 -15.99215126 -124.20458221 7.5 -15.53921795 -124.14495087 15 -15.53921795 -124.14495087 7.5 -15.08628464 -124.20458221 15 -15.08628464 -124.20458221 7.5 -14.66421795 -124.37940216 15 -14.66421795 -124.37940216 7.5 -14.3017807 -124.65750885 15 -14.3017807 -124.65750885 7.5 -14.02367306 -125.01995087 15 -14.02367306 -125.01995087 7.5 -13.84884739 -125.4420166 15 -13.84884739 -125.4420166 7.5 -13.78921795 -125.89495087 15 -13.78921795 -125.89495087 7.5 -13.84884739 -126.34788513 15 -13.84884739 -126.34788513 7.5 -14.02367306 -126.76995087 15 -14.02367306 -126.76995087 7.5 -14.3017807 -127.13238525 15 -14.3017807 -127.13238525 7.5 -14.66421795 -127.41049194 15 -14.66421795 -127.41049194 7.5 -15.08628464 -127.58531952 15 -15.08628464 -127.58531952 7.5 -15.53921795 -127.64495087 15 -15.53921795 -127.64495087 7.5 -15.99215126 -127.58531952 15 -15.99215126 -127.58531952 7.5 -16.4142189 -127.41049194 15 -16.4142189 -127.41049194 7.5 -16.7766552 -127.13238525 15 -16.7766552 -127.13238525 7.5 -17.05476189 -126.76995087 15 -17.05476189 -126.76995087 7.5 -17.22958755 -125.4420166 0 -17.2892189 -125.89495087 0 -17.22958755 -126.34788513 0 -17.05476189 -126.76995087 0 -16.7766552 -127.13238525 0 -16.4142189 -127.41049194 0 -15.99215126 -127.58531952 0 -15.53921795 -127.64495087 0 -15.08628464 -127.58531952 0 -14.66421795 -127.41049194 0 -14.3017807 -127.13238525 0 -14.02367306 -126.76995087 0 -13.84884739 -126.34788513 0 -13.78921795 -125.89495087 0 -13.84884739 -125.4420166 0 -14.02367306 -125.01995087 0 -14.3017807 -124.65750885 0 -14.66421795 -124.37940216 0 -15.08628464 -124.20458221 0 -15.53921795 -124.14495087 0 -15.99215126 -124.20458221 0 -16.4142189 -124.37940216 0 -16.7766552 -124.65750885 0 -17.05476189 -125.01995087 0 7.46078205 -129.89494324 15 7.38378572 -129.89494324 13.82526398 14.46078205 -129.89494324 15 7.15411472 -129.89494324 12.67062855 6.77569771 -129.89494324 11.55584908 6.2550106 -129.89494324 10.5 14.46078205 -129.89494324 4 5.60096216 -129.89494324 9.52114677 4.82474327 -129.89494324 8.63603878 3.9396348 -129.89494324 7.85981989 2.96078205 -129.89494324 7.20577145 1.90493298 -129.89494324 6.68508434 0.79015344 -129.89494324 6.30666733 -0.36448222 -129.89494324 6.07699633 -1.53921795 -129.89494324 6 -17.5392189 -129.89494324 4 -2.71395373 -129.89494324 6.07699633 -3.8685894 -129.89494324 6.30666733 -4.98336887 -129.89494324 6.68508434 -6.03921795 -129.89494324 7.20577145 -7.0180707 -129.89494324 7.85981989 -7.90317917 -129.89494324 8.63603878 -8.67939758 -129.89494324 9.52114677 -9.3334465 -129.89494324 10.5 -17.5392189 -129.89494324 15 -9.85413361 -129.89494324 11.55584908 -10.23255062 -129.89494324 12.67062855 -10.4622221 -129.89494324 13.82526398 -10.53921795 -129.89494324 15 14.46078205 -131.89494324 4 14.46078205 -131.89494324 15 -10.53921795 -131.89494324 15 -10.4622221 -131.89494324 13.82526398 -17.5392189 -131.89494324 15 -10.23255062 -131.89494324 12.67062855 -9.85413361 -131.89494324 11.55584908 -9.3334465 -131.89494324 10.5 -17.5392189 -131.89494324 4 -8.67939758 -131.89494324 9.52114677 -7.90317917 -131.89494324 8.63603878 -7.0180707 -131.89494324 7.85981989 -6.03921795 -131.89494324 7.20577145 -4.98336887 -131.89494324 6.68508434 -3.8685894 -131.89494324 6.30666733 -2.71395373 -131.89494324 6.07699633 -1.53921795 -131.89494324 6 -0.36448222 -131.89494324 6.07699633 0.79015344 -131.89494324 6.30666733 1.90493298 -131.89494324 6.68508434 2.96078205 -131.89494324 7.20577145 3.9396348 -131.89494324 7.85981989 4.82474327 -131.89494324 8.63603878 5.60096216 -131.89494324 9.52114677 6.2550106 -131.89494324 10.5 6.77569771 -131.89494324 11.55584908 7.15411472 -131.89494324 12.67062855 7.38378572 -131.89494324 13.82526398 7.46078205 -131.89494324 15 7.46078205 -120.89495087 15 15.96078205 -120.89495087 15 13.96078205 -120.89495087 15 7.46078205 -140.89494324 15 15.96078205 -140.89494324 15 7.38378572 -140.89494324 13.82526398 7.15411472 -140.89494324 12.67062855 6.77569771 -140.89494324 11.55584908 6.2550106 -140.89494324 10.5 5.60096216 -140.89494324 9.52114677 4.82474327 -140.89494324 8.63603878 3.9396348 -140.89494324 7.85981989 2.96078205 -140.89494324 7.20577145 1.90493298 -140.89494324 6.68508434 0.79015344 -140.89494324 6.30666733 -0.36448222 -140.89494324 6.07699633 -1.53921795 -140.89494324 6 -2.71395373 -140.89494324 6.07699633 -3.8685894 -140.89494324 6.30666733 -4.98336887 -140.89494324 6.68508434 -6.03921795 -140.89494324 7.20577145 -7.0180707 -140.89494324 7.85981989 -7.90317917 -140.89494324 8.63603878 -8.67939758 -140.89494324 9.52114677 -9.3334465 -140.89494324 10.5 -9.85413361 -140.89494324 11.55584908 -10.23255062 -140.89494324 12.67062855 -10.4622221 -140.89494324 13.82526398 -10.53921795 -140.89494324 15 -10.53921795 -120.89495087 15 -10.4622221 -120.89495087 13.82526398 -10.23255062 -120.89495087 12.67062855 -9.85413361 -120.89495087 11.55584908 -9.3334465 -120.89495087 10.5 -8.67939758 -120.89495087 9.52114677 -7.90317917 -120.89495087 8.63603878 -7.0180707 -120.89495087 7.85981989 -6.03921795 -120.89495087 7.20577145 -4.98336887 -120.89495087 6.68508434 -3.8685894 -120.89495087 6.30666733 -2.71395373 -120.89495087 6.07699633 -1.53921795 -120.89495087 6 -0.36448222 -120.89495087 6.07699633 0.79015344 -120.89495087 6.30666733 1.90493298 -120.89495087 6.68508434 2.96078205 -120.89495087 7.20577145 3.9396348 -120.89495087 7.85981989 4.82474327 -120.89495087 8.63603878 5.60096216 -120.89495087 9.52114677 6.2550106 -120.89495087 10.5 6.77569771 -120.89495087 11.55584908 7.15411472 -120.89495087 12.67062855 7.38378572 -120.89495087 13.82526398 -19.0392189 -140.89494324 15 -19.0392189 -120.89495087 15 -17.0392189 -120.89495087 15 15.96078205 -140.89494324 0 -19.0392189 -140.89494324 0 15.96078205 -20.89494896 2 13.96078205 -20.89494896 2 15.96078205 -20.89494896 27 13.96078205 -20.89494896 27 13.96078205 -120.89495087 27 15.96078205 -120.89495087 27 13.96078205 -120.89495087 2 -17.0392189 -120.89495087 2 -19.0392189 -10.89494896 2 15.96078205 -10.89494896 2 -17.0392189 -20.89494896 2 -19.0392189 -20.89494896 2 -17.0392189 -20.89494896 27 -19.0392189 -20.89494896 27 -17.0392189 -120.89495087 27 -19.0392189 -120.89495087 27 15.96078205 -10.89494896 0 -19.0392189 -10.89494896 0 -0.53921795 -201.89494324 7.06274605 -0.53921795 -201.89494324 7.5 -0.53921795 -181.89494324 7.06274605 -0.53921795 -181.89494324 7.5 -2.53921795 -181.89494324 7.06274605 -1.87332833 -181.89494324 7.00697994 -2.53921795 -181.89494324 7.5 -1.20510757 -181.89494324 7.00697994 -2.53921795 -201.89494324 7.5 -2.53921795 -201.89494324 7.06274605 -1.20510757 -201.89494324 7.00697994 -1.87332833 -201.89494324 7.00697994 5.61261177 -129.89494324 11.41512489 5.52436256 -153.89494324 11.24422741 5.0751605 -129.89494324 10.5 4.93291807 -153.89494324 10.29771805 4.38757801 -129.89494324 9.62663174 4.21550035 -153.89494324 9.44273281 3.58557653 -129.89494324 8.85699749 3.38607383 -153.89494324 8.69591427 2.68463945 -129.89494324 8.20595646 2.46078205 -153.89494324 8.07179642 1.70215917 -129.89494324 7.68607664 1.45763481 -153.89494324 7.58252907 0.65710294 -129.89494324 7.30739498 0.39615721 -153.89494324 7.23763418 -0.430354 -129.89494324 7.07722139 -0.70299023 -153.89494324 7.04382467 -1.53921795 -129.89494324 7 -1.81841397 -153.89494324 7.00487328 -2.64808178 -129.89494324 7.07722139 -2.92840338 -153.89494324 7.12153816 -3.73553872 -129.89494324 7.30739498 -4.01135397 -153.89494324 7.39154768 -4.78059483 -129.89494324 7.68607664 -5.04618692 -153.89494324 7.80964756 -5.76307535 -129.89494324 8.20595646 -6.01276112 -153.89494324 8.36769962 -6.66401243 -129.89494324 8.85699749 -6.89226294 -153.89494324 9.05484104 -7.46601391 -129.89494324 9.62663174 -7.66757345 -153.89494324 9.85769939 -8.15359592 -129.89494324 10.5 -8.32360268 -153.89494324 10.76064587 -8.69104767 -129.89494324 11.41512489 -8.84758186 -153.89494324 11.7461071 -9.10263729 -129.89494324 12.39333725 -9.22931194 -153.89494324 12.79490089 -9.38112164 -129.89494324 13.4174242 -9.46136284 -153.89494324 13.8866148 -9.52159977 -129.89494324 14.46936226 -9.53921795 -153.89494324 15 -9.52159977 -129.89494324 15.53063774 -9.46136284 -153.89494324 16.11338425 -9.38112164 -129.89494324 16.58257484 -9.22931194 -153.89494324 17.20509911 -9.10263729 -129.89494324 17.60666275 -8.84758186 -153.89494324 18.2538929 -8.69104767 -129.89494324 18.58487511 -8.32360268 -153.89494324 19.23935318 -8.15359592 -129.89494324 19.5 -7.66757345 -153.89494324 20.14230156 -7.46601391 -129.89494324 20.37336922 -6.89226294 -153.89494324 20.945158 -6.66401243 -129.89494324 21.14300346 -6.01276112 -153.89494324 21.63230133 -5.76307535 -129.89494324 21.79404449 -5.04618692 -153.89494324 22.19035149 -4.78059483 -129.89494324 22.31392288 -4.01135397 -153.89494324 22.60845184 -3.73553872 -129.89494324 22.69260597 -2.92840338 -153.89494324 22.87846184 -2.64808178 -129.89494324 22.92277908 -1.81841397 -153.89494324 22.99512672 -1.53921795 -129.89494324 23 -0.70299023 -153.89494324 22.95617485 -0.430354 -129.89494324 22.92277908 0.39615721 -153.89494324 22.76236534 0.65710294 -129.89494324 22.69260597 1.45763481 -153.89494324 22.41747093 1.70215917 -129.89494324 22.31392288 2.46078205 -153.89494324 21.92820358 2.68463945 -129.89494324 21.79404449 3.38607383 -153.89494324 21.30408669 3.58557653 -129.89494324 21.14300346 4.21550035 -153.89494324 20.55726624 4.38757801 -129.89494324 20.37336922 4.93291807 -153.89494324 19.70228195 5.0751605 -129.89494324 19.5 5.52436256 -153.89494324 18.75577164 5.61261177 -129.89494324 18.58487511 5.97832298 -153.89494324 17.73616028 6.02420139 -129.89494324 17.60666275 6.28596306 -153.89494324 16.66329384 6.30268574 -129.89494324 16.58257484 6.44129467 -153.89494324 15.55805206 6.44316387 -129.89494324 15.53063774 6.44316387 -129.89494324 14.46936226 6.44129467 -153.89494324 14.44194794 6.30268574 -129.89494324 13.4174242 6.28596306 -153.89494324 13.33670616 6.02420139 -129.89494324 12.39333725 5.97832298 -153.89494324 12.26383877 0.56083661 -201.89494324 7.28055906 0.39615721 -177.89494324 7.23763418 -0.70299023 -177.89494324 7.04382467 -1.81841397 -177.89494324 7.00487328 -2.92840338 -177.89494324 7.12153816 -3.63927245 -201.89494324 7.28055906 -4.01135397 -177.89494324 7.39154768 -4.69806242 -201.89494324 7.65005445 -5.04618692 -177.89494324 7.80964756 -5.69478273 -201.89494324 8.1639719 -6.01276112 -177.89494324 8.36769962 -6.6098485 -201.89494324 8.81221294 -6.89226294 -177.89494324 9.05484104 -7.42527914 -201.89494324 9.58204079 -7.66757345 -177.89494324 9.85769939 -8.12505245 -201.89494324 10.45832825 -8.32360268 -177.89494324 10.76064587 -8.69541836 -201.89494324 11.42385674 -8.84758186 -177.89494324 11.7461071 -9.1251688 -201.89494324 12.45965481 -9.22931194 -177.89494324 12.79490089 -9.40585899 -201.89494324 13.54536915 -9.46136284 -177.89494324 13.8866148 -9.53197575 -201.89494324 14.65966606 -9.53921795 -177.89494324 15 -9.50103855 -201.89494324 15.78065014 -9.46136284 -177.89494324 16.11338425 -9.31365681 -201.89494324 16.88629532 -9.22931194 -177.89494324 17.20509911 -8.97351074 -201.89494324 17.95487404 -8.84758186 -177.89494324 18.2538929 -8.48728657 -201.89494324 18.96539307 -8.32360268 -177.89494324 19.23935318 -7.86453629 -201.89494324 19.897995 -7.66757345 -177.89494324 20.14230156 -7.11749697 -201.89494324 20.73435211 -6.89226294 -177.89494324 20.945158 -6.26084805 -201.89494324 21.45803452 -6.01276112 -177.89494324 21.63230133 -5.31142187 -201.89494324 22.05481911 -5.04618692 -177.89494324 22.19035149 -4.28787422 -201.89494324 22.51298141 -4.01135397 -177.89494324 22.60845184 -3.2103169 -201.89494324 22.82351685 -2.92840338 -177.89494324 22.87846184 -2.09992337 -201.89494324 22.9803257 -1.81841397 -177.89494324 22.99512672 -0.97851247 -201.89494324 22.9803257 -0.70299023 -177.89494324 22.95617485 0.13188091 -201.89494324 22.82351685 0.39615721 -177.89494324 22.76236534 1.2094382 -201.89494324 22.51298141 1.45763481 -177.89494324 22.41747093 2.23298597 -201.89494324 22.05481911 2.46078205 -177.89494324 21.92820358 3.18241215 -201.89494324 21.45803452 3.38607383 -177.89494324 21.30408669 4.03906107 -201.89494324 20.73435211 4.21550035 -177.89494324 20.55726624 4.78610039 -201.89494324 19.897995 4.93291807 -177.89494324 19.70228195 5.40885019 -201.89494324 18.96539307 5.52436256 -177.89494324 18.75577164 5.89507532 -201.89494324 17.95487404 5.97832298 -177.89494324 17.73616028 6.23522043 -201.89494324 16.88629532 6.28596306 -177.89494324 16.66329384 6.42260265 -201.89494324 15.78065014 6.44129467 -177.89494324 15.55805206 6.45353937 -201.89494324 14.65966606 6.44129467 -177.89494324 14.44194794 6.32742357 -201.89494324 13.54536915 6.28596306 -177.89494324 13.33670616 6.0467329 -201.89494324 12.45965481 5.97832298 -177.89494324 12.26383877 5.61698246 -201.89494324 11.42385674 5.52436256 -177.89494324 11.24422741 5.04661655 -201.89494324 10.45832825 4.93291807 -177.89494324 10.29771805 4.34684324 -201.89494324 9.58204079 4.21550035 -177.89494324 9.44273281 3.5314126 -201.89494324 8.81221294 3.38607383 -177.89494324 8.69591427 2.6163466 -201.89494324 8.1639719 2.46078205 -177.89494324 8.07179642 1.61962628 -201.89494324 7.65005445 1.45763481 -177.89494324 7.58252907 -10.53921795 -129.89494324 10.5 -12.06995201 -129.89494324 10.80448151 -11.31957912 -129.89494324 10.57685852 -14.53921795 -129.89494324 14.5 -14.46235943 -129.89494324 13.71963882 -14.23473644 -129.89494324 12.96926594 -12.06995201 -129.89494324 19.19551849 -12.76149845 -129.89494324 18.82587814 -13.36764526 -129.89494324 18.32842636 -10.53921795 -129.89494324 19.5 -11.31957912 -129.89494324 19.42314148 -13.86509609 -129.89494324 17.7222805 -14.23473644 -129.89494324 17.03073311 -14.46235943 -129.89494324 16.28036118 -14.53921795 -129.89494324 15.5 -13.86509609 -129.89494324 12.2777195 -13.36764526 -129.89494324 11.67157269 -12.76149845 -129.89494324 11.17412186 7.46078205 -129.89494324 19.5 8.99151611 -129.89494324 19.19551849 8.24114323 -129.89494324 19.42314148 11.46078205 -129.89494324 14.5 11.46078205 -129.89494324 15.5 11.38392353 -129.89494324 16.28036118 8.99151611 -129.89494324 10.80448151 9.68306255 -129.89494324 11.17412186 10.28920937 -129.89494324 11.67157269 7.46078205 -129.89494324 10.5 8.24114323 -129.89494324 10.57685852 10.78666019 -129.89494324 12.2777195 11.15630054 -129.89494324 12.96926594 11.38392353 -129.89494324 13.71963882 11.15630054 -129.89494324 17.03073311 10.78666019 -129.89494324 17.7222805 10.28920937 -129.89494324 18.32842636 9.68306255 -129.89494324 18.82587814 -7.22362661 -129.89494324 10.5 4.14519072 -129.89494324 10.5 -7.82796144 -129.89494324 11.39247894 4.74952555 -129.89494324 11.39247894 -8.29330254 -129.89494324 12.36469173 5.21486616 -129.89494324 12.36469173 -8.60936356 -129.89494324 13.39515114 5.53092766 -129.89494324 13.39515114 -8.76916027 -129.89494324 14.4610796 5.69072437 -129.89494324 14.4610796 -8.76916027 -129.89494324 15.5389204 5.69072437 -129.89494324 15.5389204 -8.60936356 -129.89494324 16.60484886 5.53092766 -129.89494324 16.60484886 -8.29330254 -129.89494324 17.63530731 5.21486616 -129.89494324 17.63530731 -7.82796144 -129.89494324 18.60752106 4.74952555 -129.89494324 18.60752106 -7.22362661 -129.89494324 19.5 4.14519072 -129.89494324 19.5 -14.53921795 -127.39495087 14.5 -14.53921795 -127.39495087 15.5 -10.53921795 -127.39495087 10.5 -11.31957912 -127.39495087 10.57685852 -12.06995201 -127.39495087 10.80448151 -12.76149845 -127.39495087 11.17412186 -13.36764526 -127.39495087 11.67157269 -13.86509609 -127.39495087 12.2777195 -14.23473644 -127.39495087 12.96926594 -14.46235943 -127.39495087 13.71963882 7.46078205 -127.39495087 10.5 11.46078205 -127.39495087 14.5 11.38392353 -127.39495087 13.71963882 11.15630054 -127.39495087 12.96926594 10.78666019 -127.39495087 12.2777195 10.28920937 -127.39495087 11.67157269 9.68306255 -127.39495087 11.17412186 8.99151611 -127.39495087 10.80448151 8.24114323 -127.39495087 10.57685852 11.46078205 -127.39495087 15.5 7.46078205 -127.39495087 19.5 8.24114323 -127.39495087 19.42314148 8.99151611 -127.39495087 19.19551849 9.68306255 -127.39495087 18.82587814 10.28920937 -127.39495087 18.32842636 10.78666019 -127.39495087 17.7222805 11.15630054 -127.39495087 17.03073311 11.38392353 -127.39495087 16.28036118 -10.53921795 -127.39495087 19.5 -14.46235943 -127.39495087 16.28036118 -14.23473644 -127.39495087 17.03073311 -13.86509609 -127.39495087 17.7222805 -13.36764526 -127.39495087 18.32842636 -12.76149845 -127.39495087 18.82587814 -12.06995201 -127.39495087 19.19551849 -11.31957912 -127.39495087 19.42314148 3.46875286 -129.89494324 20.24239731 2.696208 -129.89494324 20.8841877 1.84238136 -129.89494324 21.41305542 0.92365885 -129.89494324 21.81885147 -0.04232843 -129.89494324 22.09378815 -1.03704238 -129.89494324 22.23258781 -2.04139352 -129.89494324 22.23258781 -3.03610754 -129.89494324 22.09378815 -4.00209475 -129.89494324 21.81885147 -4.92081738 -129.89494324 21.41305542 -5.7746439 -129.89494324 20.8841877 -6.54718876 -129.89494324 20.24239731 3.46875286 -129.89494324 9.75760269 2.696208 -129.89494324 9.1158123 1.84238136 -129.89494324 8.58694363 0.92365885 -129.89494324 8.18114853 -0.04232843 -129.89494324 7.90621233 -1.03704238 -129.89494324 7.76741266 -2.04139352 -129.89494324 7.76741266 -3.03610754 -129.89494324 7.90621233 -4.00209475 -129.89494324 8.18114853 -4.92081738 -129.89494324 8.58694363 -5.7746439 -129.89494324 9.1158123 -6.54718876 -129.89494324 9.75760269 -0.57329214 -217.89494324 15.25881863 -0.53921795 -217.89494324 15 0.46078205 -217.89494324 15 -0.57329214 -217.89494324 14.74118137 0.39263371 -217.89494324 14.48236179 -0.67319256 -217.89494324 14.5 0.19283286 -217.89494324 14 -0.83211118 -217.89494324 14.29289341 -0.12500438 -217.89494324 13.58578682 -1.03921795 -217.89494324 14.13397503 -0.53921795 -217.89494324 13.2679491 -1.28039885 -217.89494324 14.03407383 -1.02157986 -217.89494324 13.06814861 -1.53921795 -217.89494324 14 -1.53921795 -217.89494324 13 -2.05685616 -217.89494324 13.06814861 -1.79803705 -217.89494324 14.03407383 -2.53921795 -217.89494324 13.2679491 -2.03921795 -217.89494324 14.13397503 -2.95343161 -217.89494324 13.58578682 -2.24632478 -217.89494324 14.29289341 -3.27126884 -217.89494324 14 -2.4052434 -217.89494324 14.5 -3.47106957 -217.89494324 14.48236179 -2.50514388 -217.89494324 14.74118137 -3.53921795 -217.89494324 15 -2.53921795 -217.89494324 15 -3.47106957 -217.89494324 15.51763821 -2.50514388 -217.89494324 15.25881863 -2.4052434 -217.89494324 15.5 -3.27126884 -217.89494324 16 -2.24632478 -217.89494324 15.70710659 -2.95343161 -217.89494324 16.41421318 -2.03921795 -217.89494324 15.86602497 -2.53921795 -217.89494324 16.73204994 -1.79803705 -217.89494324 15.96592617 -2.05685616 -217.89494324 16.93185234 -1.53921795 -217.89494324 16 -1.53921795 -217.89494324 17 -1.02157986 -217.89494324 16.93185234 -1.28039885 -217.89494324 15.96592617 -0.53921795 -217.89494324 16.73204994 -1.03921795 -217.89494324 15.86602497 -0.12500438 -217.89494324 16.41421318 -0.83211118 -217.89494324 15.70710659 0.19283286 -217.89494324 16 -0.67319256 -217.89494324 15.5 0.39263371 -217.89494324 15.51763821 0.68241143 -207.89494324 14.40471649 0.76078206 -207.89494324 15 0.68241143 -207.89494324 15.59528351 0.45264047 -207.89494324 16.14999962 0.08712765 -207.89494324 16.62634468 -0.38921794 -207.89494324 16.99185753 -0.94393414 -207.89494324 17.2216301 -1.53921795 -207.89494324 17.29999924 -2.1345017 -207.89494324 17.2216301 -2.68921804 -207.89494324 16.99185753 -3.16556358 -207.89494324 16.62634468 -3.53107643 -207.89494324 16.14999962 -3.76084733 -207.89494324 15.59528351 -3.8392179 -207.89494324 15 -3.76084733 -207.89494324 14.40471649 -3.53107643 -207.89494324 13.85000038 -3.16556358 -207.89494324 13.37365437 -2.68921804 -207.89494324 13.00814152 -2.1345017 -207.89494324 12.77837086 -1.53921795 -207.89494324 12.69999981 -0.94393414 -207.89494324 12.77837086 -0.38921794 -207.89494324 13.00814152 0.08712765 -207.89494324 13.37365437 0.45264047 -207.89494324 13.85000038 4.19913149 -147.89494324 19.43100929 3.49282002 -147.89494324 20.21929932 2.6792593 -147.89494324 20.89635086 1.7757889 -147.89494324 21.44773102 0.80166501 -147.89494324 21.86168861 -0.22235078 -147.89494324 22.12940025 -1.27443326 -147.89494324 22.24516296 -2.33215928 -147.89494324 22.20650673 -3.37298489 -147.89494324 22.01425743 -4.37472725 -147.89494324 21.67251015 -5.31603527 -147.89494324 21.18854904 -6.17684746 -147.89494324 20.57269096 -6.93881607 -147.89494324 19.83806229 -7.58570194 -147.89494324 19.00031662 -8.1037178 -147.89494324 18.07731056 -8.48182201 -147.89494324 17.08871841 -8.71195698 -147.89494324 16.05560875 -8.78921795 -147.89494324 15 -8.71195698 -147.89494324 13.94439125 -8.48182201 -147.89494324 12.91128159 -8.1037178 -147.89494324 11.92268848 -7.58570194 -147.89494324 10.99968433 -6.93881607 -147.89494324 10.16193867 -6.17684746 -147.89494324 9.42730808 -5.31603527 -147.89494324 8.81145 -4.37472725 -147.89494324 8.32748985 -3.37298489 -147.89494324 7.98574305 -2.33215928 -147.89494324 7.79349279 -1.27443326 -147.89494324 7.75483704 -0.22235078 -147.89494324 7.87059879 0.80166501 -147.89494324 8.13831139 1.7757889 -147.89494324 8.55226898 2.6792593 -147.89494324 9.10364914 3.49282002 -147.89494324 9.78069973 4.19913149 -147.89494324 10.56899071 4.78314018 -147.89494324 11.45172024 5.23239899 -147.89494324 12.41007614 5.53733206 -147.89494324 13.42363167 5.69090462 -147.89494324 14.46350574 5.69090462 -147.89494324 15.53649426 5.53733206 -147.89494324 16.57636833 5.53733206 -165.89494324 16.57636833 5.23239899 -147.89494324 17.58992386 5.23239899 -165.89494324 17.58992386 4.78314018 -147.89494324 18.54827881 4.78314018 -165.89494324 18.54827881 4.19913149 -165.89494324 19.43100929 3.49282002 -165.89494324 20.21929932 2.6792593 -165.89494324 20.89635086 1.7757889 -165.89494324 21.44773102 0.80166501 -165.89494324 21.86168861 -0.22235078 -165.89494324 22.12940025 -1.27443326 -165.89494324 22.24516296 -2.33215928 -165.89494324 22.20650673 -3.37298489 -165.89494324 22.01425743 -4.37472725 -165.89494324 21.67251015 -5.31603527 -165.89494324 21.18854904 -6.17684746 -165.89494324 20.57269096 -6.93881607 -165.89494324 19.83806229 -7.58570194 -165.89494324 19.00031662 -8.1037178 -165.89494324 18.07731056 -8.48182201 -165.89494324 17.08871841 -8.71195698 -165.89494324 16.05560875 -8.78921795 -165.89494324 15 -8.71195698 -165.89494324 13.94439125 -8.48182201 -165.89494324 12.91128159 -8.1037178 -165.89494324 11.92268848 -7.58570194 -165.89494324 10.99968433 -6.93881607 -165.89494324 10.16193867 -6.17684746 -165.89494324 9.42730808 -5.31603527 -165.89494324 8.81145 -4.37472725 -165.89494324 8.32748985 -3.37298489 -165.89494324 7.98574305 -2.33215928 -165.89494324 7.79349279 -1.27443326 -165.89494324 7.75483704 -0.22235078 -165.89494324 7.87059879 0.80166501 -165.89494324 8.13831139 1.7757889 -165.89494324 8.55226898 2.6792593 -165.89494324 9.10364914 3.49282002 -165.89494324 9.78069973 4.19913149 -165.89494324 10.56899071 4.78314018 -165.89494324 11.45172024 5.23239899 -165.89494324 12.41007614 5.53733206 -165.89494324 13.42363167 5.69108438 -165.89494324 14.46593189 5.69108438 -165.89494324 15.53406811 5.53733206 -183.89494324 16.57636833 5.23239899 -183.89494324 17.58992386 4.78314018 -183.89494324 18.54827881 4.19913149 -183.89494324 19.43100929 3.49282002 -183.89494324 20.21929932 2.6792593 -183.89494324 20.89635086 1.7757889 -183.89494324 21.44773102 0.80166501 -183.89494324 21.86168861 -0.22235078 -183.89494324 22.12940025 -1.27443326 -183.89494324 22.24516296 -2.33215928 -183.89494324 22.20650673 -3.37298489 -183.89494324 22.01425743 -4.37472725 -183.89494324 21.67251015 -5.31603527 -183.89494324 21.18854904 -6.17684746 -183.89494324 20.57269096 -6.93881607 -183.89494324 19.83806229 -7.58570194 -183.89494324 19.00031662 -8.1037178 -183.89494324 18.07731056 -8.48182201 -183.89494324 17.08871841 -8.71195698 -183.89494324 16.05560875 -8.78921795 -183.89494324 15 -8.71195698 -183.89494324 13.94439125 -8.48182201 -183.89494324 12.91128159 -8.1037178 -183.89494324 11.92268848 -7.58570194 -183.89494324 10.99968433 -6.93881607 -183.89494324 10.16193867 -6.17684746 -183.89494324 9.42730808 -5.31603527 -183.89494324 8.81145 -4.37472725 -183.89494324 8.32748985 -3.37298489 -183.89494324 7.98574305 -2.33215928 -183.89494324 7.79349279 -1.27443326 -183.89494324 7.75483704 -0.22235078 -183.89494324 7.87059879 0.80166501 -183.89494324 8.13831139 1.7757889 -183.89494324 8.55226898 2.6792593 -183.89494324 9.10364914 3.49282002 -183.89494324 9.78069973 4.19913149 -183.89494324 10.56899071 4.78314018 -183.89494324 11.45172024 5.23239899 -183.89494324 12.41007614 5.53733206 -183.89494324 13.42363167 5.6912632 -183.89494324 14.46835804 5.6912632 -183.89494324 15.53164196 5.63352156 -201.89494324 16.05560875 5.40338659 -201.89494324 17.08871841 5.71078205 -201.89494324 15 5.63352156 -201.89494324 13.94439125 5.40338659 -201.89494324 12.91128159 5.02528191 -201.89494324 11.92268848 4.50726604 -201.89494324 10.99968433 3.86038041 -201.89494324 10.16193867 3.09841156 -201.89494324 9.42730808 2.23759961 -201.89494324 8.81145 1.29629123 -201.89494324 8.32748985 0.29454908 -201.89494324 7.98574305 -0.74627668 -201.89494324 7.79349279 -1.80400264 -201.89494324 7.75483704 -2.85608506 -201.89494324 7.87059879 -3.88010097 -201.89494324 8.13831139 -4.85422468 -201.89494324 8.55226898 -5.7576952 -201.89494324 9.10364914 -6.57125568 -201.89494324 9.78069973 -7.27756739 -201.89494324 10.56899071 -7.86157608 -201.89494324 11.45172024 -8.31083488 -201.89494324 12.41007614 -8.61576843 -201.89494324 13.42363167 -8.76987743 -201.89494324 14.47078419 -8.76987743 -201.89494324 15.52921581 -8.61576843 -201.89494324 16.57636833 -8.31083488 -201.89494324 17.58992386 -7.86157608 -201.89494324 18.54827881 -7.27756739 -201.89494324 19.43100929 -6.57125568 -201.89494324 20.21929932 -5.7576952 -201.89494324 20.89635086 -4.85422468 -201.89494324 21.44773102 -3.88010097 -201.89494324 21.86168861 -2.85608506 -201.89494324 22.12940025 -1.80400264 -201.89494324 22.24516296 -0.74627668 -201.89494324 22.20650673 0.29454908 -201.89494324 22.01425743 1.29629123 -201.89494324 21.67251015 2.23759961 -201.89494324 21.18854904 3.09841156 -201.89494324 20.57269096 3.86038041 -201.89494324 19.83806229 4.50726604 -201.89494324 19.00031662 5.02528191 -201.89494324 18.07731056 -0.53921795 -205.89494324 15 -0.57329214 -205.89494324 14.74118137 -0.67319256 -205.89494324 14.5 -0.83211118 -205.89494324 14.29289341 -1.03921795 -205.89494324 14.13397503 -1.28039885 -205.89494324 14.03407383 -1.53921795 -205.89494324 14 -1.79803705 -205.89494324 14.03407383 -2.03921795 -205.89494324 14.13397503 -2.24632478 -205.89494324 14.29289341 -2.4052434 -205.89494324 14.5 -2.50514388 -205.89494324 14.74118137 -2.53921795 -205.89494324 15 -2.50514388 -205.89494324 15.25881863 -2.4052434 -205.89494324 15.5 -2.24632478 -205.89494324 15.70710659 -2.03921795 -205.89494324 15.86602497 -1.79803705 -205.89494324 15.96592617 -1.53921795 -205.89494324 16 -1.28039885 -205.89494324 15.96592617 -1.03921795 -205.89494324 15.86602497 -0.83211118 -205.89494324 15.70710659 -0.67319256 -205.89494324 15.5 -0.57329214 -205.89494324 15.25881863 -0.57329214 -209.89494324 14.74118137 -0.53921795 -209.89494324 15 -0.57329214 -209.89494324 15.25881863 -0.67319256 -209.89494324 15.5 -0.83211118 -209.89494324 15.70710659 -1.03921795 -209.89494324 15.86602497 -1.28039885 -209.89494324 15.96592617 -1.53921795 -209.89494324 16 -1.79803705 -209.89494324 15.96592617 -2.03921795 -209.89494324 15.86602497 -2.24632478 -209.89494324 15.70710659 -2.4052434 -209.89494324 15.5 -2.50514388 -209.89494324 15.25881863 -2.53921795 -209.89494324 15 -2.50514388 -209.89494324 14.74118137 -2.4052434 -209.89494324 14.5 -2.24632478 -209.89494324 14.29289341 -2.03921795 -209.89494324 14.13397503 -1.79803705 -209.89494324 14.03407383 -1.53921795 -209.89494324 14 -1.28039885 -209.89494324 14.03407383 -1.03921795 -209.89494324 14.13397503 -0.83211118 -209.89494324 14.29289341 -0.67319256 -209.89494324 14.5 -0.57329214 -213.89494324 15.25881863 -0.53921795 -213.89494324 15 -0.57329214 -213.89494324 14.74118137 -0.67319256 -213.89494324 14.5 -0.83211118 -213.89494324 14.29289341 -1.03921795 -213.89494324 14.13397503 -1.28039885 -213.89494324 14.03407383 -1.53921795 -213.89494324 14 -1.79803705 -213.89494324 14.03407383 -2.03921795 -213.89494324 14.13397503 -2.24632478 -213.89494324 14.29289341 -2.4052434 -213.89494324 14.5 -2.50514388 -213.89494324 14.74118137 -2.53921795 -213.89494324 15 -2.50514388 -213.89494324 15.25881863 -2.4052434 -213.89494324 15.5 -2.24632478 -213.89494324 15.70710659 -2.03921795 -213.89494324 15.86602497 -1.79803705 -213.89494324 15.96592617 -1.53921795 -213.89494324 16 -1.28039885 -213.89494324 15.96592617 -1.03921795 -213.89494324 15.86602497 -0.83211118 -213.89494324 15.70710659 -0.67319256 -213.89494324 15.5 1.38556576 -201.89494324 15.66756248 -4.46400166 -201.89494324 15.66756248 1.46078205 -201.89494324 15 -4.53921795 -201.89494324 15 1.38556576 -201.89494324 14.33243752 -4.46400166 -201.89494324 14.33243752 1.16368866 -201.89494324 13.698349 -4.24212456 -201.89494324 13.698349 0.8062765 -201.89494324 13.12953091 -3.88471246 -201.89494324 13.12953091 0.33125144 -201.89494324 12.65450573 -3.40968728 -201.89494324 12.65450573 -0.23756674 -201.89494324 12.29709339 -2.84086919 -201.89494324 12.29709339 -0.87165517 -201.89494324 12.07521629 -2.20678067 -201.89494324 12.07521629 -1.53921795 -201.89494324 12 -4.24212456 -201.89494324 16.301651 1.16368866 -201.89494324 16.301651 -3.88471246 -201.89494324 16.87047005 0.8062765 -201.89494324 16.87047005 -3.40968728 -201.89494324 17.34549522 0.33125144 -201.89494324 17.34549522 -2.84086919 -201.89494324 17.70290565 -0.23756674 -201.89494324 17.70290565 -2.20678067 -201.89494324 17.92478371 -0.87165517 -201.89494324 17.92478371 -1.53921795 -201.89494324 18 5.63352156 -197.89494324 13.94439125 5.71078205 -197.89494324 15 5.63352156 -197.89494324 16.05560875 5.40338659 -197.89494324 12.91128159 5.02528191 -197.89494324 11.92268848 4.50726604 -197.89494324 10.99968433 3.86038041 -197.89494324 10.16193867 3.09841156 -197.89494324 9.42730808 2.23759961 -197.89494324 8.81145 1.29629123 -197.89494324 8.32748985 0.29454908 -197.89494324 7.98574305 -0.74627668 -197.89494324 7.79349279 -1.80400264 -197.89494324 7.75483704 -2.85608506 -197.89494324 7.87059879 -3.88010097 -197.89494324 8.13831139 -4.85422468 -197.89494324 8.55226898 -5.7576952 -197.89494324 9.10364914 -6.57125568 -197.89494324 9.78069973 -7.27756739 -197.89494324 10.56899071 -7.86157608 -197.89494324 11.45172024 -8.31083488 -197.89494324 12.41007614 -8.61576843 -197.89494324 13.42363167 -8.76987743 -197.89494324 14.47078419 -8.76987743 -197.89494324 15.52921581 -8.61576843 -197.89494324 16.57636833 -8.31083488 -197.89494324 17.58992386 -7.86157608 -197.89494324 18.54827881 -7.27756739 -197.89494324 19.43100929 -6.57125568 -197.89494324 20.21929932 -5.7576952 -197.89494324 20.89635086 -4.85422468 -197.89494324 21.44773102 -3.88010097 -197.89494324 21.86168861 -2.85608506 -197.89494324 22.12940025 -1.80400264 -197.89494324 22.24516296 -0.74627668 -197.89494324 22.20650673 0.29454908 -197.89494324 22.01425743 1.29629123 -197.89494324 21.67251015 2.23759961 -197.89494324 21.18854904 3.09841156 -197.89494324 20.57269096 3.86038041 -197.89494324 19.83806229 4.50726604 -197.89494324 19.00031662 5.02528191 -197.89494324 18.07731056 5.40338659 -197.89494324 17.08871841 5.71078205 -187.89494324 15 5.63352156 -187.89494324 16.05560875 5.40338659 -187.89494324 17.08871841 5.02528191 -187.89494324 18.07731056 4.50726604 -187.89494324 19.00031662 3.86038041 -187.89494324 19.83806229 3.09841156 -187.89494324 20.57269096 2.23759961 -187.89494324 21.18854904 1.29629123 -187.89494324 21.67251015 0.29454908 -187.89494324 22.01425743 -0.74627668 -187.89494324 22.20650673 -1.80400264 -187.89494324 22.24516296 -2.85608506 -187.89494324 22.12940025 -3.88010097 -187.89494324 21.86168861 -4.85422468 -187.89494324 21.44773102 -5.7576952 -187.89494324 20.89635086 -6.57125568 -187.89494324 20.21929932 -7.27756739 -187.89494324 19.43100929 -7.86157608 -187.89494324 18.54827881 -8.31083488 -187.89494324 17.58992386 -8.61576843 -187.89494324 16.57636833 -8.76987743 -187.89494324 15.52921581 -8.76987743 -187.89494324 14.47078419 -8.61576843 -187.89494324 13.42363167 -8.31083488 -187.89494324 12.41007614 -7.86157608 -187.89494324 11.45172024 -7.27756739 -187.89494324 10.56899071 -6.57125568 -187.89494324 9.78069973 -5.7576952 -187.89494324 9.10364914 -4.85422468 -187.89494324 8.55226898 -3.88010097 -187.89494324 8.13831139 -2.85608506 -187.89494324 7.87059879 -1.80400264 -187.89494324 7.75483704 -0.74627668 -187.89494324 7.79349279 0.29454908 -187.89494324 7.98574305 1.29629123 -187.89494324 8.32748985 2.23759961 -187.89494324 8.81145 3.09841156 -187.89494324 9.42730808 3.86038041 -187.89494324 10.16193867 4.50726604 -187.89494324 10.99968433 5.02528191 -187.89494324 11.92268848 5.40338659 -187.89494324 12.91128159 5.63352156 -187.89494324 13.94439125 0.96078205 -187.89494324 15 0.88223994 -187.89494324 14.37827492 0.65154874 -187.89494324 13.79561615 0.28320363 -187.89494324 13.28863239 -0.19965096 -187.89494324 12.88918018 -0.76667547 -187.89494324 12.62235832 -1.38224161 -187.89494324 12.50493336 -2.00767112 -187.89494324 12.54428196 -2.60366607 -187.89494324 12.73793221 -3.13277793 -187.89494324 13.07371712 -3.56176043 -187.89494324 13.53053665 -3.86365914 -187.89494324 14.07968903 -4.01950455 -187.89494324 14.68666649 -4.01950455 -187.89494324 15.31333351 -3.86365914 -187.89494324 15.92031097 -3.56176043 -187.89494324 16.46946335 -3.13277793 -187.89494324 16.92628288 -2.60366607 -187.89494324 17.26206779 -2.00767112 -187.89494324 17.45571899 -1.38224161 -187.89494324 17.4950676 -0.76667547 -187.89494324 17.37764168 -0.19965096 -187.89494324 17.11081886 0.28320363 -187.89494324 16.71136856 0.65154874 -187.89494324 16.20438385 0.88223994 -187.89494324 15.62172508 0.94106883 -175.09495544 14.68666649 0.94106883 -175.09495544 15.31333351 0.78522325 -175.09495544 15.92031097 0.48332453 -175.09495544 16.46946335 0.05434202 -175.09495544 16.92628288 -0.47476971 -175.09495544 17.26206779 -1.07076466 -175.09495544 17.45571899 -1.69619429 -175.09495544 17.4950676 -2.31176043 -175.09495544 17.37764168 -2.87878489 -175.09495544 17.11081886 -3.3616395 -175.09495544 16.71136856 -3.72998476 -175.09495544 16.20438385 -3.96067595 -175.09495544 15.62172508 -4.03921795 -175.09495544 15 -3.96067595 -175.09495544 14.37827492 -3.72998476 -175.09495544 13.79561615 -3.3616395 -175.09495544 13.28863239 -2.87878489 -175.09495544 12.88918018 -2.31176043 -175.09495544 12.62235832 -1.69619429 -175.09495544 12.50493336 -1.07076466 -175.09495544 12.54428196 -0.47476971 -175.09495544 12.73793221 0.05434202 -175.09495544 13.07371712 0.48332453 -175.09495544 13.53053665 0.78522325 -175.09495544 14.07968903 0.88223994 -123.89495087 15.62172508 0.94106883 -136.69494629 15.31333351 0.96078205 -123.89495087 15 0.94106883 -136.69494629 14.68666649 0.88223994 -123.89495087 14.37827492 0.78522325 -136.69494629 14.07968903 0.65154874 -123.89495087 13.79561615 0.48332453 -136.69494629 13.53053665 0.28320363 -123.89495087 13.28863239 0.05434202 -136.69494629 13.07371712 -0.19965096 -123.89495087 12.88918018 -0.47476971 -136.69494629 12.73793221 -0.76667547 -123.89495087 12.62235832 -1.07076466 -136.69494629 12.54428196 -1.38224161 -123.89495087 12.50493336 -1.69619429 -136.69494629 12.50493336 -2.00767112 -123.89495087 12.54428196 -2.31176043 -136.69494629 12.62235832 -2.60366607 -123.89495087 12.73793221 -2.87878489 -136.69494629 12.88918018 -3.13277793 -123.89495087 13.07371712 -3.3616395 -136.69494629 13.28863239 -3.56176043 -123.89495087 13.53053665 -3.72998476 -136.69494629 13.79561615 -3.86365914 -123.89495087 14.07968903 -3.96067595 -136.69494629 14.37827492 -4.01950455 -123.89495087 14.68666649 -4.03921795 -136.69494629 15 -4.01950455 -123.89495087 15.31333351 -3.96067595 -136.69494629 15.62172508 -3.86365914 -123.89495087 15.92031097 -3.72998476 -136.69494629 16.20438385 -3.56176043 -123.89495087 16.46946335 -3.3616395 -136.69494629 16.71136856 -3.13277793 -123.89495087 16.92628288 -2.87878489 -136.69494629 17.11081886 -2.60366607 -123.89495087 17.26206779 -2.31176043 -136.69494629 17.37764168 -2.00767112 -123.89495087 17.45571899 -1.69619429 -136.69494629 17.4950676 -1.38224161 -123.89495087 17.4950676 -1.07076466 -136.69494629 17.45571899 -0.76667547 -123.89495087 17.37764168 -0.47476971 -136.69494629 17.26206779 -0.19965096 -123.89495087 17.11081886 0.05434202 -136.69494629 16.92628288 0.28320363 -123.89495087 16.71136856 0.48332453 -136.69494629 16.46946335 0.65154874 -123.89495087 16.20438385 0.78522325 -136.69494629 15.92031097 -4.03921795 -162.29495239 15 -3.96067595 -162.29495239 14.37827492 -3.72998476 -162.29495239 13.79561615 -3.3616395 -162.29495239 13.28863239 -2.87878489 -162.29495239 12.88918018 -2.31176043 -162.29495239 12.62235832 -1.69619429 -162.29495239 12.50493336 -1.07076466 -162.29495239 12.54428196 -0.47476971 -162.29495239 12.73793221 0.05434202 -162.29495239 13.07371712 0.48332453 -162.29495239 13.53053665 0.78522325 -162.29495239 14.07968903 0.94106883 -162.29495239 14.68666649 0.94106883 -162.29495239 15.31333351 0.78522325 -162.29495239 15.92031097 0.48332453 -162.29495239 16.46946335 0.05434202 -162.29495239 16.92628288 -0.47476971 -162.29495239 17.26206779 -1.07076466 -162.29495239 17.45571899 -1.69619429 -162.29495239 17.4950676 -2.31176043 -162.29495239 17.37764168 -2.87878489 -162.29495239 17.11081886 -3.3616395 -162.29495239 16.71136856 -3.72998476 -162.29495239 16.20438385 -3.96067595 -162.29495239 15.62172508 -4.03921795 -149.49494934 15 -3.96067595 -149.49494934 14.37827492 -3.72998476 -149.49494934 13.79561615 -3.3616395 -149.49494934 13.28863239 -2.87878489 -149.49494934 12.88918018 -2.31176043 -149.49494934 12.62235832 -1.69619429 -149.49494934 12.50493336 -1.07076466 -149.49494934 12.54428196 -0.47476971 -149.49494934 12.73793221 0.05434202 -149.49494934 13.07371712 0.48332453 -149.49494934 13.53053665 0.78522325 -149.49494934 14.07968903 0.94106883 -149.49494934 14.68666649 0.94106883 -149.49494934 15.31333351 0.78522325 -149.49494934 15.92031097 0.48332453 -149.49494934 16.46946335 0.05434202 -149.49494934 16.92628288 -0.47476971 -149.49494934 17.26206779 -1.07076466 -149.49494934 17.45571899 -1.69619429 -149.49494934 17.4950676 -2.31176043 -149.49494934 17.37764168 -2.87878489 -149.49494934 17.11081886 -3.3616395 -149.49494934 16.71136856 -3.72998476 -149.49494934 16.20438385 -3.96067595 -149.49494934 15.62172508 7.38047934 -123.89495087 13.80041695 7.46078205 -123.89495087 15 7.38047934 -123.89495087 16.19958305 6.74663115 -123.89495087 11.48649693 7.14100456 -123.89495087 12.62224102 5.52397633 -123.89495087 9.42225075 6.20439625 -123.89495087 10.41345024 3.79939985 -123.89495087 7.75436974 4.71751404 -123.89495087 8.5305872 2.78601789 -123.89495087 7.10745049 1.69545197 -123.89495087 6.60137463 0.54716343 -123.89495087 6.24517202 -0.63835675 -123.89495087 6.04519987 -1.83995271 -123.89495087 6.00502586 -3.03618217 -123.89495087 6.12536764 -4.20569801 -123.89495087 6.40407753 -5.327631 -123.89495087 6.83618164 -6.38195896 -123.89495087 7.41396952 -7.34986877 -123.89495087 8.12713051 -8.21408653 -123.89495087 8.96293736 -8.95919228 -123.89495087 9.90647602 -9.57188702 -123.89495087 10.94090939 -10.04123974 -123.89495087 12.04777622 -10.35887337 -123.89495087 13.20732594 -10.51912022 -123.89495087 14.39886665 -10.51912022 -123.89495087 15.60113335 -10.35887337 -123.89495087 16.79267311 -10.04123974 -123.89495087 17.95222282 -9.57188702 -123.89495087 19.05909157 -8.95919228 -123.89495087 20.09352303 -8.21408653 -123.89495087 21.03706169 -7.34986877 -123.89495087 21.87286949 -6.38195896 -123.89495087 22.58603096 -5.327631 -123.89495087 23.16381836 -4.20569801 -123.89495087 23.59592247 -3.03618217 -123.89495087 23.87463188 -1.83995271 -123.89495087 23.99497414 -0.63835675 -123.89495087 23.95479965 0.54716343 -123.89495087 23.7548275 1.69545197 -123.89495087 23.39862633 2.78601789 -123.89495087 22.89254951 3.79939985 -123.89495087 22.24563026 4.71751404 -123.89495087 21.46941376 5.52397633 -123.89495087 20.57774925 6.20439625 -123.89495087 19.58654976 6.74663115 -123.89495087 18.51350403 7.14100456 -123.89495087 17.37775803 7.46078205 -121.39495087 15 7.38047934 -121.39495087 16.19958305 7.14100456 -121.39495087 17.37775803 6.74663115 -121.39495087 18.51350403 6.20439625 -121.39495087 19.58654976 5.52397633 -121.39495087 20.57774925 4.71751404 -121.39495087 21.46941376 3.79939985 -121.39495087 22.24563026 2.78601789 -121.39495087 22.89254951 1.69545197 -121.39495087 23.39862633 0.54716343 -121.39495087 23.7548275 -0.63835675 -121.39495087 23.95479965 -1.83995271 -121.39495087 23.99497414 -3.03618217 -121.39495087 23.87463188 -4.20569801 -121.39495087 23.59592247 -5.327631 -121.39495087 23.16381836 -6.38195896 -121.39495087 22.58603096 -7.34986877 -121.39495087 21.87286949 -8.21408653 -121.39495087 21.03706169 -8.95919228 -121.39495087 20.09352303 -9.57188702 -121.39495087 19.05909157 -10.04123974 -121.39495087 17.95222282 -10.35887337 -121.39495087 16.79267311 -10.51912022 -121.39495087 15.60113335 -10.51912022 -121.39495087 14.39886665 -10.35887337 -121.39495087 13.20732594 -10.04123974 -121.39495087 12.04777622 -9.57188702 -121.39495087 10.94090939 -8.95919228 -121.39495087 9.90647602 -8.21408653 -121.39495087 8.96293736 -7.34986877 -121.39495087 8.12713051 -6.38195896 -121.39495087 7.41396952 -5.327631 -121.39495087 6.83618164 -4.20569801 -121.39495087 6.40407753 -3.03618217 -121.39495087 6.12536764 -1.83995271 -121.39495087 6.00502586 -0.63835675 -121.39495087 6.04519987 0.54716343 -121.39495087 6.24517202 1.69545197 -121.39495087 6.60137463 2.78601789 -121.39495087 7.10745049 3.79939985 -121.39495087 7.75436974 4.71751404 -121.39495087 8.5305872 5.52397633 -121.39495087 9.42225075 6.20439625 -121.39495087 10.41345024 6.74663115 -121.39495087 11.48649693 7.14100456 -121.39495087 12.62224102 7.38047934 -121.39495087 13.80041695 -2.53921795 -181.89494324 6.05572796 -2.53921795 -181.89494324 7.01235342 -2.53921795 -201.89494324 6.05572796 -2.53921795 -201.89494324 7.01235342 -0.53921795 -201.89494324 6.05572796 -0.53921795 -201.89494324 7.01235342 -0.53921795 -181.89494324 6.05572796 -0.53921795 -181.89494324 7.01235342 0.62711781 -181.89494324 6.26461267 0.5681659 -181.89494324 7.23073769 1.75590456 -181.89494324 6.62490797 1.63411939 -181.89494324 7.60186291 2.82757688 -181.89494324 7.13036823 2.63768649 -181.89494324 8.118433 3.82355976 -181.89494324 7.77223301 3.55913711 -181.89494324 8.77029133 4.72658968 -181.89494324 8.53937626 4.38035631 -181.89494324 9.54462242 5.52101421 -181.89494324 9.41850185 5.08519888 -181.89494324 10.42620564 6.19306374 -181.89494324 10.39437103 5.65980864 -181.89494324 11.39770699 6.73109007 -181.89494324 11.45007038 6.09288788 -181.89494324 12.44002724 7.12576723 -181.89494324 12.56729984 6.37592316 -181.89494324 13.5326767 7.37025404 -181.89494324 13.72669506 6.50335026 -181.89494324 14.6541729 7.46031332 -181.89494324 14.90816116 6.4726634 -181.89494324 15.78246689 7.39438391 -181.89494324 16.09121895 6.28446627 -181.89494324 16.89537811 7.1736083 -181.89494324 17.25536156 5.94245911 -181.89494324 17.97102928 6.8018136 -181.89494324 18.38041306 5.45336485 -181.89494324 18.9882679 6.28544378 -181.89494324 19.44687271 5.63344908 -181.89494324 20.43625259 4.82679939 -181.89494324 19.92710114 4.85713053 -181.89494324 21.33140755 4.07508039 -181.89494324 20.76906967 3.96994448 -181.89494324 22.11681938 3.21298671 -181.89494324 21.49761963 2.98726821 -181.89494324 22.77887726 2.25746655 -181.89494324 22.09842873 1.92613411 -181.89494324 23.30610275 1.22730517 -181.89494324 22.55968666 0.80493534 -181.89494324 23.68935776 0.14275506 -181.89494324 22.87232208 -0.35689473 -181.89494324 23.92200089 -0.97486192 -181.89494324 23.03019333 -1.53921795 -181.89494324 24 -2.10357404 -181.89494324 23.03019333 -2.72154117 -181.89494324 23.92200089 -3.22119093 -181.89494324 22.87232208 -3.88337111 -181.89494324 23.68935776 -4.30574083 -181.89494324 22.55968666 -5.00457001 -181.89494324 23.30610275 -5.33590221 -181.89494324 22.09842873 -6.06570387 -181.89494324 22.77887726 -6.29142237 -181.89494324 21.49761963 -7.04838037 -181.89494324 22.11681938 -7.15351629 -181.89494324 20.76906967 -7.93556643 -181.89494324 21.33140755 -7.90523529 -181.89494324 19.92710114 -8.7118845 -181.89494324 20.43625259 -8.53180027 -181.89494324 18.9882679 -9.3638792 -181.89494324 19.44687271 -9.88024902 -181.89494324 18.38041306 -9.020895 -181.89494324 17.97102928 -10.25204468 -181.89494324 17.25536156 -9.36290264 -181.89494324 16.89537811 -10.47282028 -181.89494324 16.09121895 -9.55109978 -181.89494324 15.78246689 -10.53874969 -181.89494324 14.90816116 -9.58178616 -181.89494324 14.6541729 -10.44869041 -181.89494324 13.72669506 -9.45435905 -181.89494324 13.5326767 -10.20420361 -181.89494324 12.56729984 -9.17132378 -181.89494324 12.44002724 -9.80952644 -181.89494324 11.45007038 -8.73824406 -181.89494324 11.39770699 -9.27149963 -181.89494324 10.39437103 -8.16363525 -181.89494324 10.42620564 -8.59945011 -181.89494324 9.41850185 -7.45879221 -181.89494324 9.54462242 -7.80502558 -181.89494324 8.53937626 -6.63757324 -181.89494324 8.77029133 -6.90199566 -181.89494324 7.77223301 -5.71612215 -181.89494324 8.118433 -5.90601301 -181.89494324 7.13036823 -4.71255541 -181.89494324 7.60186291 -4.83434057 -181.89494324 6.62490797 -3.64660168 -181.89494324 7.23073769 -3.70555377 -181.89494324 6.26461267 0.5681659 -201.89494324 7.23073769 1.63411939 -201.89494324 7.60186291 2.63768649 -201.89494324 8.118433 3.55913711 -201.89494324 8.77029133 4.38035631 -201.89494324 9.54462242 5.08519888 -201.89494324 10.42620564 5.65980864 -201.89494324 11.39770699 6.09288788 -201.89494324 12.44002724 6.37592316 -201.89494324 13.5326767 6.50335026 -201.89494324 14.6541729 6.4726634 -201.89494324 15.78246689 6.28446627 -201.89494324 16.89537811 5.94245911 -201.89494324 17.97102928 5.45336485 -201.89494324 18.9882679 4.82679939 -201.89494324 19.92710114 4.07508039 -201.89494324 20.76906967 3.21298671 -201.89494324 21.49761963 2.25746655 -201.89494324 22.09842873 1.22730517 -201.89494324 22.55968666 0.14275506 -201.89494324 22.87232208 -0.97486192 -201.89494324 23.03019333 -2.10357404 -201.89494324 23.03019333 -3.22119093 -201.89494324 22.87232208 -4.30574083 -201.89494324 22.55968666 -5.33590221 -201.89494324 22.09842873 -6.29142237 -201.89494324 21.49761963 -7.15351629 -201.89494324 20.76906967 -7.90523529 -201.89494324 19.92710114 -8.53180027 -201.89494324 18.9882679 -9.020895 -201.89494324 17.97102928 -9.36290264 -201.89494324 16.89537811 -9.55109978 -201.89494324 15.78246689 -9.58178616 -201.89494324 14.6541729 -9.45435905 -201.89494324 13.5326767 -9.17132378 -201.89494324 12.44002724 -8.73824406 -201.89494324 11.39770699 -8.16363525 -201.89494324 10.42620564 -7.45879221 -201.89494324 9.54462242 -6.63757324 -201.89494324 8.77029133 -5.71612215 -201.89494324 8.118433 -4.71255541 -201.89494324 7.60186291 -3.64660168 -201.89494324 7.23073769 0.62711781 -201.89494324 6.26461267 1.75590456 -201.89494324 6.62490797 2.82757688 -201.89494324 7.13036823 3.82355976 -201.89494324 7.77223301 4.72658968 -201.89494324 8.53937626 5.52101421 -201.89494324 9.41850185 6.19306374 -201.89494324 10.39437103 6.73109007 -201.89494324 11.45007038 7.12576723 -201.89494324 12.56729984 7.37025404 -201.89494324 13.72669506 7.46031332 -201.89494324 14.90816116 7.39438391 -201.89494324 16.09121895 7.1736083 -201.89494324 17.25536156 6.8018136 -201.89494324 18.38041306 6.28544378 -201.89494324 19.44687271 5.63344908 -201.89494324 20.43625259 4.85713053 -201.89494324 21.33140755 3.96994448 -201.89494324 22.11681938 2.98726821 -201.89494324 22.77887726 1.92613411 -201.89494324 23.30610275 0.80493534 -201.89494324 23.68935776 -0.35689473 -201.89494324 23.92200089 -1.53921795 -201.89494324 24 -2.72154117 -201.89494324 23.92200089 -3.88337111 -201.89494324 23.68935776 -5.00457001 -201.89494324 23.30610275 -6.06570387 -201.89494324 22.77887726 -7.04838037 -201.89494324 22.11681938 -7.93556643 -201.89494324 21.33140755 -8.7118845 -201.89494324 20.43625259 -9.3638792 -201.89494324 19.44687271 -9.88024902 -201.89494324 18.38041306 -10.25204468 -201.89494324 17.25536156 -10.47282028 -201.89494324 16.09121895 -10.53874969 -201.89494324 14.90816116 -10.44869041 -201.89494324 13.72669506 -10.20420361 -201.89494324 12.56729984 -9.80952644 -201.89494324 11.45007038 -9.27149963 -201.89494324 10.39437103 -8.59945011 -201.89494324 9.41850185 -7.80502558 -201.89494324 8.53937626 -6.90199566 -201.89494324 7.77223301 -5.90601301 -201.89494324 7.13036823 -4.83434057 -201.89494324 6.62490797 -3.70555377 -201.89494324 6.26461267</float_array>
          <technique_common>
            <accessor source="#pos_0-array" count="5556" stride="3">
              <param name="X" type="float"/>
              <param name="Y" type="float"/>
              <param name="Z" type="float"/>
            </accessor>
          </technique_common>
        </source>
        <source id="norm_0">
          <float_array id="norm_0-array" count="5460">-0.99144 -0.13053 -0 -0.99144 0.13053 0 -0.92388 0.38268 0 -0.79335 0.60876 0 -0.60876 0.79335 0 -0.60876 0.79335 0 -0.38268 0.92388 0 -0.38268 0.92388 0 -0.13053 0.99144 0 0.13053 0.99144 0 0.13053 0.99144 -0 0.38268 0.92388 -0 0.38268 0.92388 -0 0.60876 0.79335 -0 0.60876 0.79335 0 0.79335 0.60876 0 0.92388 0.38268 0 0.99144 0.13053 0 0.99144 -0.13053 0 0.92388 -0.38268 0 0.79335 -0.60876 0 0.60876 -0.79335 0 0.60876 -0.79335 0 0.38268 -0.92388 0 0.38268 -0.92388 0 0.13053 -0.99144 0 0.13053 -0.99144 0 -0.13053 -0.99144 -0 -0.38268 -0.92388 -0 -0.38268 -0.92388 -0 -0.60876 -0.79335 -0 -0.60876 -0.79335 -0 -0.79335 -0.60876 -0 -0.92388 -0.38268 -0 -0.60876 0.79335 0 -0.38268 0.92388 0 0.60876 0.79335 -0 0.13053 -0.99144 0 -0.99144 -0.13053 -0 -0.92388 0.38268 0 -0.79335 0.60876 0 -0.60876 0.79335 0 -0.38268 0.92388 0 -0.38268 0.92388 0 -0.13053 0.99144 0 0.13053 0.99144 -0 0.38268 0.92388 -0 0.60876 0.79335 -0 0.60876 0.79335 -0 0.79335 0.60876 -0 0.99144 -0.13053 0 0.92388 -0.38268 0 0.92388 -0.38268 0 0.79335 -0.60876 0 0.79335 -0.60876 -0 0.60876 -0.79335 -0 0.60876 -0.79335 0 0.38268 -0.92388 0 0.38268 -0.92388 0 0.13053 -0.99144 0 -0.13053 -0.99144 -0 -0.38268 -0.92388 -0 -0.38268 -0.92388 -0 -0.60876 -0.79335 -0 -0.79335 -0.60876 -0 -0.92388 -0.38268 -0 -0.92388 -0.38268 -0 0.99518 -0.09802 0 0.99518 0.09802 0 0.95694 0.29028 0 0.95694 0.29028 -0 0.88192 0.4714 -0 0.88192 0.4714 0 0.77301 0.63439 0 0.63439 0.77301 0 0.4714 0.88192 0 0.4714 0.88192 0 0.29028 0.95694 0 0.29028 0.95694 0 0.09802 0.99518 0 0.09802 0.99518 0 -0.09802 0.99518 0 -0.09802 0.99518 0 -0.29028 0.95694 0 -0.29028 0.95694 0 -0.4714 0.88192 0 -0.4714 0.88192 0 -0.63439 0.77301 0 -0.77301 0.63439 0 -0.88192 0.4714 0 -0.95694 0.29028 0 -0.99518 0.09802 0 -0.99518 -0.09802 -0 -0.95694 -0.29028 -0 -0.88192 -0.4714 -0 -0.77301 -0.63439 -0 -0.63439 -0.77301 -0 -0.4714 -0.88192 -0 -0.4714 -0.88192 -0 -0.29028 -0.95694 -0 -0.29028 -0.95694 -0 -0.09802 -0.99518 -0 -0.09802 -0.99518 -0 0.09802 -0.99518 0 0.09802 -0.99518 -0 0.29028 -0.95694 -0 0.29028 -0.95694 -0 0.4714 -0.88192 -0 0.4714 -0.88192 0 0.63439 -0.77301 0 0.77301 -0.63439 0 0.88192 -0.4714 0 0.88192 -0.4714 0 0.95694 -0.29028 0 0.95694 -0.29028 0 -0 0 1 1 -0 0 -1 0 0 0 1 0 0 1 -0 0 1 0 0 1 -0 1 -0 -0 1 -0 -0 -1 0 0 0 1 -0 0 1 0 0 1 -0 0 1 0 0 1 0 0 1 0 0 0 -1 -0 -1 -0 -0 -1 0 -0 -1 -0 0 1 -0 -0 -1 -0 -0 -1 0 -0 -1 0 -0 -1 0 -0 -1 0 -1 0 -0 -1 0 0 -1 0 0 -1 0 0 -1 0 0 0 1 -0 -1 0 0 -1 0 0 -1 0 0 -1 0 0 -0 -1 -0 -0 -1 0 -1 0 -0 -1 0 0 -1 0 0 -1 -0 -0 1 -0 -0 1 -0 -0 1 -0 -0 1 0 0 -0 -1 -0 1 -0 0 1 -0 -0 1 -0 -0 1 -0 0 1 -0 -0 1 -0 -0 1 -0 0 0.60876 -0.79335 -0 0.38268 -0.92388 -0 0.38268 -0.92388 0 -0.13053 -0.99144 -0 -0.38268 -0.92388 0 -0.60876 -0.79335 0 -0.92388 -0.38268 0 -0.99144 -0.13053 0 -0.99144 0.13053 -0 -0.92388 0.38268 -0 -0.60876 0.79335 -0 -0.38268 0.92388 -0 -0.13053 0.99144 0 0.38268 0.92388 0 0.38268 0.92388 0 0.60876 0.79335 0 0.60876 -0.79335 -0 0.38268 -0.92388 -0 -0.38268 -0.92388 0 -0.60876 -0.79335 0 -0.99144 0.13053 -0 -0.92388 0.38268 -0 -0.60876 0.79335 -0 -0.38268 0.92388 -0 -0.13053 0.99144 0 0.38268 -0.92388 0 0.13053 -0.99144 0 -0.60876 0.79335 0 -0.38268 0.92388 0 0.38268 0.92388 -0 0.60876 0.79335 -0 0.13053 0.99144 -0 -0.60876 -0.79335 -0 -0.38268 -0.92388 -0 0.38268 -0.92388 0 0.60876 -0.79335 0 0.13053 -0.99144 0 0.38268 0.92388 -0 0.60876 0.79335 -0 0.60876 -0.79335 0 -0.60876 0.79335 0 -0.38268 0.92388 0 -0.60876 -0.79335 -0 -0.38268 -0.92388 -0 -0 -1 0 -0 -1 0 -0 -1 0 -0 -1 -0 -0 -1 -0 -0 -1 0 -0 -1 -0 -0 -1 -0 -0 -1 0 -0 -1 -0 -0 -1 -0 -0 -1 -0 -0 -1 -0 -0 -1 0 -0 -1 0 -0 -1 0 -0 -1 0 -0 -1 0 -0 -1 -0 -0 -1 0 -0 -1 0 -0 -1 -0 -0 -1 0 -0 -1 -0 -0 -1 -0 -0 -1 -0 -1 0 0 0 1 0 0 1 0 0 1 0 0 1 -0 0 1 0 0 1 0 0 1 -0 0 1 -0 0 1 0 0 1 -0 0 1 -0 0 1 -0 0 1 -0 0 1 -0 0 1 0 0 1 0 0 1 0 0 1 0 0 1 -0 0 1 0 0 1 0 0 1 -0 0 1 0 0 1 -0 0 1 -0 0 1 -0 -0.99786 0 0.0654 -0.98079 0 0.19509 -0.94693 0 0.32144 -0.89687 0 0.44229 -0.89687 0 0.44229 -0.83147 0 0.55557 -0.75184 0 0.65935 -0.65935 0 0.75184 -0.65935 0 0.75184 -0.55557 0 0.83147 -0.44229 0 0.89687 -0.32144 0 0.94693 -0.19509 0 0.98079 -0.0654 0 0.99786 -0.0654 0 0.99786 0.0654 -0 0.99786 0.0654 -0 0.99786 0.19509 -0 0.98079 0.32144 -0 0.94693 0.32144 -0 0.94693 0.44229 -0 0.89687 0.44229 -0 0.89687 0.55557 -0 0.83147 0.65935 -0 0.75184 0.75184 -0 0.65935 0.75184 -0 0.65935 0.83147 -0 0.55557 0.83147 -0 0.55557 0.89687 -0 0.44229 0.89687 -0 0.44229 0.94693 -0 0.32144 0.98079 -0 0.19509 0.99786 -0 0.0654 0.99786 -0 0.0654 0.98079 -0 0.19509 0.94693 -0 0.32144 0.55557 -0 0.83147 0.32144 -0 0.94693 -0.65935 0 0.75184 -0.75184 0 0.65935 -0.83147 0 0.55557 -0.94693 0 0.32144 -0.98079 0 0.19509 -0.99786 0 0.0654 -0 -1 0 -0 -1 0 -0 -1 0 -0 -1 -0 -0 -1 0 -0 -1 -0 -0 -1 -0 -0 -1 -0 -0 -1 0 -0 -1 -0 -0 -1 -0 -0 -1 -0 -0 -1 -0 -0 -1 0 -0 -1 0 -0 -1 0 -0 -1 0 -0 -1 -0 -0 -1 0 -0 -1 0 -0 -1 -0 -0 -1 0 -0 -1 -0 -0 -1 -0 -0 -1 -0 -1 0 0 0 1 0 0 1 -0 0 1 0 0 1 -0 0 1 -0 0 1 0 0 1 -0 0 1 0 0 1 0 0 1 -0 0 1 -0 0 1 -0 0 1 -0 0 1 -0 0 1 0 0 1 0 0 1 0 0 1 -0 0 1 0 0 1 -0 0 1 0 0 1 -0 0 1 -0 0 1 0 0 1 -0 0 1 -0 0 1 0 1 -0 -0 1 -0 0 1 -0 0 -0 -1 -0 0 1 -0 1 -0 -0 1 -0 -0 1 -0 0 1 -0 0 -1 0 0 -1 0 0 -1 0 0 0 -1 0 -0 -0 -1 0 1 -0 0.86229 0.00044 -0.50642 0.84805 -0.00056 -0.52992 0.78572 0.00056 -0.61858 0.76604 -0.00057 -0.64279 0.6924 0.00056 -0.72152 0.66913 -0.00057 -0.74314 0.58571 0.00057 -0.81052 0.55919 -0.00058 -0.82904 0.46771 0.00058 -0.88388 0.43837 -0.00059 -0.89879 0.34068 0.00059 -0.94018 0.30902 -0.0006 -0.95106 0.20707 0.00059 -0.97833 0.17365 -0.0006 -0.98481 0.06947 0.0006 -0.99758 0.0349 -0.00061 -0.99939 -0.06947 0.00061 -0.99758 -0.10453 -0.00062 -0.99452 -0.20707 0.00061 -0.97833 -0.24192 -0.00062 -0.9703 -0.34068 0.00062 -0.94018 -0.37461 -0.00063 -0.92718 -0.46771 0.00062 -0.88388 -0.5 -0.00063 -0.86603 -0.58571 0.00063 -0.81052 -0.61566 -0.00064 -0.78801 -0.6924 0.00064 -0.72152 -0.71934 -0.00065 -0.69466 -0.78572 0.00064 -0.61858 -0.80902 -0.00065 -0.58779 -0.86229 0.00061 -0.50642 -0.88295 -0.00072 -0.46947 -0.92173 0.00066 -0.38783 -0.93969 -0.00076 -0.34202 -0.96496 0.0007 -0.26241 -0.97815 -0.00079 -0.20791 -0.9912 0.00073 -0.13237 -0.99756 -0.00081 -0.06976 -1 0.00073 0 -0.99756 -0.00081 0.06976 -0.9912 0.00073 0.13237 -0.97815 -0.00079 0.20791 -0.96496 0.0007 0.26241 -0.93969 -0.00076 0.34202 -0.92173 0.00066 0.38783 -0.88295 -0.00072 0.46947 -0.86229 0.00061 0.50642 -0.80902 -0.00065 0.58779 -0.78572 0.00064 0.61858 -0.71934 -0.00065 0.69466 -0.6924 0.00064 0.72152 -0.61566 -0.00064 0.78801 -0.58571 0.00063 0.81052 -0.5 -0.00063 0.86603 -0.46771 0.00062 0.88388 -0.37461 -0.00063 0.92718 -0.34068 0.00062 0.94018 -0.24192 -0.00062 0.9703 -0.20707 0.00061 0.97833 -0.10453 -0.00062 0.99452 -0.06947 0.00061 0.99758 0.0349 -0.00061 0.99939 0.06947 0.0006 0.99758 0.17365 -0.0006 0.98481 0.20707 0.00059 0.97833 0.30902 -0.0006 0.95106 0.34068 0.00059 0.94018 0.43837 -0.00059 0.89879 0.46771 0.00058 0.88388 0.55919 -0.00058 0.82904 0.58571 0.00057 0.81052 0.66913 -0.00057 0.74314 0.6924 0.00056 0.72152 0.76604 -0.00057 0.64279 0.78572 0.00056 0.61858 0.84805 -0.00056 0.52992 0.86229 0.00044 0.50642 0.91355 -0.00046 0.40674 0.92173 0.00033 0.38783 0.96126 -0.00035 0.27564 0.96496 0.00021 0.26241 0.99027 -0.00022 0.13917 0.9912 7E-05 0.13237 1 -8E-05 0 0.9912 7E-05 -0.13237 0.99027 -0.00022 -0.13917 0.96496 0.00021 -0.26241 0.96126 -0.00035 -0.27564 0.92173 0.00033 -0.38783 0.91355 -0.00046 -0.40674 0.19423 -0.00042 -0.98096 0.18379 -0 -0.98297 0.17365 0.00245 -0.9848 0.08345 -0.0013 -0.99651 0.07318 -0 -0.99732 0.0349 0.00069 -0.99939 0.00343 -0 -0.99999 0 -0.00053 -1 -0.08345 0.00062 -0.99651 -0.14937 -0 -0.98878 -0.14937 -0 -0.98878 -0.08505 0.00091 -0.99638 -0.10453 -0 -0.99452 -0.19423 -0.00075 -0.98096 -0.24192 0.00074 -0.9703 -0.24192 -0 -0.9703 -0.37461 -0 -0.92718 -0.32949 -0.00074 -0.94416 -0.37461 0.00073 -0.92718 -0.37461 -0 -0.92718 -0.5 -0 -0.86603 -0.45828 -0.00074 -0.88881 -0.5 0.00073 -0.86603 -0.5 -0 -0.86603 -0.61566 -0 -0.78801 -0.57806 -0.00073 -0.81599 -0.61566 0.00072 -0.78801 -0.61566 -0 -0.78801 -0.71934 -0 -0.69466 -0.68648 -0.00073 -0.72715 -0.71934 0.00072 -0.69466 -0.71934 -0 -0.69466 -0.80902 -0 -0.58779 -0.78141 -0.00072 -0.62401 -0.80902 0.00071 -0.58779 -0.80902 -0 -0.58779 -0.88295 -0 -0.46947 -0.86099 -0.00072 -0.50861 -0.88295 0.00071 -0.46947 -0.88295 -0 -0.46947 -0.93969 -0 -0.34202 -0.92366 -0.00071 -0.38322 -0.93969 0.0007 -0.34202 -0.93969 -0 -0.34202 -0.97815 -0 -0.20791 -0.96817 -0.0007 -0.2503 -0.97815 0.00069 -0.20791 -0.97815 -0 -0.20791 -0.99756 -0 -0.06976 -0.99366 -0.0007 -0.11246 -0.99756 0.00069 -0.06976 -0.99756 -0 -0.06976 -0.99756 0 0.06976 -0.99962 -0.00069 0.02759 -0.99756 0.00068 0.06976 -0.99756 0 0.06976 -0.97815 0 0.20791 -0.98594 -0.00069 0.16709 -0.97815 0.00068 0.20791 -0.97815 0 0.20791 -0.93969 0 0.34202 -0.95289 -0.00068 0.30332 -0.93969 0.00067 0.34202 -0.93969 0 0.34202 -0.88295 0 0.46947 -0.90111 -0.00067 0.43358 -0.88295 0.00066 0.46947 -0.88295 0 0.46947 -0.80902 0 0.58779 -0.83163 -0.00067 0.55533 -0.80902 0.00066 0.58779 -0.80902 0 0.58779 -0.71934 0 0.69466 -0.74581 -0.00066 0.66616 -0.71934 0.00065 0.69466 -0.71934 0 0.69466 -0.61566 0 0.78801 -0.64533 -0.00065 0.7639 -0.61566 0.00064 0.78801 -0.61566 0 0.78801 -0.5 0 0.86603 -0.53217 -0.00065 0.84664 -0.5 0.00064 0.86603 -0.5 0 0.86603 -0.37461 0 0.92718 -0.40856 -0.00064 0.91273 -0.37461 0.00063 0.92718 -0.37461 0 0.92718 -0.24192 0 0.9703 -0.27692 -0.00063 0.96089 -0.24192 0.00062 0.9703 -0.24192 0 0.9703 -0.10453 0 0.99452 -0.13983 -0.00062 0.99018 -0.10453 0.00061 0.99452 -0.10453 0 0.99452 0.0349 0 0.99939 0 -0.00062 1 0.0349 0.00061 0.99939 0.0349 0 0.99939 0.17365 0 0.98481 0.13983 -0.00061 0.99018 0.17365 0.0006 0.98481 0.17365 0 0.98481 0.30902 0 0.95106 0.27692 -0.0006 0.96089 0.30902 0.00059 0.95106 0.30902 0 0.95106 0.43837 0 0.89879 0.40856 -0.00059 0.91273 0.43837 0.00058 0.89879 0.43837 0 0.89879 0.55919 0 0.82904 0.53217 -0.00058 0.84664 0.55919 0.00057 0.82904 0.55919 0 0.82904 0.66913 0 0.74314 0.64533 -0.00058 0.7639 0.66913 0.00056 0.74314 0.66913 0 0.74314 0.76604 0 0.64279 0.74581 -0.00057 0.66616 0.76604 0.00056 0.64279 0.76604 0 0.64279 0.84805 0 0.52992 0.83163 -0.00056 0.55533 0.84805 0.00055 0.52992 0.84805 0 0.52992 0.91355 0 0.40674 0.90111 -0.00055 0.43358 0.91355 0.00054 0.40674 0.91355 0 0.40674 0.96126 0 0.27564 0.95289 -0.00054 0.30332 0.96126 0.00053 0.27564 0.96126 0 0.27564 0.99027 0 0.13917 0.98594 -0.00053 0.16709 0.99027 0.00052 0.13917 0.99027 0 0.13917 0.99962 -0.00052 0.02759 1 0.00051 0 0.99027 -0 -0.13917 0.99366 -0.00051 -0.11246 0.99027 0.0005 -0.13917 0.99027 -0 -0.13917 0.96126 -0 -0.27564 0.96817 -0.0005 -0.2503 0.96126 0.00049 -0.27564 0.96126 -0 -0.27564 0.91355 -0 -0.40674 0.92366 -0.00049 -0.38322 0.91355 0.00048 -0.40674 0.91355 -0 -0.40674 0.84805 -0 -0.52992 0.86099 -0.00048 -0.50861 0.84805 0.00047 -0.52992 0.84805 -0 -0.52992 0.76604 -0 -0.64279 0.78142 -0.00047 -0.62401 0.76604 0.00046 -0.64279 0.76604 -0 -0.64279 0.66913 -0 -0.74314 0.68648 -0.00046 -0.72715 0.66913 0.00045 -0.74314 0.66913 -0 -0.74314 0.55919 -0 -0.82904 0.57806 -0.00045 -0.816 0.55919 0.00044 -0.82904 0.55919 -0 -0.82904 0.43837 -0 -0.89879 0.45828 -0.00044 -0.88881 0.43837 0.00043 -0.89879 0.43837 -0 -0.89879 0.30902 -0 -0.95106 0.32949 -0.00043 -0.94416 0.30902 0.00042 -0.95106 0.30902 -0 -0.95106 0.17365 -0 -0.98481 -0.24192 -0 -0.9703 0.17365 -0 -0.98481 0 -1 0 0 -1 0 0 -1 0 0 -1 0 0 -1 0 0 -1 0 -0 -1 0 0 -1 0 -0 -1 0 -0 -1 0 0 -1 0 -0 -1 0 -0 -1 0 -0 -1 0 -0 -1 0 0 -1 0 -0 -1 0 -0.09802 -0 -0.99518 -0.29028 -0 -0.95694 -0.4714 -0 -0.88192 -0.4714 -0 -0.88192 -0.63439 -0 -0.77301 -0.63439 -0 -0.77301 -0.77301 -0 -0.63439 -0.88192 -0 -0.4714 -0.95694 -0 -0.29028 -0.99518 -0 -0.09802 0.99518 -0 -0.09802 0.95694 -0 -0.29028 0.88192 -0 -0.4714 0.77301 -0 -0.63439 0.63439 -0 -0.77301 0.63439 -0 -0.77301 0.4714 -0 -0.88192 0.4714 -0 -0.88192 0.29028 -0 -0.95694 0.09802 -0 -0.99518 0.09802 -0 -0.99518 0.09802 0 0.99518 0.09802 0 0.99518 0.29028 0 0.95694 0.4714 0 0.88192 0.63439 0 0.77301 0.77301 0 0.63439 0.88192 0 0.4714 0.95694 0 0.29028 0.99518 0 0.09802 -0 0 1 -0.99518 0 0.09802 -0.99518 0 0.09802 -0.95694 0 0.29028 -0.95694 0 0.29028 -0.88192 0 0.4714 -0.77301 0 0.63439 -0.63439 0 0.77301 -0.4714 0 0.88192 -0.29028 0 0.95694 -0.09802 0 0.99518 0 1 -0 -0 1 0 -0 1 0 0 1 -0 -0 1 -0 0 1 0 0 1 0 0.99101 -0.02973 -0.13047 0.99101 -0.02973 0.13047 0.92347 -0.02973 0.38251 0.793 -0.02973 0.60849 0.60849 -0.02973 0.793 0.38251 -0.02973 0.92347 0.13047 -0.02973 0.99101 -0.13047 -0.02973 0.99101 -0.38251 -0.02973 0.92347 -0.60849 -0.02973 0.793 -0.793 -0.02973 0.60849 -0.92347 -0.02973 0.38251 -0.99101 -0.02973 0.13047 -0.99101 -0.02973 -0.13047 -0.92347 -0.02973 -0.38251 -0.793 -0.02973 -0.60849 -0.60849 -0.02973 -0.793 -0.38251 -0.02973 -0.92347 -0.13047 -0.02973 -0.99101 0.13047 -0.02973 -0.99101 0.38251 -0.02973 -0.92347 0.60849 -0.02973 -0.793 0.793 -0.02973 -0.60849 0.92347 -0.02973 -0.38251 0.71827 -0.68931 -0.09456 0.7207 -0.68843 -0.08157 0.72586 -0.68755 0.02003 0.70307 -0.6875 -0.18176 0.66979 -0.68877 -0.27744 0.66966 -0.68874 -0.27784 0.62524 -0.6875 -0.36935 0.57473 -0.68934 -0.44101 0.56678 -0.68841 -0.45261 0.49847 -0.68756 -0.528 0.44078 -0.68974 -0.57444 0.41943 -0.68813 -0.59208 0.33272 -0.68766 -0.6453 0.27701 -0.68995 -0.66875 0.23915 -0.6879 -0.68528 0.14099 -0.68782 -0.71206 0.09448 -0.68999 -0.71763 0.0605 -0.68882 -0.72241 -0 -0.68831 -0.72542 -0.0605 -0.68882 -0.72241 -0.09448 -0.68999 -0.71763 -0.14099 -0.68782 -0.71206 -0.23915 -0.6879 -0.68528 -0.27701 -0.68995 -0.66875 -0.33272 -0.68766 -0.6453 -0.41943 -0.68813 -0.59208 -0.44078 -0.68974 -0.57444 -0.49847 -0.68756 -0.528 -0.56678 -0.68841 -0.45261 -0.57473 -0.68934 -0.44101 -0.62524 -0.6875 -0.36935 -0.66966 -0.68874 -0.27784 -0.66979 -0.68877 -0.27744 -0.70307 -0.6875 -0.18176 -0.71827 -0.68931 -0.09456 -0.7207 -0.68843 -0.08157 -0.72586 -0.68755 0.02003 -0.71788 -0.68972 0.09451 -0.71537 -0.68814 0.12124 -0.69183 -0.68765 0.22022 -0.66876 -0.68994 0.27701 -0.65402 -0.68791 0.31469 -0.60368 -0.68781 0.40311 -0.57424 -0.68999 0.44063 -0.54143 -0.68773 0.48361 -0.46832 -0.68801 0.55436 -0.44071 -0.68986 0.57434 -0.38641 -0.6876 0.61473 -0.29639 -0.68827 0.66215 -0.27715 -0.68955 0.66911 -0.20109 -0.68752 0.69777 -0.1014 -0.68858 0.71804 -0.09459 -0.68906 0.7185 0 -0.6875 0.72619 0.09459 -0.68906 0.7185 0.1014 -0.68858 0.71804 0.20109 -0.68752 0.69777 0.27715 -0.68955 0.66911 0.29639 -0.68827 0.66215 0.38641 -0.6876 0.61473 0.44071 -0.68986 0.57434 0.46832 -0.68801 0.55436 0.54143 -0.68773 0.48361 0.57424 -0.68999 0.44063 0.60368 -0.68781 0.40311 0.65402 -0.68791 0.31469 0.66876 -0.68994 0.27701 0.69183 -0.68765 0.22022 0.71537 -0.68814 0.12124 0.71788 -0.68972 0.09451 -0.82803 -0.00033 -0.56069 -0.74477 0.00033 -0.66732 -0.73918 -0.00012 -0.67351 -0.63967 0.00013 -0.76865 -0.63901 8E-05 -0.7692 -0.52658 -8E-05 -0.85013 -0.52094 0.00028 -0.85359 -0.40404 -0.00027 -0.91474 -0.3911 0.00046 -0.92035 -0.27374 -0.00043 -0.9618 -0.25293 0.00062 -0.96748 -0.1382 -0.00058 -0.9904 -0.10937 0.00075 -0.994 -0 -0.0007 -1 0.03652 0.00086 -0.99933 0.1382 -0.0008 -0.9904 0.18164 0.00095 -0.98337 0.27374 -0.00087 -0.9618 0.32288 0.00101 -0.94644 0.40404 -0.00093 -0.91474 0.45724 0.00105 -0.88934 0.52658 -0.00096 -0.85013 0.58186 0.00107 -0.81329 0.63901 -0.00097 -0.7692 0.69407 0.00107 -0.7199 0.73918 -0.00095 -0.67351 0.7915 0.00105 -0.61117 0.82802 -0.00109 -0.56069 0.87205 0.00106 -0.48942 0.902 -0.0011 -0.43173 0.93402 0.00107 -0.35723 0.95604 -0.00111 -0.29324 0.97608 0.00107 -0.21743 0.98895 -0.00111 -0.14826 0.99733 0.00107 -0.073 1 -0.00111 0 0.99733 0.00107 0.073 0.98895 -0.00111 0.14826 0.97608 0.00107 0.21743 0.95604 -0.00111 0.29324 0.93402 0.00107 0.35723 0.902 -0.0011 0.43173 0.87205 0.00106 0.48942 0.82802 -0.00109 0.56069 0.7915 0.00105 0.61117 0.73918 -0.00095 0.67351 0.69407 0.00107 0.7199 0.63901 -0.00097 0.7692 0.58186 0.00107 0.81329 0.52658 -0.00096 0.85013 0.45724 0.00105 0.88934 0.40404 -0.00093 0.91474 0.32288 0.00101 0.94644 0.27374 -0.00087 0.9618 0.18164 0.00095 0.98337 0.1382 -0.0008 0.9904 0.03652 0.00086 0.99933 0 -0.0007 1 -0.10937 0.00075 0.994 -0.1382 -0.00058 0.9904 -0.25293 0.00062 0.96748 -0.27374 -0.00043 0.9618 -0.3911 0.00046 0.92035 -0.40404 -0.00027 0.91474 -0.52094 0.00028 0.85359 -0.52658 -8E-05 0.85013 -0.63901 8E-05 0.7692 -0.63967 0.00013 0.76865 -0.73918 -0.00012 0.67351 -0.74477 0.00033 0.66732 -0.82803 -0.00033 0.56069 -0.834 0.00026 0.55177 -0.902 -0.00026 0.43173 -0.90545 0.00019 0.42446 -0.95604 -0.00019 0.29324 -0.9576 0.00012 0.2881 -0.98895 -0.00012 0.14826 -0.98927 1E-05 0.1461 -1 -1E-05 0 -0.98927 1E-05 -0.1461 -0.98927 -0 -0.1461 -0.9576 -0 -0.2881 -0.90545 -0 -0.42446 -0.90545 -0 -0.42446 -0.834 -0 -0.55177 -0.74477 -0 -0.66732 -0.74477 -0 -0.66732 -0.63967 -0 -0.76865 -0.63967 -0 -0.76865 -0.52094 -0 -0.85359 -0.3911 -0 -0.92035 -0.3911 -0 -0.92035 -0.25293 -0 -0.96748 -0.25293 -0 -0.96748 -0.10937 -0 -0.994 -0.10937 -0 -0.994 0.03652 -0 -0.99933 0.18164 -0 -0.98337 0.18164 -0 -0.98337 0.32288 -0 -0.94644 0.32288 -0 -0.94644 0.45724 -0 -0.88934 0.45724 -0 -0.88934 0.58186 -0 -0.81329 0.58186 -0 -0.81329 0.69407 -0 -0.7199 0.7915 -0 -0.61117 0.87205 -0 -0.48942 0.93402 -0 -0.35723 0.93402 -0 -0.35723 0.97608 -0 -0.21743 0.97608 -0 -0.21743 0.99733 -0 -0.073 0.99733 -0 -0.073 0.99733 0 0.073 0.97608 0 0.21743 0.93402 0 0.35723 0.93402 0 0.35723 0.87205 0 0.48942 0.87205 0 0.48942 0.7915 0 0.61117 0.7915 0 0.61117 0.69407 0 0.7199 0.58186 0 0.81329 0.45724 0 0.88934 0.32288 0 0.94644 0.32288 0 0.94644 0.18164 0 0.98337 0.18164 0 0.98337 0.03652 0 0.99933 -0.10937 0 0.994 -0.10937 0 0.994 -0.25293 0 0.96748 -0.25293 0 0.96748 -0.3911 0 0.92035 -0.3911 0 0.92035 -0.52094 0 0.85359 -0.63967 0 0.76865 -0.74477 0 0.66732 -0.834 0 0.55177 -0.834 0 0.55177 -0.90545 0 0.42446 -0.90545 0 0.42446 -0.9576 0 0.2881 -0.9576 0 0.2881 -0.98927 0 0.1461 -0.98929 1E-05 0.14593 -1 -1E-05 0 -0.98929 1E-05 -0.14593 -0.98929 -0 -0.14593 -0.9576 -0 -0.2881 -0.25293 -0 -0.96748 -0.25293 -0 -0.96748 -0.10937 -0 -0.994 0.69407 -0 -0.7199 0.7915 -0 -0.61117 0.99733 0 0.073 0.97608 0 0.21743 0.32288 0 0.94644 0.03652 0 0.99933 -0.10937 0 0.994 -0.25293 0 0.96748 -0.25293 0 0.96748 -0.3911 0 0.92035 -0.52094 0 0.85359 -0.98929 0 0.14593 -0.98932 1E-05 0.14577 -1 -1E-05 0 -0.98932 1E-05 -0.14577 -0.98932 -0.00107 -0.14577 -0.97608 0.00107 -0.21743 -0.834 0.00026 -0.55177 -0.902 -0.00026 -0.43173 -0.90545 0.00019 -0.42446 -0.95604 -0.00019 -0.29324 -0.9576 0.00012 -0.2881 -0.98895 -0.00012 -0.14826 -0.99733 0.00107 -0.073 -1 -0.00108 0 -0.99733 0.00107 0.073 -0.98932 -0.00107 0.14577 -0.97608 0.00107 0.21743 -0.9576 -0.00107 0.2881 -0.93402 0.00107 0.35723 -0.90545 -0.00107 0.42446 -0.87205 0.00107 0.48942 -0.834 -0.00107 0.55177 -0.7915 0.00107 0.61117 -0.74477 -0.00107 0.66732 -0.69407 0.00107 0.7199 -0.63967 -0.00107 0.76865 -0.58186 0.00107 0.81329 -0.52094 -0.00107 0.85359 -0.45724 0.00107 0.88934 -0.3911 -0.00107 0.92035 -0.32288 0.00107 0.94644 -0.25293 -0.00107 0.96748 -0.18164 0.00107 0.98337 -0.10937 -0.00107 0.994 -0.03652 0.00107 0.99933 0.03652 -0.00107 0.99933 0.10937 0.00107 0.994 0.18164 -0.00107 0.98337 0.25293 0.00107 0.96748 0.32288 -0.00107 0.94644 0.3911 0.00107 0.92035 0.45724 -0.00107 0.88934 0.52094 0.00107 0.85359 0.58186 -0.00107 0.81329 0.63967 0.00107 0.76865 0.69407 -0.00107 0.7199 0.74477 0.00107 0.66732 0.7915 -0.00107 0.61117 0.834 0.00107 0.55177 0.87205 -0.00107 0.48942 0.90545 0.00107 0.42446 0.93402 -0.00107 0.35723 0.9576 0.00107 0.2881 0.97608 -0.00107 0.21743 0.98934 0.00107 0.1456 0.99733 -0.00107 0.073 1 0.00107 -0 0.99733 -0.00107 -0.073 0.98934 0.00107 -0.1456 0.97608 -0.00107 -0.21743 0.9576 0.00107 -0.2881 0.93402 -0.00107 -0.35723 0.90545 0.00107 -0.42446 0.87205 -0.00107 -0.48942 0.834 0.00107 -0.55177 0.7915 -0.00107 -0.61117 0.74477 0.00107 -0.66732 0.69407 -0.00107 -0.7199 0.63967 0.00107 -0.76865 0.58186 -0.00107 -0.81329 0.52094 0.00107 -0.85359 0.45724 -0.00107 -0.88934 0.3911 0.00107 -0.92035 0.32288 -0.00107 -0.94644 0.25293 0.00107 -0.96748 0.18164 -0.00107 -0.98337 0.10937 0.00107 -0.994 0.03652 -0.00107 -0.99933 -0.03652 0.00107 -0.99933 -0.10937 -0.00107 -0.994 -0.18164 0.00107 -0.98337 -0.25293 -0.00107 -0.96748 -0.32288 0.00107 -0.94644 -0.3911 -0.00107 -0.92035 -0.45724 0.00107 -0.88934 -0.52094 -0.00107 -0.85359 -0.58186 0.00107 -0.81329 -0.63967 -0.00107 -0.76865 -0.69407 0.00107 -0.7199 -0.74477 -0.00107 -0.66732 -0.7915 0.00107 -0.61117 -0.834 -0.00107 -0.55177 -0.87205 0.00107 -0.48942 -0.90545 -0.00107 -0.42446 -0.93402 0.00107 -0.35723 -0.9576 -0.00107 -0.2881 -0.53863 0.84162 -0.03942 -0.53863 0.84162 0.03942 -0.53397 0.84257 0.0703 -0.52726 0.84155 0.11745 -0.50429 0.84172 0.19287 -0.49796 0.84231 0.20626 -0.47111 0.84151 0.2644 -0.42811 0.84191 0.3285 -0.4272 0.84183 0.32987 -0.37496 0.84152 0.38891 -0.32805 0.84238 0.42752 -0.31417 0.8417 0.43913 -0.24699 0.84156 0.48039 -0.20609 0.84259 0.49755 -0.17439 0.8416 0.51117 -0.09809 0.84163 0.53106 -0.07031 0.84254 0.53402 -0.01973 0.84154 0.53984 0.05905 0.84175 0.53663 0.07037 0.84223 0.53451 0.13664 0.84151 0.52267 0.20643 0.84203 0.49837 0.21111 0.8418 0.49679 0.28142 0.84152 0.46113 0.32799 0.84245 0.42744 0.34541 0.84168 0.41506 0.40229 0.84157 0.36045 0.42725 0.8426 0.32784 0.45046 0.84158 0.29802 0.48896 0.84165 0.22921 0.49769 0.8425 0.20615 0.51731 0.84153 0.15563 0.53408 0.84177 0.0786 0.53466 0.84213 0.07039 0.54024 0.84151 0 0.53466 0.84213 -0.07039 0.53408 0.84177 -0.0786 0.51731 0.84153 -0.15563 0.49769 0.8425 -0.20615 0.48896 0.84165 -0.22921 0.45046 0.84158 -0.29802 0.42725 0.8426 -0.32784 0.40229 0.84157 -0.36045 0.34541 0.84168 -0.41506 0.32799 0.84245 -0.42744 0.28142 0.84152 -0.46113 0.21111 0.8418 -0.49679 0.20643 0.84203 -0.49837 0.13664 0.84151 -0.52267 0.07037 0.84223 -0.53451 0.05905 0.84175 -0.53663 -0.01973 0.84154 -0.53984 -0.07031 0.84254 -0.53402 -0.09809 0.84163 -0.53106 -0.17439 0.8416 -0.51117 -0.20609 0.84259 -0.49755 -0.24699 0.84156 -0.48039 -0.31417 0.8417 -0.43913 -0.32805 0.84238 -0.42752 -0.37496 0.84152 -0.38891 -0.4272 0.84183 -0.32987 -0.42811 0.84191 -0.3285 -0.47111 0.84151 -0.2644 -0.49796 0.84231 -0.20626 -0.50429 0.84172 -0.19287 -0.52726 0.84155 -0.11745 -0.53397 0.84257 -0.0703 -0.99144 0 0.13053 -0.99144 -0 -0.13053 -0.99144 -0 -0.13053 -0.92388 -0 -0.38268 -0.92388 -0 -0.38268 -0.79335 -0 -0.60876 -0.60876 -0 -0.79335 -0.38268 -0 -0.92388 -0.38268 -0 -0.92388 -0.13053 -0 -0.99144 -0.13053 -0 -0.99144 0.13053 -0 -0.99144 0.13053 -0 -0.99144 0.38268 -0 -0.92388 0.38268 -0 -0.92388 0.60876 -0 -0.79335 0.79335 -0 -0.60876 0.92388 -0 -0.38268 0.92388 -0 -0.38268 0.99144 -0 -0.13053 0.99144 0 0.13053 0.99144 0 0.13053 0.92388 0 0.38268 0.92388 0 0.38268 0.79335 0 0.60876 0.60876 0 0.79335 0.38268 0 0.92388 0.38268 0 0.92388 0.13053 0 0.99144 0.13053 0 0.99144 -0.13053 0 0.99144 -0.13053 0 0.99144 -0.38268 0 0.92388 -0.60876 0 0.79335 -0.79335 0 0.60876 -0.92388 0 0.38268 -0.38268 0 0.92388 0.13053 0 0.99144 0.38268 0 0.92388 0.79335 -0 -0.60876 0.60876 -0 -0.79335 0.60876 -0 -0.79335 0.38268 -0 -0.92388 0.38268 -0 -0.92388 0.13053 -0 -0.99144 -0.13053 -0 -0.99144 -0.99144 0 0.13053 -0.60876 -0 -0.79335 -0.38268 -0 -0.92388 -0.13053 -0 -0.99144 0.13053 -0 -0.99144 0.99144 -0 -0.13053 0.67981 -0.72938 -0.0766 0.6845 -0.72729 -0.0501 0.6845 -0.72729 0.0501 0.67058 -0.72664 -0.14938 0.64596 -0.72914 -0.22603 0.64085 -0.72748 -0.24511 0.59868 -0.72711 -0.33599 0.5791 -0.72955 -0.36387 0.54375 -0.72667 -0.41987 0.48414 -0.72884 -0.48414 0.47606 -0.72771 -0.49377 0.39955 -0.72697 -0.55846 0.36381 -0.72966 -0.579 0.31409 -0.72672 -0.61092 0.22626 -0.72848 -0.64663 0.22137 -0.72796 -0.6489 0.12475 -0.72685 -0.67537 0.07656 -0.72971 -0.67946 0.02509 -0.7268 -0.68639 -0.07497 -0.72809 -0.68137 -0.07673 -0.72827 -0.68098 -0.17374 -0.72676 -0.66456 -0.22584 -0.7297 -0.6454 -0.26859 -0.72691 -0.63204 -0.35724 -0.72783 -0.58536 -0.36437 -0.72867 -0.57989 -0.43943 -0.72669 -0.52803 -0.48356 -0.72962 -0.48356 -0.51136 -0.72704 -0.45818 -0.57213 -0.72759 -0.37852 -0.57959 -0.729 -0.36418 -0.62205 -0.72665 -0.2916 -0.64562 -0.72947 -0.22591 -0.65733 -0.7272 -0.19776 -0.67892 -0.72738 -0.09992 -0.67993 -0.72927 -0.07661 -0.68702 -0.72664 0 -0.67993 -0.72927 0.07661 -0.67892 -0.72738 0.09992 -0.65733 -0.7272 0.19776 -0.64562 -0.72947 0.22591 -0.62205 -0.72665 0.2916 -0.57959 -0.729 0.36418 -0.57213 -0.72759 0.37852 -0.51136 -0.72704 0.45818 -0.48356 -0.72962 0.48356 -0.43943 -0.72669 0.52803 -0.36437 -0.72867 0.57989 -0.35724 -0.72783 0.58536 -0.26859 -0.72691 0.63204 -0.22584 -0.7297 0.6454 -0.17374 -0.72676 0.66456 -0.07673 -0.72827 0.68098 -0.07497 -0.72809 0.68137 0.02509 -0.7268 0.68639 0.07656 -0.72971 0.67946 0.12475 -0.72685 0.67537 0.22137 -0.72796 0.6489 0.22626 -0.72848 0.64663 0.31409 -0.72672 0.61092 0.36381 -0.72966 0.579 0.39955 -0.72697 0.55846 0.47606 -0.72771 0.49377 0.48414 -0.72884 0.48414 0.54375 -0.72667 0.41987 0.5791 -0.72955 0.36387 0.59868 -0.72711 0.33599 0.64085 -0.72748 0.24511 0.64596 -0.72914 0.22603 0.67058 -0.72664 0.14938 0.67981 -0.72938 0.0766 0.99733 -0 -0.073 0.99733 0 0.073 0.99733 0 0.073 0.97608 0 0.21743 0.97608 0 0.21743 0.93402 0 0.35723 0.93402 0 0.35723 0.87205 0 0.48942 0.87205 0 0.48942 0.7915 0 0.61117 0.7915 0 0.61117 0.69407 0 0.7199 0.69407 0 0.7199 0.58186 0 0.81329 0.58186 0 0.81329 0.45724 0 0.88934 0.45724 0 0.88934 0.32288 0 0.94644 0.32288 0 0.94644 0.18164 0 0.98337 0.18164 0 0.98337 0.03652 0 0.99933 0.03652 0 0.99933 -0.10937 0 0.994 -0.10937 0 0.994 -0.25293 0 0.96748 -0.25293 0 0.96748 -0.3911 0 0.92035 -0.3911 0 0.92035 -0.52094 0 0.85359 -0.52094 0 0.85359 -0.63967 0 0.76865 -0.63967 0 0.76865 -0.74477 0 0.66732 -0.74477 0 0.66732 -0.834 0 0.55177 -0.834 0 0.55177 -0.90545 0 0.42446 -0.90545 0 0.42446 -0.9576 0 0.2881 -0.9576 0 0.2881 -0.98934 0 0.1456 -0.98934 0 0.1456 -0.98934 -0 -0.1456 -0.98934 -0 -0.1456 -0.9576 -0 -0.2881 -0.9576 -0 -0.2881 -0.90545 -0 -0.42446 -0.90545 -0 -0.42446 -0.834 -0 -0.55177 -0.834 -0 -0.55177 -0.74477 -0 -0.66732 -0.74477 -0 -0.66732 -0.63967 -0 -0.76865 -0.63967 -0 -0.76865 -0.52094 -0 -0.85359 -0.52094 -0 -0.85359 -0.3911 -0 -0.92035 -0.3911 -0 -0.92035 -0.25293 -0 -0.96748 -0.25293 -0 -0.96748 -0.10937 -0 -0.994 -0.10937 -0 -0.994 0.03652 -0 -0.99933 0.03652 -0 -0.99933 0.18164 -0 -0.98337 0.18164 -0 -0.98337 0.32288 -0 -0.94644 0.32288 -0 -0.94644 0.45724 -0 -0.88934 0.45724 -0 -0.88934 0.58186 -0 -0.81329 0.58186 -0 -0.81329 0.69407 -0 -0.7199 0.69407 -0 -0.7199 0.7915 -0 -0.61117 0.7915 -0 -0.61117 0.87205 -0 -0.48942 0.87205 -0 -0.48942 0.93402 -0 -0.35723 0.93402 -0 -0.35723 0.97608 -0 -0.21743 0.97608 -0 -0.21743 0.99733 -0 -0.073 0.99211 -0.00154 -0.12533 1 0.00154 -0 0.99211 -0.00154 0.12533 0.96858 0.00154 0.24869 0.92978 -0.00154 0.36812 0.87631 0.00154 0.48175 0.80902 -0.00154 0.58778 0.72897 0.00154 0.68455 0.63742 -0.00154 0.77051 0.53583 0.00154 0.84433 0.42578 -0.00154 0.90483 0.30902 0.00154 0.95106 0.18738 -0.00154 0.98229 0.06279 0.00154 0.99803 -0.06279 -0.00154 0.99803 -0.18738 0.00154 0.98229 -0.30902 -0.00154 0.95106 -0.42578 0.00154 0.90483 -0.53583 -0.00154 0.84433 -0.63742 0.00154 0.77051 -0.72897 -0.00154 0.68455 -0.80902 0.00154 0.58778 -0.87631 -0.00154 0.48175 -0.92978 0.00154 0.36812 -0.96858 -0.00154 0.24869 -0.99211 0.00154 0.12533 -1 -0.00154 -0 -0.99211 0.00154 -0.12533 -0.96858 -0.00154 -0.24869 -0.92978 0.00154 -0.36812 -0.87631 -0.00154 -0.48175 -0.80902 0.00154 -0.58778 -0.72897 -0.00154 -0.68455 -0.63742 0.00154 -0.77051 -0.53583 -0.00154 -0.84433 -0.42578 0.00154 -0.90483 -0.30902 -0.00154 -0.95106 -0.18738 0.00154 -0.98229 -0.06279 -0.00154 -0.99803 0.06279 0.00154 -0.99803 0.18738 -0.00154 -0.98229 0.30902 0.00154 -0.95106 0.42578 -0.00154 -0.90483 0.53583 0.00154 -0.84433 0.63742 -0.00154 -0.77051 0.72897 0.00154 -0.68455 0.80902 -0.00154 -0.58778 0.87631 0.00154 -0.48175 0.92978 -0.00154 -0.36812 0.96858 0.00154 -0.24869 0.99211 0.00154 0.12533 1 -0.00154 0 0.99211 0.00154 -0.12533 0.96858 -0.00154 -0.24869 0.92978 0.00154 -0.36812 0.87631 -0.00154 -0.48175 0.80902 0.00154 -0.58778 0.72897 -0.00154 -0.68455 0.63742 0.00154 -0.77051 0.53583 -0.00154 -0.84433 0.42578 0.00154 -0.90483 0.30902 -0.00154 -0.95106 0.18738 0.00154 -0.98229 0.06279 -0.00154 -0.99803 -0.06279 0.00154 -0.99803 -0.18738 -0.00154 -0.98229 -0.30902 0.00154 -0.95106 -0.42578 -0.00154 -0.90483 -0.53583 0.00154 -0.84433 -0.63742 -0.00154 -0.77051 -0.72897 0.00154 -0.68455 -0.80902 -0.00154 -0.58778 -0.87631 0.00154 -0.48175 -0.92978 -0.00154 -0.36812 -0.96858 0.00154 -0.24869 -0.99211 -0.00154 -0.12533 -1 0.00154 0 -0.99211 -0.00154 0.12533 -0.96858 0.00154 0.24869 -0.92978 -0.00154 0.36812 -0.87631 0.00154 0.48175 -0.80902 -0.00154 0.58778 -0.72897 0.00154 0.68455 -0.63742 -0.00154 0.77051 -0.53583 0.00154 0.84433 -0.42578 -0.00154 0.90483 -0.30902 0.00154 0.95106 -0.18738 -0.00154 0.98229 -0.06279 0.00154 0.99803 0.06279 -0.00154 0.99803 0.18738 0.00154 0.98229 0.30902 -0.00154 0.95106 0.42578 0.00154 0.90483 0.53583 -0.00154 0.84433 0.63742 0.00154 0.77051 0.72897 -0.00154 0.68455 0.80902 0.00154 0.58778 0.87631 -0.00154 0.48175 0.92978 0.00154 0.36812 0.96858 -0.00154 0.24869 -0.99211 -0 -0.12533 -0.92978 -0 -0.36812 -0.80902 -0 -0.58779 -0.63742 -0 -0.77051 -0.42578 -0 -0.90483 -0.42578 -0 -0.90483 -0.18738 -0 -0.98229 -0.18738 -0 -0.98229 0.06279 -0 -0.99803 0.06279 -0 -0.99803 0.30902 -0 -0.95106 0.30902 -0 -0.95106 0.53583 -0 -0.84433 0.53583 -0 -0.84433 0.72897 -0 -0.68455 0.87631 -0 -0.48175 0.96858 -0 -0.24869 1 -0 -0 0.96858 0 0.24869 0.87631 0 0.48175 0.72897 0 0.68455 0.53583 0 0.84433 0.53583 0 0.84433 0.30902 0 0.95106 0.30902 0 0.95106 0.06279 0 0.99803 -0.18738 0 0.98229 -0.42578 0 0.90483 -0.63742 0 0.77051 -0.80902 0 0.58779 -0.92978 0 0.36812 -0.99211 0 0.12533 -0.99211 -0 -0.12533 -0.99211 -0 -0.12533 -0.92978 -0 -0.36812 -0.80902 -0 -0.58779 -0.63742 -0 -0.77051 -0.63742 -0 -0.77051 0.06279 -0 -0.99803 0.30902 -0 -0.95106 0.53583 -0 -0.84433 0.72897 -0 -0.68455 0.72897 -0 -0.68455 0.87631 -0 -0.48175 0.96858 -0 -0.24869 1 0 0 0.96858 0 0.24869 0.96858 0 0.24869 0.87631 0 0.48175 0.87631 0 0.48175 0.72897 0 0.68455 0.53583 0 0.84433 0.06279 0 0.99803 0.06279 0 0.99803 -0.18738 0 0.98229 -0.18738 0 0.98229 -0.42578 0 0.90483 -0.63742 0 0.77051 -0.80902 0 0.58779 -0.99211 0 0.12533 -0.42578 -0 -0.90483 -0.18738 -0 -0.98229 0.30902 -0 -0.95106 0.53583 -0 -0.84433 0.72897 -0 -0.68455 0.87631 -0 -0.48175 0.96858 -0 -0.24869 0.96858 0 0.24869 -0.18738 0 0.98229 -0.42578 0 0.90483 -0.92978 0 0.36812 -0.99211 0 0.12533 0 -1 0 -0 -1 0 -0 -1 0 -0 -1 0 -0 -1 0 -0 -1 0 -0 -1 0 -0 -1 0 -0 -1 0 -0 -1 0 -0 -1 0 -0 -1 0 -0 -1 0 -0 -1 0 0 -1 0 0 -1 0 0 -1 0 0 -1 0 0 -1 0 0 -1 0 0 -1 0 0 -1 0 0 -1 0 0 -1 0 0 -1 0 0 -1 0 -0 -1 0 0.99777 -0 -0.06679 0.99777 0 0.06679 0.99777 0 0.06679 0.97996 0 0.19919 0.97996 0 0.19919 0.94467 0 0.32802 0.94467 0 0.32802 0.89252 0 0.45101 0.89252 0 0.45101 0.82444 0 0.56595 0.82444 0 0.56595 0.74165 0 0.67078 0.74165 0 0.67078 0.64563 0 0.76365 0.64563 0 0.76365 0.53808 0 0.84289 0.53808 0 0.84289 0.42093 0 0.90709 0.42093 0 0.90709 0.29628 -0 0.9551 0.29628 0 0.9551 0.16633 0 0.98607 0.16633 0 0.98607 0.03341 0 0.99944 0.03341 0 0.99944 -0.1001 -0 0.99498 -0.1001 0 0.99498 -0.23182 0 0.97276 -0.23182 0 0.97276 -0.35941 0 0.93318 -0.35941 0 0.93318 -0.48058 0 0.87695 -0.48058 0 0.87695 -0.59318 0 0.80507 -0.59318 0 0.80507 -0.69519 0 0.71882 -0.69519 0 0.71882 -0.7848 0 0.61975 -0.7848 0 0.61975 -0.8604 0 0.50962 -0.8604 0 0.50962 -0.92065 0 0.39039 -0.92065 0 0.39039 -0.96447 0 0.2642 -0.96447 0 0.2642 -0.99108 0 0.13329 -0.99108 0 0.13329 -0.99108 -0 -0.13329 -0.99108 -0 -0.13329 -0.96447 -0 -0.2642 -0.96447 -0 -0.2642 -0.92065 -0 -0.39039 -0.92065 -0 -0.39039 -0.8604 -0 -0.50962 -0.8604 -0 -0.50962 -0.7848 -0 -0.61975 -0.7848 -0 -0.61975 -0.69519 -0 -0.71882 -0.69519 -0 -0.71882 -0.59318 -0 -0.80507 -0.59318 -0 -0.80507 -0.48058 -0 -0.87695 -0.48058 -0 -0.87695 -0.35941 -0 -0.93318 -0.35941 -0 -0.93318 -0.23182 -0 -0.97276 -0.23182 -0 -0.97276 -0.1001 -0 -0.99498 -0.1001 -0 -0.99498 0.03341 -0 -0.99944 0.03341 -0 -0.99944 0.16633 -0 -0.98607 0.16633 -0 -0.98607 0.29628 -0 -0.9551 0.29628 -0 -0.9551 0.42093 -0 -0.90709 0.42093 -0 -0.90709 0.53808 -0 -0.84289 0.53808 -0 -0.84289 0.64563 -0 -0.76365 0.64563 -0 -0.76365 0.74165 -0 -0.67078 0.74165 -0 -0.67078 0.82444 -0 -0.56595 0.82444 -0 -0.56595 0.89252 -0 -0.45101 0.89252 -0 -0.45101 0.94467 -0 -0.32802 0.94467 -0 -0.32802 0.97996 -0 -0.19919 0.97996 -0 -0.19919 0.99777 -0 -0.06679 -0 1 0 0 1 -0 0 1 -0 0 1 -0 0 1 -0 -0 1 -0 -0 1 -0 -0 1 -0 -0 1 -0 -0 1 -0 0 1 -0 -0 1 -0 -0.19348 0 0.9811 -0.19348 0 0.9811 -0.3288 0 0.9444 -0.3288 0 0.9444 -0.45766 0 0.88913 -0.45766 0 0.88913 -0.57752 0 0.81637 -0.57752 0 0.81637 -0.68603 0 0.72757 -0.68603 0 0.72757 -0.78105 0 0.62447 -0.78105 0 0.62447 -0.86072 0 0.50908 -0.86072 0 0.50908 -0.92346 0 0.38369 -0.92346 0 0.38369 -0.96805 0 0.25076 -0.96805 0 0.25076 -0.99361 0 0.1129 -0.99361 0 0.1129 -0.99963 -0 -0.02719 -0.99963 -0 -0.02719 -0.986 -0 -0.16674 -0.986 -0 -0.16674 -0.95299 -0 -0.30301 -0.95299 -0 -0.30301 -0.90124 -0 -0.43332 -0.90124 -0 -0.43332 -0.83177 -0 -0.55512 -0.83177 -0 -0.55512 -0.74595 -0 -0.666 -0.74595 -0 -0.666 -0.64547 -0 -0.76379 -0.64547 -0 -0.76379 -0.5323 -0 -0.84656 -0.5323 -0 -0.84656 -0.40866 -0 -0.91269 -0.40866 -0 -0.91269 -0.27699 -0 -0.96087 -0.27699 -0 -0.96087 -0.13987 -0 -0.99017 -0.13987 -0 -0.99017 0.13987 -0 -0.99017 0.13987 -0 -0.99017 0.27699 -0 -0.96087 0.27699 -0 -0.96087 0.40866 -0 -0.91269 0.40866 -0 -0.91269 0.5323 -0 -0.84656 0.5323 -0 -0.84656 0.64547 -0 -0.76379 0.64547 -0 -0.76379 0.74595 -0 -0.666 0.74595 -0 -0.666 0.83177 -0 -0.55512 0.83177 -0 -0.55512 0.90124 -0 -0.43332 0.90124 -0 -0.43332 0.95299 -0 -0.30301 0.95299 -0 -0.30301 0.986 -0 -0.16674 0.986 -0 -0.16674 0.99963 -0 -0.02719 0.99963 -0 -0.02719 0.99361 0 0.1129 0.99361 0 0.1129 0.96805 0 0.25076 0.96805 0 0.25076 0.92346 0 0.38369 0.92346 0 0.38369 0.86072 0 0.50908 0.86072 0 0.50908 0.78105 0 0.62447 0.78105 0 0.62447 0.68603 0 0.72757 0.68603 0 0.72757 0.57752 0 0.81637 0.57752 0 0.81637 0.45766 0 0.88913 0.45766 0 0.88913 0.3288 0 0.9444 0.3288 0 0.9444 0.19348 0 0.9811 0.19348 0 0.9811 0.17629 -0 -0.98434 0.17629 -0 -0.98434 0.30407 -0 -0.95265 0.30407 -0 -0.95265 0.42659 -0 -0.90445 0.42659 -0 -0.90445 0.54171 -0 -0.84057 0.54171 -0 -0.84057 0.64744 -0 -0.76212 0.64744 -0 -0.76212 0.74194 -0 -0.67046 0.74194 -0 -0.67046 0.82359 -0 -0.56718 0.82359 -0 -0.56718 0.89097 -0 -0.45407 0.89097 -0 -0.45407 0.94289 -0 -0.33309 0.94289 -0 -0.33309 0.97848 -0 -0.20634 0.97848 -0 -0.20634 0.99711 -0 -0.07601 0.99711 -0 -0.07601 0.99845 0 0.05564 0.99845 0 0.05564 0.98249 0 0.18633 0.98249 0 0.18633 0.9495 0 0.31378 0.9495 0 0.31378 0.90005 0 0.43579 0.90005 0 0.43579 0.835 0 0.55026 0.835 0 0.55026 0.75547 0 0.65518 0.75547 0 0.65518 0.66286 0 0.74875 0.66286 0 0.74875 0.55875 0 0.82934 0.55875 0 0.82934 0.44496 0 0.89555 0.44496 0 0.89555 0.32345 0 0.94624 0.32345 0 0.94624 0.19634 0 0.98054 0.19634 0 0.98054 0.06583 0 0.99783 0.06583 0 0.99783 -0.06583 0 0.99783 -0.06583 0 0.99783 -0.19634 0 0.98054 -0.19634 0 0.98054 -0.32345 0 0.94624 -0.32345 0 0.94624 -0.44496 0 0.89555 -0.44496 0 0.89555 -0.55875 0 0.82934 -0.55875 0 0.82934 -0.66286 0 0.74875 -0.66286 0 0.74875 -0.75547 0 0.65518 -0.75547 0 0.65518 -0.835 0 0.55026 -0.835 0 0.55026 -0.90005 0 0.43579 -0.90005 0 0.43579 -0.9495 0 0.31378 -0.9495 0 0.31378 -0.98249 0 0.18633 -0.98249 0 0.18633 -0.99845 0 0.05564 -0.99845 0 0.05564 -0.99711 -0 -0.07601 -0.99711 -0 -0.07601 -0.97848 -0 -0.20634 -0.97848 -0 -0.20634 -0.94289 -0 -0.33309 -0.94289 -0 -0.33309 -0.89097 -0 -0.45407 -0.89097 -0 -0.45407 -0.82359 -0 -0.56718 -0.74194 -0 -0.67046 -0.64744 -0 -0.76212 -0.64744 -0 -0.76212 -0.54171 -0 -0.84057 -0.54171 -0 -0.84057 -0.42659 -0 -0.90445 -0.42659 -0 -0.90445 -0.30407 -0 -0.95265 -0.30407 -0 -0.95265 -0.17629 -0 -0.98434 -0.17629 -0 -0.98434</float_array>
          <technique_common>
            <accessor source="#norm_0-array" count="5460" stride="3">
              <param name="X" type="float"/>
              <param name="Y" type="float"/>
              <param name="Z" type="float"/>
            </accessor>
          </technique_common>
        </source>
        <vertices id="vert_0">
          <input semantic="POSITION" source="#pos_0"/>
        </vertices>
        <triangles count="3920" material="mat_0">
          <input semantic="VERTEX" source="#vert_0" offset="0"/>
          <input semantic="NORMAL" source="#norm_0" offset="1"/>
          <p>0 0 1 0 2 0 2 0 1 0 3 0 2 1 3 1 4 1 4 1 3 1 5 1 4 2 5 2 6 2 6 2 5 2 7 2 6 3 7 3 8 3 8 3 7 3 9 3 8 4 9 4 10 4 10 5 9 5 11 5 10 6 11 6 12 6 12 7 11 7 13 7 12 8 13 8 14 8 14 8 13 8 15 8 14 9 15 9 16 9 16 10 15 10 17 10 16 11 17 11 18 11 18 12 17 12 19 12 18 13 19 13 20 13 20 14 19 14 21 14 20 15 21 15 22 15 22 15 21 15 23 15 22 16 23 16 24 16 24 16 23 16 25 16 24 17 25 17 26 17 26 17 25 17 27 17 26 18 27 18 28 18 28 18 27 18 29 18 28 19 29 19 30 19 30 19 29 19 31 19 30 20 31 20 32 20 32 20 31 20 33 20 32 21 33 21 34 21 34 22 33 22 35 22 34 23 35 23 36 23 36 24 35 24 37 24 36 25 37 25 38 25 38 26 37 26 39 26 38 27 39 27 40 27 40 27 39 27 41 27 40 28 41 28 42 28 42 29 41 29 43 29 42 30 43 30 44 30 44 31 43 31 45 31 44 32 45 32 46 32 46 32 45 32 47 32 46 33 47 33 0 33 0 33 47 33 1 33 48 0 49 0 50 0 50 0 49 0 51 0 50 1 51 1 52 1 52 1 51 1 53 1 52 2 53 2 54 2 54 2 53 2 55 2 54 3 55 3 56 3 56 3 55 3 57 3 56 4 57 4 58 4 58 34 57 34 59 34 58 35 59 35 60 35 60 7 59 7 61 7 60 8 61 8 62 8 62 8 61 8 63 8 62 9 63 9 64 9 64 10 63 10 65 10 64 11 65 11 66 11 66 11 65 11 67 11 66 36 67 36 68 36 68 14 67 14 69 14 68 15 69 15 70 15 70 15 69 15 71 15 70 16 71 16 72 16 72 16 71 16 73 16 72 17 73 17 74 17 74 17 73 17 75 17 74 18 75 18 76 18 76 18 75 18 77 18 76 19 77 19 78 19 78 19 77 19 79 19 78 20 79 20 80 20 80 20 79 20 81 20 80 21 81 21 82 21 82 22 81 22 83 22 82 23 83 23 84 23 84 23 83 23 85 23 84 37 85 37 86 37 86 26 85 26 87 26 86 27 87 27 88 27 88 27 87 27 89 27 88 28 89 28 90 28 90 29 89 29 91 29 90 30 91 30 92 30 92 31 91 31 93 31 92 32 93 32 94 32 94 32 93 32 95 32 94 33 95 33 48 33 48 33 95 33 49 33 96 38 97 38 98 38 98 0 97 0 99 0 98 1 99 1 100 1 100 1 99 1 101 1 100 2 101 2 102 2 102 39 101 39 103 39 102 40 103 40 104 40 104 3 103 3 105 3 104 4 105 4 106 4 106 41 105 41 107 41 106 42 107 42 108 42 108 43 107 43 109 43 108 44 109 44 110 44 110 8 109 8 111 8 110 9 111 9 112 9 112 45 111 45 113 45 112 46 113 46 114 46 114 46 113 46 115 46 114 47 115 47 116 47 116 48 115 48 117 48 116 49 117 49 118 49 118 15 117 15 119 15 118 16 119 16 120 16 120 16 119 16 121 16 120 17 121 17 122 17 122 17 121 17 123 17 122 18 123 18 124 18 124 50 123 50 125 50 124 51 125 51 126 51 126 52 125 52 127 52 126 53 127 53 128 53 128 54 127 54 129 54 128 55 129 55 130 55 130 56 129 56 131 56 130 57 131 57 132 57 132 58 131 58 133 58 132 59 133 59 134 59 134 26 133 26 135 26 134 27 135 27 136 27 136 60 135 60 137 60 136 61 137 61 138 61 138 62 137 62 139 62 138 63 139 63 140 63 140 31 139 31 141 31 140 32 141 32 142 32 142 64 141 64 143 64 142 65 143 65 96 65 96 66 143 66 97 66 144 67 145 67 146 67 146 67 145 67 147 67 146 68 147 68 148 68 148 68 147 68 149 68 148 69 149 69 150 69 150 70 149 70 151 70 150 71 151 71 152 71 152 72 151 72 153 72 152 73 153 73 154 73 154 73 153 73 155 73 154 74 155 74 156 74 156 74 155 74 157 74 156 75 157 75 158 75 158 76 157 76 159 76 158 77 159 77 160 77 160 78 159 78 161 78 160 79 161 79 162 79 162 80 161 80 163 80 162 81 163 81 164 81 164 82 163 82 165 82 164 83 165 83 166 83 166 84 165 84 167 84 166 85 167 85 168 85 168 86 167 86 169 86 168 87 169 87 170 87 170 87 169 87 171 87 170 88 171 88 172 88 172 88 171 88 173 88 172 89 173 89 174 89 174 89 173 89 175 89 174 90 175 90 176 90 176 90 175 90 177 90 176 91 177 91 178 91 178 91 177 91 179 91 178 92 179 92 180 92 180 92 179 92 181 92 180 93 181 93 182 93 182 93 181 93 183 93 182 94 183 94 184 94 184 94 183 94 185 94 184 95 185 95 186 95 186 95 185 95 187 95 186 96 187 96 188 96 188 96 187 96 189 96 188 97 189 97 190 97 190 98 189 98 191 98 190 99 191 99 192 99 192 100 191 100 193 100 192 101 193 101 194 101 194 102 193 102 195 102 194 103 195 103 196 103 196 104 195 104 197 104 196 105 197 105 198 105 198 106 197 106 199 106 198 107 199 107 200 107 200 108 199 108 201 108 200 109 201 109 202 109 202 109 201 109 203 109 202 110 203 110 204 110 204 110 203 110 205 110 204 111 205 111 206 111 206 112 205 112 207 112 206 113 207 113 144 113 144 114 207 114 145 114 100 115 144 115 98 115 98 115 144 115 146 115 98 115 146 115 148 115 144 115 100 115 206 115 206 115 100 115 102 115 206 115 102 115 204 115 204 115 102 115 104 115 204 115 104 115 202 115 202 115 104 115 200 115 200 115 104 115 106 115 200 115 106 115 198 115 198 115 106 115 108 115 198 115 108 115 196 115 196 115 108 115 110 115 196 115 110 115 194 115 194 115 110 115 192 115 192 115 110 115 112 115 192 115 112 115 190 115 190 115 112 115 114 115 190 115 114 115 188 115 188 115 114 115 116 115 188 115 116 115 186 115 186 115 116 115 184 115 184 115 116 115 118 115 184 115 118 115 182 115 182 115 118 115 120 115 182 115 120 115 180 115 180 115 120 115 122 115 180 115 122 115 178 115 178 115 122 115 176 115 176 115 122 115 124 115 176 115 124 115 174 115 174 115 124 115 126 115 174 115 126 115 172 115 172 115 126 115 128 115 172 115 128 115 170 115 170 115 128 115 168 115 168 115 128 115 130 115 168 115 130 115 166 115 166 115 130 115 132 115 166 115 132 115 164 115 164 115 132 115 134 115 164 115 134 115 162 115 162 115 134 115 160 115 160 115 134 115 136 115 160 115 136 115 158 115 158 115 136 115 138 115 158 115 138 115 156 115 156 115 138 115 140 115 156 115 140 115 154 115 154 115 140 115 152 115 152 115 140 115 142 115 152 115 142 115 150 115 150 115 142 115 96 115 150 115 96 115 148 115 148 115 96 115 98 115 208 116 209 116 210 116 210 116 209 116 211 116 212 117 213 117 214 117 214 117 213 117 215 117 208 115 214 115 209 115 209 115 214 115 215 115 211 118 209 118 216 118 216 119 209 119 217 119 217 120 209 120 215 120 217 121 215 121 218 121 218 118 215 118 219 118 219 118 215 118 213 118 219 115 213 115 220 115 220 115 213 115 212 115 220 115 212 115 221 115 221 115 212 115 222 115 221 115 222 115 223 115 220 115 224 115 219 115 219 115 224 115 225 115 219 115 225 115 226 115 217 122 227 122 216 122 216 123 227 123 228 123 229 124 218 124 226 124 226 124 218 124 219 124 149 115 147 115 229 115 229 115 147 115 145 115 229 115 145 115 218 115 218 115 145 115 207 115 218 115 207 115 205 115 205 115 203 115 218 115 218 115 203 115 201 115 218 115 201 115 199 115 199 115 197 115 218 115 218 115 197 115 217 115 217 115 197 115 195 115 217 115 195 115 193 115 193 115 191 115 217 115 217 115 191 115 189 115 217 115 189 115 187 115 187 115 185 115 217 115 217 115 185 115 183 115 217 115 183 115 181 115 181 115 179 115 217 115 217 115 179 115 227 115 227 115 179 115 177 115 227 115 177 115 175 115 175 115 173 115 227 115 227 115 173 115 171 115 227 115 171 115 169 115 169 115 167 115 227 115 227 115 167 115 165 115 227 115 165 115 163 115 163 115 161 115 227 115 227 115 161 115 229 115 229 115 161 115 159 115 229 115 159 115 157 115 157 115 155 115 229 115 229 115 155 115 153 115 229 115 153 115 151 115 151 115 149 115 229 115 228 125 227 125 230 125 230 126 227 126 231 126 231 127 227 127 229 127 231 128 229 128 232 128 232 129 229 129 225 129 225 130 229 130 226 130 233 131 234 131 235 131 235 131 234 131 236 131 210 132 237 132 208 132 208 132 237 132 238 132 208 133 238 133 239 133 208 134 239 134 214 134 214 132 239 132 222 132 214 132 222 132 212 132 240 135 241 135 242 135 242 135 241 135 243 135 244 136 245 136 246 136 246 137 245 137 247 137 235 138 236 138 220 138 220 139 236 139 224 139 248 135 249 135 223 135 223 135 249 135 221 135 211 115 247 115 210 115 210 115 247 115 242 115 210 115 242 115 237 115 237 115 242 115 243 115 211 115 216 115 247 115 247 115 216 115 246 115 246 115 216 115 230 115 230 115 216 115 228 115 245 131 244 131 250 131 250 131 244 131 251 131 249 115 248 115 252 115 252 115 248 115 253 115 4 115 72 115 2 115 2 115 72 115 74 115 2 115 74 115 0 115 0 115 74 115 76 115 0 115 76 115 46 115 46 115 76 115 78 115 46 115 78 115 44 115 44 115 78 115 80 115 44 115 80 115 42 115 42 115 80 115 82 115 42 115 82 115 40 115 40 115 82 115 84 115 40 115 84 115 238 115 238 115 84 115 239 115 239 115 84 115 86 115 239 115 86 115 88 115 72 115 4 115 70 115 70 115 4 115 6 115 70 115 6 115 68 115 68 115 6 115 8 115 68 115 8 115 66 115 66 115 8 115 10 115 66 115 10 115 64 115 64 115 10 115 12 115 64 115 12 115 254 115 254 115 12 115 255 115 255 115 12 115 14 115 255 115 14 115 16 115 16 115 18 115 255 115 255 115 18 115 20 115 255 115 20 115 22 115 22 115 24 115 255 115 255 115 24 115 26 115 255 115 26 115 238 115 238 115 26 115 28 115 238 115 28 115 30 115 30 115 32 115 238 115 238 115 32 115 34 115 238 115 34 115 36 115 36 115 38 115 238 115 238 115 38 115 40 115 52 115 254 115 50 115 50 115 254 115 239 115 50 115 239 115 48 115 48 115 239 115 94 115 94 115 239 115 92 115 92 115 239 115 90 115 90 115 239 115 88 115 52 115 54 115 254 115 254 115 54 115 56 115 254 115 56 115 58 115 58 115 60 115 254 115 254 115 60 115 62 115 254 115 62 115 64 115 256 140 257 140 255 140 255 140 257 140 254 140 256 141 238 141 258 141 258 142 238 142 241 142 258 143 241 143 259 143 256 144 255 144 238 144 237 145 243 145 238 145 238 145 243 145 241 145 260 146 258 146 261 146 261 146 258 146 259 146 250 147 262 147 245 147 245 148 262 148 260 148 245 149 260 149 261 149 240 143 242 143 261 143 261 150 242 150 247 150 261 149 247 149 245 149 263 151 262 151 251 151 251 152 262 152 250 152 263 153 251 153 231 153 231 154 251 154 230 154 230 155 251 155 246 155 246 156 251 156 244 156 264 157 232 157 234 157 234 158 232 158 225 158 234 159 225 159 224 159 224 160 236 160 234 160 265 138 264 138 233 138 233 161 264 161 234 161 252 162 266 162 235 162 235 163 266 163 265 163 235 160 265 160 233 160 235 162 220 162 252 162 252 164 220 164 221 164 252 160 221 160 249 160 267 135 266 135 253 135 253 135 266 135 252 135 254 165 257 165 239 165 239 166 257 166 267 166 239 167 267 167 248 167 248 160 267 160 253 160 223 168 222 168 248 168 248 168 222 168 239 168 261 115 259 115 240 115 240 115 259 115 241 115 5 131 3 131 260 131 260 131 3 131 1 131 260 131 1 131 47 131 47 131 45 131 260 131 260 131 45 131 43 131 260 131 43 131 41 131 41 131 39 131 260 131 260 131 39 131 37 131 260 131 37 131 258 131 258 131 37 131 35 131 258 131 35 131 33 131 33 131 31 131 258 131 258 131 31 131 29 131 258 131 29 131 27 131 258 131 27 131 256 131 256 131 27 131 25 131 256 131 25 131 23 131 23 131 21 131 256 131 256 131 21 131 19 131 256 131 19 131 17 131 17 131 15 131 256 131 256 131 15 131 13 131 256 131 13 131 11 131 9 131 69 131 11 131 11 131 69 131 67 131 11 131 67 131 256 131 256 131 67 131 257 131 257 131 67 131 65 131 257 131 65 131 63 131 69 131 9 131 71 131 71 131 9 131 7 131 71 131 7 131 73 131 73 131 7 131 5 131 73 131 5 131 266 131 266 131 5 131 260 131 266 131 260 131 265 131 265 131 260 131 262 131 265 131 262 131 111 131 111 131 262 131 113 131 113 131 262 131 115 131 115 131 262 131 117 131 117 131 262 131 119 131 119 131 262 131 121 131 121 131 262 131 123 131 123 131 262 131 231 131 123 131 231 131 125 131 125 131 231 131 127 131 127 131 231 131 129 131 129 131 231 131 131 131 131 131 231 131 133 131 133 131 231 131 135 131 135 131 231 131 137 131 137 131 231 131 232 131 137 131 232 131 139 131 139 131 232 131 141 131 141 131 232 131 143 131 143 131 232 131 97 131 97 131 232 131 99 131 99 131 232 131 265 131 99 131 265 131 101 131 101 131 265 131 103 131 103 131 265 131 105 131 105 131 265 131 107 131 107 131 265 131 109 131 109 131 265 131 111 131 49 131 267 131 51 131 51 131 267 131 257 131 51 131 257 131 53 131 53 131 257 131 55 131 55 131 257 131 57 131 57 131 257 131 59 131 59 131 257 131 61 131 61 131 257 131 63 131 49 131 95 131 267 131 267 131 95 131 93 131 267 131 93 131 91 131 91 131 89 131 267 131 267 131 89 131 266 131 266 131 89 131 87 131 266 131 87 131 85 131 85 131 83 131 266 131 266 131 83 131 81 131 266 131 81 131 79 131 79 131 77 131 266 131 266 131 77 131 75 131 266 131 75 131 73 131 262 131 263 131 231 131 232 131 264 131 265 131 72 17 73 17 74 17 74 17 73 17 75 17 74 18 75 18 76 18 76 18 75 18 77 18 76 19 77 19 78 19 78 19 77 19 79 19 78 20 79 20 80 20 80 20 79 20 81 20 80 21 81 21 82 21 82 169 81 169 83 169 82 170 83 170 84 170 84 171 83 171 85 171 84 26 85 26 86 26 86 26 85 26 87 26 86 27 87 27 88 27 88 172 87 172 89 172 88 29 89 29 90 29 90 173 89 173 91 173 90 174 91 174 92 174 92 31 91 31 93 31 92 32 93 32 94 32 94 32 93 32 95 32 94 33 95 33 48 33 48 175 95 175 49 175 48 176 49 176 50 176 50 0 49 0 51 0 50 1 51 1 52 1 52 177 51 177 53 177 52 178 53 178 54 178 54 2 53 2 55 2 54 3 55 3 56 3 56 3 55 3 57 3 56 4 57 4 58 4 58 179 57 179 59 179 58 180 59 180 60 180 60 35 59 35 61 35 60 181 61 181 62 181 62 8 61 8 63 8 62 9 63 9 64 9 64 9 63 9 65 9 64 182 65 182 66 182 66 183 65 183 67 183 66 184 67 184 68 184 68 14 67 14 69 14 68 15 69 15 70 15 70 15 69 15 71 15 70 16 71 16 72 16 72 16 71 16 73 16 24 17 25 17 26 17 26 17 25 17 27 17 26 18 27 18 28 18 28 18 27 18 29 18 28 19 29 19 30 19 30 19 29 19 31 19 30 20 31 20 32 20 32 20 31 20 33 20 32 21 33 21 34 21 34 185 33 185 35 185 34 186 35 186 36 186 36 171 35 171 37 171 36 26 37 26 38 26 38 26 37 26 39 26 38 27 39 27 40 27 40 172 39 172 41 172 40 29 41 29 42 29 42 187 41 187 43 187 42 188 43 188 44 188 44 31 43 31 45 31 44 32 45 32 46 32 46 32 45 32 47 32 46 33 47 33 0 33 0 175 47 175 1 175 0 176 1 176 2 176 2 0 1 0 3 0 2 1 3 1 4 1 4 189 3 189 5 189 4 190 5 190 6 190 6 2 5 2 7 2 6 3 7 3 8 3 8 3 7 3 9 3 8 4 9 4 10 4 10 191 9 191 11 191 10 192 11 192 12 192 12 6 11 6 13 6 12 193 13 193 14 193 14 8 13 8 15 8 14 9 15 9 16 9 16 9 15 9 17 9 16 182 17 182 18 182 18 183 17 183 19 183 18 184 19 184 20 184 20 14 19 14 21 14 20 15 21 15 22 15 22 15 21 15 23 15 22 16 23 16 24 16 24 16 23 16 25 16 268 17 269 17 270 17 270 17 269 17 271 17 270 18 271 18 272 18 272 18 271 18 273 18 272 19 273 19 274 19 274 19 273 19 275 19 274 20 275 20 276 20 276 20 275 20 277 20 276 21 277 21 278 21 278 21 277 21 279 21 278 171 279 171 280 171 280 194 279 194 281 194 280 195 281 195 282 195 282 26 281 26 283 26 282 27 283 27 284 27 284 27 283 27 285 27 284 28 285 28 286 28 286 28 285 28 287 28 286 31 287 31 288 31 288 31 287 31 289 31 288 32 289 32 290 32 290 32 289 32 291 32 290 33 291 33 292 33 292 33 291 33 293 33 292 0 293 0 294 0 294 0 293 0 295 0 294 1 295 1 296 1 296 1 295 1 297 1 296 2 297 2 298 2 298 2 297 2 299 2 298 3 299 3 300 3 300 3 299 3 301 3 300 4 301 4 302 4 302 196 301 196 303 196 302 197 303 197 304 197 304 7 303 7 305 7 304 8 305 8 306 8 306 8 305 8 307 8 306 9 307 9 308 9 308 9 307 9 309 9 308 182 309 182 310 182 310 198 309 198 311 198 310 199 311 199 312 199 312 14 311 14 313 14 312 15 313 15 314 15 314 15 313 15 315 15 314 16 315 16 268 16 268 16 315 16 269 16 316 18 273 18 317 18 317 18 273 18 271 18 317 17 271 17 318 17 318 17 271 17 269 17 318 16 269 16 319 16 319 16 269 16 315 16 319 15 315 15 320 15 320 15 315 15 313 15 320 14 313 14 321 14 321 14 313 14 311 14 321 182 311 182 322 182 322 198 311 198 309 198 322 200 309 200 323 200 323 9 309 9 307 9 323 8 307 8 324 8 324 8 307 8 305 8 324 7 305 7 325 7 325 7 305 7 303 7 325 4 303 4 326 4 326 4 303 4 301 4 326 3 301 3 327 3 327 3 301 3 299 3 327 2 299 2 328 2 328 2 299 2 297 2 328 1 297 1 329 1 329 1 297 1 295 1 329 0 295 0 330 0 330 0 295 0 293 0 330 33 293 33 331 33 331 33 293 33 291 33 331 32 291 32 332 32 332 32 291 32 289 32 332 31 289 31 333 31 333 201 289 201 287 201 333 202 287 202 334 202 334 28 287 28 285 28 334 27 285 27 335 27 335 27 285 27 283 27 335 26 283 26 336 26 336 26 283 26 281 26 336 171 281 171 337 171 337 203 281 203 279 203 337 204 279 204 338 204 338 21 279 21 277 21 338 20 277 20 339 20 339 20 277 20 275 20 339 19 275 19 316 19 316 19 275 19 273 19 340 17 341 17 342 17 342 17 341 17 343 17 342 18 343 18 344 18 344 18 343 18 345 18 344 19 345 19 346 19 346 19 345 19 347 19 346 20 347 20 348 20 348 20 347 20 349 20 348 21 349 21 350 21 350 21 349 21 351 21 350 171 351 171 352 171 352 203 351 203 353 203 352 205 353 205 354 205 354 26 353 26 355 26 354 27 355 27 356 27 356 27 355 27 357 27 356 28 357 28 358 28 358 28 357 28 359 28 358 31 359 31 360 31 360 31 359 31 361 31 360 32 361 32 362 32 362 32 361 32 363 32 362 33 363 33 364 33 364 33 363 33 365 33 364 0 365 0 366 0 366 0 365 0 367 0 366 1 367 1 368 1 368 1 367 1 369 1 368 2 369 2 370 2 370 2 369 2 371 2 370 3 371 3 372 3 372 3 371 3 373 3 372 4 373 4 374 4 374 196 373 196 375 196 374 197 375 197 376 197 376 7 375 7 377 7 376 8 377 8 378 8 378 8 377 8 379 8 378 9 379 9 380 9 380 9 379 9 381 9 380 182 381 182 382 182 382 206 381 206 383 206 382 207 383 207 384 207 384 14 383 14 385 14 384 15 385 15 386 15 386 15 385 15 387 15 386 16 387 16 340 16 340 16 387 16 341 16 388 18 345 18 389 18 389 18 345 18 343 18 389 17 343 17 390 17 390 17 343 17 341 17 390 16 341 16 391 16 391 16 341 16 387 16 391 15 387 15 392 15 392 15 387 15 385 15 392 14 385 14 393 14 393 14 385 14 383 14 393 182 383 182 394 182 394 198 383 198 381 198 394 200 381 200 395 200 395 9 381 9 379 9 395 8 379 8 396 8 396 8 379 8 377 8 396 7 377 7 397 7 397 7 377 7 375 7 397 4 375 4 398 4 398 4 375 4 373 4 398 3 373 3 399 3 399 3 373 3 371 3 399 2 371 2 400 2 400 2 371 2 369 2 400 1 369 1 401 1 401 1 369 1 367 1 401 0 367 0 402 0 402 0 367 0 365 0 402 33 365 33 403 33 403 33 365 33 363 33 403 32 363 32 404 32 404 32 363 32 361 32 404 31 361 31 405 31 405 201 361 201 359 201 405 202 359 202 406 202 406 28 359 28 357 28 406 27 357 27 407 27 407 27 357 27 355 27 407 26 355 26 408 26 408 26 355 26 353 26 408 171 353 171 409 171 409 194 353 194 351 194 409 208 351 208 410 208 410 21 351 21 349 21 410 20 349 20 411 20 411 20 349 20 347 20 411 19 347 19 388 19 388 19 347 19 345 19 412 17 413 17 414 17 414 17 413 17 415 17 414 18 415 18 416 18 416 18 415 18 417 18 416 19 417 19 418 19 418 19 417 19 419 19 418 20 419 20 420 20 420 20 419 20 421 20 420 21 421 21 422 21 422 21 421 21 423 21 422 171 423 171 424 171 424 194 423 194 425 194 424 195 425 195 426 195 426 26 425 26 427 26 426 27 427 27 428 27 428 27 427 27 429 27 428 28 429 28 430 28 430 28 429 28 431 28 430 31 431 31 432 31 432 31 431 31 433 31 432 32 433 32 434 32 434 32 433 32 435 32 434 33 435 33 436 33 436 33 435 33 437 33 436 0 437 0 438 0 438 0 437 0 439 0 438 1 439 1 440 1 440 1 439 1 441 1 440 2 441 2 442 2 442 2 441 2 443 2 442 3 443 3 444 3 444 3 443 3 445 3 444 4 445 4 446 4 446 196 445 196 447 196 446 197 447 197 448 197 448 7 447 7 449 7 448 8 449 8 450 8 450 8 449 8 451 8 450 9 451 9 452 9 452 9 451 9 453 9 452 182 453 182 454 182 454 198 453 198 455 198 454 199 455 199 456 199 456 14 455 14 457 14 456 15 457 15 458 15 458 15 457 15 459 15 458 16 459 16 412 16 412 16 459 16 413 16 460 18 417 18 461 18 461 18 417 18 415 18 461 17 415 17 462 17 462 17 415 17 413 17 462 16 413 16 463 16 463 16 413 16 459 16 463 15 459 15 464 15 464 15 459 15 457 15 464 14 457 14 465 14 465 14 457 14 455 14 465 182 455 182 466 182 466 198 455 198 453 198 466 200 453 200 467 200 467 9 453 9 451 9 467 8 451 8 468 8 468 8 451 8 449 8 468 7 449 7 469 7 469 7 449 7 447 7 469 4 447 4 470 4 470 4 447 4 445 4 470 3 445 3 471 3 471 3 445 3 443 3 471 2 443 2 472 2 472 2 443 2 441 2 472 1 441 1 473 1 473 1 441 1 439 1 473 0 439 0 474 0 474 0 439 0 437 0 474 33 437 33 475 33 475 33 437 33 435 33 475 32 435 32 476 32 476 32 435 32 433 32 476 31 433 31 477 31 477 201 433 201 431 201 477 202 431 202 478 202 478 28 431 28 429 28 478 27 429 27 479 27 479 27 429 27 427 27 479 26 427 26 480 26 480 26 427 26 425 26 480 171 425 171 481 171 481 203 425 203 423 203 481 204 423 204 482 204 482 21 423 21 421 21 482 20 421 20 483 20 483 20 421 20 419 20 483 19 419 19 460 19 460 19 419 19 417 19 484 17 485 17 486 17 486 17 485 17 487 17 486 18 487 18 488 18 488 18 487 18 489 18 488 19 489 19 490 19 490 19 489 19 491 19 490 20 491 20 492 20 492 20 491 20 493 20 492 21 493 21 494 21 494 21 493 21 495 21 494 171 495 171 496 171 496 203 495 203 497 203 496 205 497 205 498 205 498 26 497 26 499 26 498 27 499 27 500 27 500 27 499 27 501 27 500 28 501 28 502 28 502 28 501 28 503 28 502 31 503 31 504 31 504 31 503 31 505 31 504 32 505 32 506 32 506 32 505 32 507 32 506 33 507 33 508 33 508 33 507 33 509 33 508 0 509 0 510 0 510 0 509 0 511 0 510 1 511 1 512 1 512 1 511 1 513 1 512 2 513 2 514 2 514 2 513 2 515 2 514 3 515 3 516 3 516 3 515 3 517 3 516 4 517 4 518 4 518 209 517 209 519 209 518 210 519 210 520 210 520 7 519 7 521 7 520 8 521 8 522 8 522 8 521 8 523 8 522 9 523 9 524 9 524 9 523 9 525 9 524 182 525 182 526 182 526 182 525 182 527 182 526 14 527 14 528 14 528 14 527 14 529 14 528 15 529 15 530 15 530 15 529 15 531 15 530 16 531 16 484 16 484 16 531 16 485 16 532 18 489 18 533 18 533 18 489 18 487 18 533 17 487 17 534 17 534 17 487 17 485 17 534 16 485 16 535 16 535 16 485 16 531 16 535 15 531 15 536 15 536 15 531 15 529 15 536 14 529 14 537 14 537 14 529 14 527 14 537 182 527 182 538 182 538 198 527 198 525 198 538 200 525 200 539 200 539 9 525 9 523 9 539 8 523 8 540 8 540 8 523 8 521 8 540 7 521 7 541 7 541 7 521 7 519 7 541 4 519 4 542 4 542 4 519 4 517 4 542 3 517 3 543 3 543 3 517 3 515 3 543 2 515 2 544 2 544 2 515 2 513 2 544 1 513 1 545 1 545 1 513 1 511 1 545 0 511 0 546 0 546 0 511 0 509 0 546 33 509 33 547 33 547 33 509 33 507 33 547 32 507 32 548 32 548 32 507 32 505 32 548 31 505 31 549 31 549 211 505 211 503 211 549 212 503 212 550 212 550 28 503 28 501 28 550 27 501 27 551 27 551 27 501 27 499 27 551 26 499 26 552 26 552 26 499 26 497 26 552 171 497 171 553 171 553 171 497 171 495 171 553 21 495 21 554 21 554 21 495 21 493 21 554 20 493 20 555 20 555 20 493 20 491 20 555 19 491 19 532 19 532 19 491 19 489 19 556 213 557 213 558 213 558 214 557 214 559 214 558 215 559 215 560 215 560 216 561 216 558 216 558 217 561 217 562 217 562 218 561 218 563 218 562 219 563 219 564 219 564 220 565 220 562 220 562 221 565 221 566 221 562 222 566 222 567 222 567 223 568 223 562 223 562 224 568 224 569 224 562 225 569 225 570 225 562 226 570 226 571 226 571 227 570 227 572 227 571 228 572 228 573 228 573 229 574 229 571 229 571 230 574 230 575 230 571 231 575 231 576 231 576 232 577 232 571 232 571 233 577 233 578 233 571 234 578 234 579 234 571 217 579 217 580 217 580 235 579 235 581 235 580 236 581 236 582 236 582 237 583 237 580 237 580 238 583 238 584 238 562 239 585 239 558 239 558 239 585 239 586 239 587 240 588 240 589 240 589 241 588 241 590 241 589 242 590 242 591 242 591 243 592 243 589 243 589 244 592 244 593 244 593 245 592 245 594 245 593 246 594 246 595 246 595 247 596 247 593 247 593 248 596 248 597 248 593 249 597 249 598 249 598 250 599 250 593 250 593 251 599 251 600 251 593 252 600 252 601 252 593 253 601 253 585 253 585 254 601 254 602 254 585 255 602 255 603 255 603 256 604 256 585 256 585 257 604 257 605 257 585 258 605 258 606 258 606 259 607 259 585 259 585 260 607 260 608 260 585 261 608 261 609 261 585 244 609 244 586 244 586 262 609 262 610 262 586 263 610 263 611 263 611 264 612 264 586 264 586 265 612 265 613 265 593 168 571 168 589 168 589 168 571 168 580 168 593 115 585 115 571 115 571 115 585 115 562 115 272 115 614 115 270 115 270 115 614 115 556 115 270 115 556 115 268 115 268 115 556 115 314 115 314 115 556 115 312 115 312 115 556 115 310 115 310 115 556 115 308 115 308 115 556 115 558 115 308 115 558 115 306 115 306 115 558 115 304 115 304 115 558 115 302 115 302 115 558 115 300 115 300 115 558 115 298 115 298 115 558 115 296 115 296 115 558 115 294 115 294 115 558 115 615 115 294 115 615 115 292 115 292 115 615 115 290 115 290 115 615 115 616 115 290 115 616 115 288 115 288 115 616 115 286 115 286 115 616 115 284 115 284 115 616 115 282 115 282 115 616 115 280 115 280 115 616 115 278 115 278 115 616 115 614 115 278 115 614 115 276 115 276 115 614 115 274 115 274 115 614 115 272 115 416 115 613 115 414 115 414 115 613 115 617 115 414 115 617 115 412 115 412 115 617 115 458 115 458 115 617 115 456 115 456 115 617 115 454 115 454 115 617 115 452 115 452 115 617 115 618 115 452 115 618 115 450 115 450 115 618 115 448 115 448 115 618 115 446 115 446 115 618 115 444 115 444 115 618 115 442 115 442 115 618 115 440 115 440 115 618 115 438 115 438 115 618 115 586 115 438 115 586 115 436 115 436 115 586 115 434 115 434 115 586 115 432 115 432 115 586 115 430 115 430 115 586 115 428 115 428 115 586 115 426 115 426 115 586 115 424 115 424 115 586 115 613 115 424 115 613 115 422 115 422 115 613 115 420 115 420 115 613 115 418 115 418 115 613 115 416 115 615 115 558 115 618 115 618 115 558 115 586 115 617 266 613 266 619 266 619 266 613 266 612 266 619 267 612 267 620 267 620 267 612 267 611 267 620 268 611 268 621 268 621 268 611 268 610 268 621 269 610 269 622 269 622 270 610 270 609 270 622 271 609 271 623 271 623 271 609 271 608 271 623 272 608 272 624 272 624 272 608 272 607 272 624 273 607 273 625 273 625 274 607 274 606 274 625 275 606 275 626 275 626 275 606 275 605 275 626 276 605 276 627 276 627 276 605 276 604 276 627 277 604 277 628 277 628 277 604 277 603 277 628 278 603 278 629 278 629 278 603 278 602 278 629 279 602 279 630 279 630 280 602 280 601 280 630 281 601 281 631 281 631 282 601 282 600 282 631 283 600 283 632 283 632 283 600 283 599 283 632 284 599 284 633 284 633 285 599 285 598 285 633 286 598 286 634 286 634 287 598 287 597 287 634 288 597 288 635 288 635 288 597 288 596 288 635 289 596 289 636 289 636 289 596 289 595 289 636 290 595 290 637 290 637 291 595 291 594 291 637 292 594 292 638 292 638 293 594 293 592 293 638 294 592 294 639 294 639 295 592 295 591 295 639 296 591 296 640 296 640 296 591 296 590 296 640 297 590 297 641 297 641 297 590 297 588 297 641 298 588 298 642 298 642 298 588 298 587 298 643 298 584 298 644 298 644 299 584 299 583 299 644 300 583 300 645 300 645 300 583 300 582 300 645 301 582 301 646 301 646 301 582 301 581 301 646 294 581 294 647 294 647 295 581 295 579 295 647 292 579 292 648 292 648 293 579 293 578 293 648 290 578 290 649 290 649 290 578 290 577 290 649 289 577 289 650 289 650 289 577 289 576 289 650 288 576 288 651 288 651 302 576 302 575 302 651 286 575 286 652 286 652 287 575 287 574 287 652 303 574 303 653 303 653 284 574 284 573 284 653 283 573 283 654 283 654 283 573 283 572 283 654 282 572 282 655 282 655 281 572 281 570 281 655 280 570 280 656 280 656 279 570 279 569 279 656 278 569 278 657 278 657 278 569 278 568 278 657 277 568 277 658 277 658 277 568 277 567 277 658 276 567 276 659 276 659 276 567 276 566 276 659 275 566 275 660 275 660 275 566 275 565 275 660 274 565 274 661 274 661 304 565 304 564 304 661 305 564 305 662 305 662 305 564 305 563 305 662 306 563 306 663 306 663 306 563 306 561 306 663 269 561 269 664 269 664 270 561 270 560 270 664 307 560 307 665 307 665 268 560 268 559 268 665 267 559 267 666 267 666 308 559 308 557 308 666 309 557 309 614 309 614 309 557 309 556 309 344 115 589 115 342 115 342 115 589 115 667 115 342 115 667 115 340 115 340 115 667 115 386 115 386 115 667 115 384 115 384 115 667 115 382 115 382 115 667 115 380 115 380 115 667 115 378 115 378 115 667 115 376 115 376 115 667 115 642 115 376 115 642 115 374 115 374 115 642 115 372 115 372 115 642 115 370 115 370 115 642 115 368 115 368 115 642 115 366 115 366 115 642 115 587 115 366 115 587 115 364 115 364 115 587 115 362 115 362 115 587 115 360 115 360 115 587 115 358 115 358 115 587 115 356 115 356 115 587 115 589 115 356 115 589 115 354 115 354 115 589 115 352 115 352 115 589 115 350 115 350 115 589 115 348 115 348 115 589 115 346 115 346 115 589 115 344 115 488 115 668 115 486 115 486 115 668 115 580 115 486 115 580 115 484 115 484 115 580 115 530 115 530 115 580 115 528 115 528 115 580 115 526 115 526 115 580 115 524 115 524 115 580 115 522 115 522 115 580 115 520 115 520 115 580 115 584 115 520 115 584 115 518 115 518 115 584 115 516 115 516 115 584 115 514 115 514 115 584 115 512 115 512 115 584 115 510 115 510 115 584 115 643 115 510 115 643 115 508 115 508 115 643 115 506 115 506 115 643 115 504 115 504 115 643 115 502 115 502 115 643 115 669 115 502 115 669 115 500 115 500 115 669 115 498 115 498 115 669 115 496 115 496 115 669 115 494 115 494 115 669 115 492 115 492 115 669 115 490 115 490 115 669 115 668 115 490 115 668 115 488 115 668 115 667 115 580 115 580 115 667 115 589 115 617 310 619 310 618 310 618 311 619 311 620 311 618 312 620 312 621 312 621 313 622 313 618 313 618 314 622 314 623 314 618 315 623 315 670 315 670 316 623 316 624 316 670 317 624 317 625 317 625 318 626 318 670 318 670 319 626 319 627 319 670 320 627 320 628 320 628 321 629 321 670 321 670 322 629 322 630 322 670 140 630 140 671 140 671 323 630 323 631 323 671 324 631 324 632 324 632 325 633 325 671 325 671 326 633 326 634 326 671 327 634 327 635 327 635 328 636 328 671 328 671 329 636 329 637 329 671 315 637 315 667 315 667 330 637 330 638 330 667 331 638 331 639 331 639 332 640 332 667 332 667 333 640 333 641 333 667 334 641 334 642 334 672 130 673 130 674 130 674 130 673 130 675 130 616 138 615 138 676 138 676 138 615 138 677 138 678 335 616 335 673 335 673 335 616 335 675 335 675 335 616 335 676 335 676 115 677 115 675 115 675 115 677 115 674 115 643 336 644 336 669 336 669 337 644 337 645 337 669 338 645 338 646 338 646 339 647 339 669 339 669 340 647 340 679 340 679 341 647 341 648 341 679 342 648 342 649 342 649 343 650 343 679 343 679 344 650 344 651 344 679 345 651 345 652 345 652 346 653 346 679 346 679 347 653 347 654 347 679 348 654 348 655 348 679 349 655 349 678 349 678 350 655 350 656 350 678 351 656 351 657 351 657 352 658 352 678 352 678 353 658 353 659 353 678 354 659 354 660 354 660 355 661 355 678 355 678 356 661 356 662 356 678 357 662 357 663 357 678 358 663 358 616 358 616 359 663 359 664 359 616 360 664 360 665 360 665 361 666 361 616 361 616 362 666 362 614 362 76 115 0 115 74 115 74 115 0 115 2 115 74 115 2 115 72 115 72 115 2 115 4 115 72 115 4 115 70 115 70 115 4 115 6 115 70 115 6 115 678 115 678 115 6 115 679 115 679 115 6 115 8 115 679 115 8 115 10 115 0 115 76 115 46 115 46 115 76 115 78 115 46 115 78 115 44 115 44 115 78 115 80 115 44 115 80 115 42 115 42 115 80 115 82 115 42 115 82 115 40 115 40 115 82 115 84 115 40 115 84 115 680 115 680 115 84 115 681 115 681 115 84 115 86 115 681 115 86 115 88 115 88 115 90 115 681 115 681 115 90 115 92 115 681 115 92 115 94 115 94 115 48 115 681 115 681 115 48 115 50 115 681 115 50 115 673 115 673 115 50 115 52 115 673 115 52 115 54 115 54 115 56 115 673 115 673 115 56 115 58 115 673 115 58 115 60 115 60 115 62 115 673 115 673 115 62 115 64 115 673 115 64 115 678 115 678 115 64 115 66 115 678 115 66 115 68 115 68 115 70 115 678 115 28 115 680 115 26 115 26 115 680 115 682 115 26 115 682 115 24 115 24 115 682 115 22 115 22 115 682 115 20 115 20 115 682 115 18 115 18 115 682 115 16 115 16 115 682 115 14 115 14 115 682 115 12 115 12 115 682 115 679 115 12 115 679 115 10 115 28 115 30 115 680 115 680 115 30 115 32 115 680 115 32 115 34 115 34 115 36 115 680 115 680 115 36 115 38 115 680 115 38 115 40 115 673 115 672 115 681 115 680 115 683 115 682 115 682 130 683 130 684 130 684 130 683 130 685 130 679 363 682 363 669 363 669 364 682 364 684 364 669 365 684 365 686 365 668 138 669 138 687 138 687 366 669 366 686 366 687 115 686 115 685 115 685 115 686 115 684 115 688 367 689 367 681 367 681 367 689 367 680 367 688 368 672 368 670 368 670 369 672 369 615 369 670 370 615 370 618 370 688 168 681 168 672 168 672 371 674 371 615 371 615 371 674 371 677 371 680 239 689 239 683 239 683 372 689 372 671 372 683 373 671 373 668 373 668 374 671 374 667 374 687 335 685 335 668 335 668 335 685 335 683 335 73 131 5 131 75 131 75 131 5 131 3 131 75 131 3 131 77 131 77 131 3 131 1 131 77 131 1 131 79 131 79 131 1 131 47 131 79 131 47 131 81 131 81 131 47 131 45 131 81 131 45 131 83 131 83 131 45 131 43 131 83 131 43 131 85 131 85 131 43 131 41 131 85 131 41 131 688 131 688 131 41 131 689 131 689 131 41 131 39 131 689 131 39 131 37 131 71 131 316 131 73 131 73 131 316 131 546 131 73 131 546 131 5 131 5 131 546 131 7 131 7 131 546 131 547 131 7 131 547 131 9 131 9 131 547 131 548 131 9 131 548 131 11 131 11 131 548 131 13 131 13 131 548 131 549 131 13 131 549 131 15 131 15 131 549 131 550 131 15 131 550 131 17 131 17 131 550 131 551 131 17 131 551 131 19 131 19 131 551 131 552 131 19 131 552 131 21 131 21 131 552 131 553 131 21 131 553 131 554 131 316 131 71 131 339 131 339 131 71 131 69 131 339 131 69 131 338 131 338 131 69 131 67 131 338 131 67 131 65 131 338 131 65 131 337 131 337 131 65 131 63 131 337 131 63 131 336 131 336 131 63 131 61 131 336 131 61 131 335 131 335 131 61 131 59 131 335 131 59 131 334 131 334 131 59 131 57 131 334 131 57 131 333 131 333 131 57 131 332 131 332 131 57 131 55 131 332 131 55 131 331 131 331 131 55 131 688 131 331 131 688 131 330 131 330 131 688 131 329 131 329 131 688 131 670 131 329 131 670 131 328 131 328 131 670 131 474 131 328 131 474 131 327 131 327 131 474 131 475 131 327 131 475 131 326 131 326 131 475 131 476 131 326 131 476 131 325 131 325 131 476 131 477 131 325 131 477 131 324 131 324 131 477 131 478 131 324 131 478 131 323 131 323 131 478 131 479 131 323 131 479 131 480 131 55 131 53 131 688 131 688 131 53 131 51 131 688 131 51 131 49 131 49 131 95 131 688 131 688 131 95 131 93 131 688 131 93 131 91 131 91 131 89 131 688 131 688 131 89 131 87 131 688 131 87 131 85 131 29 131 27 131 689 131 689 131 27 131 25 131 689 131 25 131 23 131 21 131 554 131 23 131 23 131 554 131 555 131 23 131 555 131 689 131 689 131 555 131 532 131 689 131 532 131 533 131 37 131 35 131 689 131 689 131 35 131 33 131 689 131 33 131 31 131 31 131 29 131 689 131 318 131 461 131 317 131 317 131 461 131 401 131 317 131 401 131 545 131 545 131 401 131 402 131 545 131 402 131 544 131 544 131 402 131 543 131 543 131 402 131 403 131 543 131 403 131 542 131 542 131 403 131 404 131 542 131 404 131 541 131 541 131 404 131 405 131 541 131 405 131 540 131 540 131 405 131 406 131 540 131 406 131 539 131 539 131 406 131 407 131 539 131 407 131 408 131 461 131 318 131 460 131 460 131 318 131 319 131 460 131 319 131 483 131 483 131 319 131 320 131 483 131 320 131 482 131 482 131 320 131 321 131 482 131 321 131 481 131 481 131 321 131 322 131 481 131 322 131 480 131 480 131 322 131 323 131 546 131 316 131 545 131 545 131 316 131 317 131 388 131 389 131 671 131 671 131 389 131 390 131 671 131 390 131 391 131 391 131 392 131 671 131 671 131 392 131 393 131 671 131 393 131 394 131 394 131 395 131 671 131 671 131 395 131 396 131 671 131 396 131 397 131 398 131 464 131 397 131 397 131 464 131 465 131 397 131 465 131 671 131 671 131 465 131 670 131 670 131 465 131 466 131 670 131 466 131 467 131 464 131 398 131 463 131 463 131 398 131 399 131 463 131 399 131 462 131 462 131 399 131 400 131 462 131 400 131 461 131 461 131 400 131 401 131 539 131 408 131 538 131 538 131 408 131 409 131 538 131 409 131 537 131 537 131 409 131 410 131 537 131 410 131 536 131 536 131 410 131 411 131 536 131 411 131 535 131 535 131 411 131 388 131 535 131 388 131 534 131 534 131 388 131 671 131 534 131 671 131 533 131 533 131 671 131 689 131 467 131 468 131 670 131 670 131 468 131 469 131 670 131 469 131 470 131 470 131 471 131 670 131 670 131 471 131 472 131 670 131 472 131 473 131 473 131 474 131 670 131 690 143 691 143 692 143 692 143 691 143 693 143 694 375 695 375 696 375 696 375 695 375 697 375 696 375 697 375 693 375 693 375 697 375 692 375 691 376 698 376 693 376 693 376 698 376 696 376 694 160 696 160 699 160 699 160 696 160 698 160 690 377 700 377 691 377 691 377 700 377 701 377 691 377 701 377 698 377 698 377 701 377 699 377 702 378 703 378 704 378 704 379 703 379 705 379 704 380 705 380 706 380 706 381 705 381 707 381 706 382 707 382 708 382 708 383 707 383 709 383 708 384 709 384 710 384 710 385 709 385 711 385 710 386 711 386 712 386 712 387 711 387 713 387 712 388 713 388 714 388 714 389 713 389 715 389 714 390 715 390 716 390 716 391 715 391 717 391 716 392 717 392 718 392 718 393 717 393 719 393 718 394 719 394 720 394 720 395 719 395 721 395 720 396 721 396 722 396 722 397 721 397 723 397 722 398 723 398 724 398 724 399 723 399 725 399 724 400 725 400 726 400 726 401 725 401 727 401 726 402 727 402 728 402 728 403 727 403 729 403 728 404 729 404 730 404 730 405 729 405 731 405 730 406 731 406 732 406 732 407 731 407 733 407 732 408 733 408 734 408 734 409 733 409 735 409 734 410 735 410 736 410 736 411 735 411 737 411 736 412 737 412 738 412 738 413 737 413 739 413 738 414 739 414 740 414 740 415 739 415 741 415 740 416 741 416 742 416 742 417 741 417 743 417 742 418 743 418 744 418 744 419 743 419 745 419 744 420 745 420 746 420 746 421 745 421 747 421 746 422 747 422 748 422 748 423 747 423 749 423 748 424 749 424 750 424 750 425 749 425 751 425 750 426 751 426 752 426 752 427 751 427 753 427 752 428 753 428 754 428 754 429 753 429 755 429 754 430 755 430 756 430 756 431 755 431 757 431 756 432 757 432 758 432 758 433 757 433 759 433 758 434 759 434 760 434 760 435 759 435 761 435 760 436 761 436 762 436 762 437 761 437 763 437 762 438 763 438 764 438 764 439 763 439 765 439 764 440 765 440 766 440 766 441 765 441 767 441 766 442 767 442 768 442 768 443 767 443 769 443 768 444 769 444 770 444 770 445 769 445 771 445 770 446 771 446 772 446 772 447 771 447 773 447 772 448 773 448 774 448 774 449 773 449 775 449 774 450 775 450 776 450 776 451 775 451 777 451 776 452 777 452 778 452 778 453 777 453 779 453 778 454 779 454 780 454 780 455 779 455 781 455 780 456 781 456 782 456 782 457 781 457 783 457 782 458 783 458 784 458 784 459 783 459 785 459 784 460 785 460 786 460 786 461 785 461 787 461 787 461 785 461 788 461 787 462 788 462 789 462 789 463 788 463 790 463 789 464 790 464 791 464 791 465 790 465 792 465 791 466 792 466 702 466 702 467 792 467 703 467 793 468 690 468 794 468 794 469 690 469 692 469 794 470 692 470 795 470 795 471 692 471 697 471 795 472 697 472 717 472 717 473 697 473 719 473 719 474 697 474 796 474 796 475 697 475 695 475 796 476 695 476 694 476 699 477 797 477 694 477 694 478 797 478 721 478 694 479 721 479 796 479 796 480 721 480 719 480 699 481 798 481 797 481 797 482 798 482 799 482 797 483 799 483 723 483 723 484 799 484 725 484 798 485 800 485 799 485 799 486 800 486 801 486 799 487 801 487 725 487 725 488 801 488 727 488 800 489 802 489 801 489 801 490 802 490 803 490 801 491 803 491 727 491 727 492 803 492 729 492 802 493 804 493 803 493 803 494 804 494 805 494 803 495 805 495 729 495 729 496 805 496 731 496 804 497 806 497 805 497 805 498 806 498 807 498 805 499 807 499 731 499 731 500 807 500 733 500 806 501 808 501 807 501 807 502 808 502 809 502 807 503 809 503 733 503 733 504 809 504 735 504 808 505 810 505 809 505 809 506 810 506 811 506 809 507 811 507 735 507 735 508 811 508 737 508 810 509 812 509 811 509 811 510 812 510 813 510 811 511 813 511 737 511 737 512 813 512 739 512 812 513 814 513 813 513 813 514 814 514 815 514 813 515 815 515 739 515 739 516 815 516 741 516 814 517 816 517 815 517 815 518 816 518 817 518 815 519 817 519 741 519 741 520 817 520 743 520 816 521 818 521 817 521 817 522 818 522 819 522 817 523 819 523 743 523 743 524 819 524 745 524 818 525 820 525 819 525 819 526 820 526 821 526 819 527 821 527 745 527 745 528 821 528 747 528 820 529 822 529 821 529 821 530 822 530 823 530 821 531 823 531 747 531 747 532 823 532 749 532 822 533 824 533 823 533 823 534 824 534 825 534 823 535 825 535 749 535 749 536 825 536 751 536 824 537 826 537 825 537 825 538 826 538 827 538 825 539 827 539 751 539 751 540 827 540 753 540 826 541 828 541 827 541 827 542 828 542 829 542 827 543 829 543 753 543 753 544 829 544 755 544 828 545 830 545 829 545 829 546 830 546 831 546 829 547 831 547 755 547 755 548 831 548 757 548 830 549 832 549 831 549 831 550 832 550 833 550 831 551 833 551 757 551 757 552 833 552 759 552 832 553 834 553 833 553 833 554 834 554 835 554 833 555 835 555 759 555 759 556 835 556 761 556 834 557 836 557 835 557 835 558 836 558 837 558 835 559 837 559 761 559 761 560 837 560 763 560 836 561 838 561 837 561 837 562 838 562 839 562 837 563 839 563 763 563 763 564 839 564 765 564 838 565 840 565 839 565 839 566 840 566 841 566 839 567 841 567 765 567 765 568 841 568 767 568 840 569 842 569 841 569 841 570 842 570 843 570 841 571 843 571 767 571 767 572 843 572 769 572 842 573 844 573 843 573 843 574 844 574 845 574 843 575 845 575 769 575 769 576 845 576 771 576 844 577 846 577 845 577 845 578 846 578 847 578 845 579 847 579 771 579 771 580 847 580 773 580 846 581 848 581 847 581 847 582 848 582 849 582 847 583 849 583 773 583 773 584 849 584 775 584 848 585 850 585 849 585 849 586 850 586 851 586 849 587 851 587 775 587 775 588 851 588 777 588 850 589 852 589 851 589 851 590 852 590 853 590 851 591 853 591 777 591 777 592 853 592 779 592 852 593 854 593 853 593 853 594 854 594 855 594 853 595 855 595 779 595 779 596 855 596 781 596 854 597 856 597 855 597 855 598 856 598 857 598 855 599 857 599 781 599 781 600 857 600 783 600 856 601 858 601 857 601 857 602 858 602 859 602 857 603 859 603 783 603 783 604 859 604 785 604 858 605 860 605 859 605 859 606 860 606 861 606 859 607 861 607 785 607 785 160 861 160 788 160 860 608 862 608 861 608 861 609 862 609 863 609 861 160 863 160 788 160 788 610 863 610 790 610 862 611 864 611 863 611 863 612 864 612 865 612 863 613 865 613 790 613 790 614 865 614 792 614 864 615 866 615 865 615 865 616 866 616 867 616 865 617 867 617 792 617 792 618 867 618 703 618 866 619 868 619 867 619 867 620 868 620 869 620 867 621 869 621 703 621 703 622 869 622 705 622 868 623 870 623 869 623 869 624 870 624 871 624 869 625 871 625 705 625 705 626 871 626 707 626 870 627 872 627 871 627 871 628 872 628 873 628 871 629 873 629 707 629 707 630 873 630 709 630 872 631 874 631 873 631 873 632 874 632 875 632 873 633 875 633 709 633 709 634 875 634 711 634 874 635 876 635 875 635 875 636 876 636 877 636 875 637 877 637 711 637 711 638 877 638 713 638 876 639 878 639 877 639 877 640 878 640 879 640 877 641 879 641 713 641 713 642 879 642 715 642 878 643 793 643 879 643 879 644 793 644 794 644 879 645 794 645 715 645 715 646 794 646 717 646 721 647 797 647 723 647 794 648 795 648 717 648 732 649 734 649 880 649 880 650 734 650 736 650 880 651 736 651 738 651 740 652 881 652 738 652 738 653 881 653 882 653 738 654 882 654 880 654 742 375 883 375 740 375 740 375 883 375 884 375 740 375 884 375 885 375 744 375 886 375 742 375 742 375 886 375 887 375 742 375 887 375 888 375 746 375 889 375 744 375 744 375 889 375 890 375 744 375 890 375 886 375 746 375 748 375 889 375 889 375 748 375 750 375 888 375 891 375 742 375 742 375 891 375 892 375 742 375 892 375 893 375 893 375 894 375 742 375 742 375 894 375 883 375 885 375 895 375 740 375 740 375 895 375 896 375 740 655 896 655 897 655 897 656 881 656 740 656 778 375 780 375 898 375 898 375 780 375 782 375 898 375 782 375 784 375 786 375 899 375 784 375 784 375 899 375 900 375 784 375 900 375 898 375 787 375 901 375 786 375 786 375 901 375 902 375 786 375 902 375 903 375 789 657 904 657 787 657 787 658 904 658 905 658 787 659 905 659 906 659 791 660 907 660 789 660 789 661 907 661 908 661 789 662 908 662 904 662 791 663 702 663 907 663 907 649 702 649 704 649 906 375 909 375 787 375 787 375 909 375 910 375 787 375 910 375 911 375 911 375 901 375 787 375 903 375 912 375 786 375 786 375 912 375 913 375 786 375 913 375 914 375 914 375 915 375 786 375 786 375 915 375 899 375 916 664 917 664 918 664 918 665 917 665 919 665 918 375 919 375 920 375 920 375 919 375 921 375 920 375 921 375 922 375 922 375 921 375 923 375 922 375 923 375 924 375 924 375 923 375 925 375 924 375 925 375 926 375 926 375 925 375 927 375 926 375 927 375 928 375 928 375 927 375 929 375 928 375 929 375 930 375 930 375 929 375 931 375 930 375 931 375 932 375 932 375 931 375 933 375 932 375 933 375 934 375 934 375 933 375 935 375 883 143 894 143 936 143 936 143 894 143 937 143 938 666 880 666 939 666 939 666 880 666 882 666 939 667 882 667 940 667 940 667 882 667 881 667 940 668 881 668 941 668 941 669 881 669 897 669 941 670 897 670 942 670 942 671 897 671 896 671 942 672 896 672 943 672 943 672 896 672 895 672 943 673 895 673 944 673 944 673 895 673 885 673 944 674 885 674 945 674 945 674 885 674 884 674 945 675 884 675 936 675 936 675 884 675 883 675 907 376 704 376 946 376 946 376 704 376 917 376 946 376 917 376 916 376 946 376 916 376 938 376 938 376 916 376 732 376 938 376 732 376 880 376 947 676 901 676 948 676 948 676 901 676 911 676 948 677 911 677 949 677 949 677 911 677 910 677 949 678 910 678 950 678 950 678 910 678 909 678 950 679 909 679 951 679 951 679 909 679 906 679 951 680 906 680 952 680 952 681 906 681 905 681 952 682 905 682 953 682 953 683 905 683 904 683 953 684 904 684 954 684 954 684 904 684 908 684 954 685 908 685 946 685 946 686 908 686 907 686 902 160 901 160 955 160 955 160 901 160 947 160 956 687 898 687 957 687 957 688 898 688 900 688 957 689 900 689 958 689 958 689 900 689 899 689 958 690 899 690 959 690 959 690 899 690 915 690 959 691 915 691 960 691 960 691 915 691 914 691 960 692 914 692 961 692 961 692 914 692 913 692 961 693 913 693 962 693 962 693 913 693 912 693 962 694 912 694 963 694 963 694 912 694 903 694 963 695 903 695 955 695 955 695 903 695 902 695 889 696 750 696 964 696 964 696 750 696 934 696 964 696 934 696 935 696 964 696 935 696 956 696 956 696 935 696 778 696 956 696 778 696 898 696 937 697 894 697 965 697 965 698 894 698 893 698 965 699 893 699 966 699 966 700 893 700 892 700 966 701 892 701 967 701 967 701 892 701 891 701 967 702 891 702 968 702 968 702 891 702 888 702 968 703 888 703 969 703 969 703 888 703 887 703 969 704 887 704 970 704 970 704 887 704 886 704 970 705 886 705 971 705 971 705 886 705 890 705 971 706 890 706 964 706 964 706 890 706 889 706 965 377 963 377 937 377 937 377 963 377 955 377 937 377 955 377 936 377 936 377 955 377 947 377 936 377 947 377 945 377 945 377 947 377 948 377 945 377 948 377 944 377 944 377 948 377 949 377 944 377 949 377 938 377 938 377 949 377 946 377 946 377 949 377 950 377 946 377 950 377 951 377 963 377 965 377 962 377 962 377 965 377 966 377 962 707 966 707 956 707 956 707 966 707 964 707 964 708 966 708 967 708 964 709 967 709 968 709 968 710 969 710 964 710 964 377 969 377 970 377 964 377 970 377 971 377 957 377 958 377 956 377 956 377 958 377 959 377 956 711 959 711 960 711 960 712 961 712 956 712 956 713 961 713 962 713 951 377 952 377 946 377 946 377 952 377 953 377 946 377 953 377 954 377 939 377 940 377 938 377 938 377 940 377 941 377 938 377 941 377 942 377 942 377 943 377 938 377 938 377 943 377 944 377 935 377 972 377 778 377 778 377 972 377 776 377 776 377 972 377 973 377 776 377 973 377 774 377 774 377 973 377 974 377 774 377 974 377 772 377 772 377 974 377 975 377 772 377 975 377 770 377 770 377 975 377 976 377 770 377 976 377 768 377 768 377 976 377 977 377 768 377 977 377 766 377 766 377 977 377 764 377 764 377 977 377 978 377 764 377 978 377 762 377 762 377 978 377 760 377 760 377 978 377 979 377 760 377 979 377 758 377 758 377 979 377 980 377 758 377 980 377 756 377 756 377 980 377 981 377 756 377 981 377 754 377 754 377 981 377 982 377 754 377 982 377 752 377 752 377 982 377 983 377 752 377 983 377 750 377 750 377 983 377 934 377 917 377 704 377 984 377 984 377 704 377 706 377 984 377 706 377 985 377 985 377 706 377 708 377 985 377 708 377 986 377 986 377 708 377 710 377 986 377 710 377 987 377 987 377 710 377 712 377 987 377 712 377 988 377 988 377 712 377 714 377 988 377 714 377 989 377 989 377 714 377 716 377 989 377 716 377 718 377 989 377 718 377 990 377 990 377 718 377 720 377 990 377 720 377 722 377 990 377 722 377 991 377 991 377 722 377 724 377 991 377 724 377 992 377 992 377 724 377 726 377 992 377 726 377 993 377 993 377 726 377 728 377 993 377 728 377 994 377 994 377 728 377 730 377 994 377 730 377 995 377 995 377 730 377 732 377 995 377 732 377 916 377 996 375 997 375 998 375 998 375 997 375 999 375 998 375 999 375 1000 375 1000 375 999 375 1001 375 1000 375 1001 375 1002 375 1002 375 1001 375 1003 375 1002 375 1003 375 1004 375 1004 375 1003 375 1005 375 1004 375 1005 375 1006 375 1006 375 1005 375 1007 375 1006 375 1007 375 1008 375 1008 375 1007 375 1009 375 1008 375 1009 375 1010 375 1010 375 1009 375 1011 375 1011 375 1009 375 1012 375 1011 375 1012 375 1013 375 1013 375 1012 375 1014 375 1013 375 1014 375 1015 375 1015 375 1014 375 1016 375 1015 375 1016 375 1017 375 1017 375 1016 375 1018 375 1017 375 1018 375 1019 375 1019 375 1018 375 1020 375 1019 375 1020 375 1021 375 1021 375 1020 375 1022 375 1021 375 1022 375 1023 375 1023 375 1022 375 1024 375 1023 375 1024 375 1025 375 1023 375 1025 375 1026 375 1026 375 1025 375 1027 375 1026 375 1027 375 1028 375 1028 375 1027 375 1029 375 1028 375 1029 375 1030 375 1030 375 1029 375 1031 375 1030 375 1031 375 1032 375 1032 375 1031 375 1033 375 1032 375 1033 375 1034 375 1034 375 1033 375 1035 375 1035 375 1033 375 1036 375 1035 375 1036 375 1037 375 1037 375 1036 375 1038 375 1037 375 1038 375 1039 375 1039 375 1038 375 1040 375 1039 375 1040 375 1041 375 1041 375 1040 375 1042 375 1041 375 1042 375 1043 375 1043 375 1042 375 996 375 1043 375 996 375 998 375 1000 714 1044 714 998 714 998 714 1044 714 1045 714 998 715 1045 715 1043 715 1043 715 1045 715 1046 715 1043 716 1046 716 1041 716 1041 716 1046 716 1047 716 1041 717 1047 717 1039 717 1039 717 1047 717 1048 717 1039 718 1048 718 1037 718 1037 718 1048 718 1049 718 1037 719 1049 719 1035 719 1035 719 1049 719 1050 719 1035 720 1050 720 1034 720 1034 720 1050 720 1051 720 1034 721 1051 721 1032 721 1032 721 1051 721 1052 721 1032 722 1052 722 1030 722 1030 722 1052 722 1053 722 1030 723 1053 723 1028 723 1028 723 1053 723 1054 723 1028 724 1054 724 1026 724 1026 724 1054 724 1055 724 1026 725 1055 725 1023 725 1023 725 1055 725 1056 725 1023 726 1056 726 1021 726 1021 726 1056 726 1057 726 1021 727 1057 727 1019 727 1019 727 1057 727 1058 727 1019 728 1058 728 1017 728 1017 728 1058 728 1059 728 1017 729 1059 729 1015 729 1015 729 1059 729 1060 729 1015 730 1060 730 1013 730 1013 730 1060 730 1061 730 1013 731 1061 731 1011 731 1011 731 1061 731 1062 731 1011 732 1062 732 1010 732 1010 732 1062 732 1063 732 1010 733 1063 733 1008 733 1008 733 1063 733 1064 733 1008 734 1064 734 1006 734 1006 734 1064 734 1065 734 1006 735 1065 735 1004 735 1004 735 1065 735 1066 735 1004 736 1066 736 1002 736 1002 736 1066 736 1067 736 1002 737 1067 737 1000 737 1000 737 1067 737 1044 737 1044 738 864 738 1045 738 1045 739 864 739 862 739 1045 740 862 740 860 740 864 741 1044 741 866 741 866 742 1044 742 1067 742 866 743 1067 743 868 743 868 744 1067 744 870 744 870 745 1067 745 1066 745 870 746 1066 746 872 746 872 747 1066 747 874 747 874 748 1066 748 1065 748 874 749 1065 749 876 749 876 750 1065 750 878 750 878 751 1065 751 1064 751 878 752 1064 752 793 752 793 753 1064 753 690 753 690 754 1064 754 1063 754 690 755 1063 755 700 755 700 756 1063 756 701 756 701 757 1063 757 699 757 699 758 1063 758 1062 758 699 759 1062 759 798 759 798 760 1062 760 800 760 800 761 1062 761 1061 761 800 762 1061 762 802 762 802 763 1061 763 804 763 804 764 1061 764 1060 764 804 765 1060 765 806 765 806 766 1060 766 808 766 808 767 1060 767 1059 767 808 768 1059 768 810 768 810 769 1059 769 812 769 812 770 1059 770 1058 770 812 771 1058 771 814 771 814 772 1058 772 1057 772 814 773 1057 773 816 773 816 774 1057 774 818 774 818 775 1057 775 1056 775 818 776 1056 776 820 776 820 777 1056 777 822 777 822 778 1056 778 1055 778 822 779 1055 779 824 779 824 780 1055 780 826 780 826 781 1055 781 1054 781 826 782 1054 782 828 782 828 783 1054 783 830 783 830 784 1054 784 1053 784 830 785 1053 785 832 785 832 786 1053 786 834 786 834 787 1053 787 1052 787 834 788 1052 788 836 788 836 789 1052 789 838 789 838 790 1052 790 1051 790 838 791 1051 791 840 791 840 792 1051 792 1050 792 840 793 1050 793 842 793 842 794 1050 794 844 794 844 795 1050 795 1049 795 844 796 1049 796 846 796 846 797 1049 797 848 797 848 798 1049 798 1048 798 848 799 1048 799 850 799 850 800 1048 800 852 800 852 801 1048 801 1047 801 852 802 1047 802 854 802 854 803 1047 803 856 803 856 804 1047 804 1046 804 856 805 1046 805 858 805 858 806 1046 806 860 806 860 807 1046 807 1045 807 933 808 1068 808 935 808 935 809 1068 809 1069 809 935 810 1069 810 972 810 972 811 1069 811 1070 811 972 812 1070 812 973 812 973 813 1070 813 974 813 974 814 1070 814 1071 814 974 815 1071 815 975 815 975 816 1071 816 1072 816 975 817 1072 817 976 817 976 818 1072 818 1073 818 976 819 1073 819 977 819 977 820 1073 820 1074 820 977 821 1074 821 978 821 978 822 1074 822 1075 822 978 823 1075 823 979 823 979 824 1075 824 1076 824 979 825 1076 825 980 825 980 826 1076 826 1077 826 980 827 1077 827 981 827 981 828 1077 828 1078 828 981 829 1078 829 982 829 982 830 1078 830 1079 830 982 831 1079 831 983 831 983 832 1079 832 1080 832 983 833 1080 833 934 833 934 834 1080 834 1081 834 934 835 1081 835 932 835 932 836 1081 836 1082 836 932 837 1082 837 930 837 930 838 1082 838 1083 838 930 839 1083 839 928 839 928 840 1083 840 1084 840 928 841 1084 841 926 841 926 842 1084 842 1085 842 926 843 1085 843 924 843 924 844 1085 844 1086 844 924 845 1086 845 922 845 922 846 1086 846 1087 846 922 847 1087 847 920 847 920 848 1087 848 1088 848 920 849 1088 849 918 849 918 850 1088 850 1089 850 918 851 1089 851 916 851 916 852 1089 852 1090 852 916 853 1090 853 995 853 995 854 1090 854 1091 854 995 855 1091 855 994 855 994 856 1091 856 1092 856 994 857 1092 857 993 857 993 858 1092 858 1093 858 993 859 1093 859 992 859 992 860 1093 860 1094 860 992 861 1094 861 991 861 991 862 1094 862 1095 862 991 863 1095 863 990 863 990 864 1095 864 1096 864 990 865 1096 865 989 865 989 866 1096 866 1097 866 989 867 1097 867 988 867 988 868 1097 868 1098 868 988 869 1098 869 987 869 987 870 1098 870 1099 870 987 871 1099 871 986 871 986 872 1099 872 1100 872 986 873 1100 873 985 873 985 874 1100 874 984 874 984 875 1100 875 1101 875 984 876 1101 876 917 876 917 877 1101 877 1102 877 917 878 1102 878 919 878 919 879 1102 879 1103 879 919 880 1103 880 921 880 921 881 1103 881 1104 881 921 882 1104 882 923 882 923 883 1104 883 1105 883 923 884 1105 884 925 884 925 885 1105 885 1106 885 925 886 1106 886 927 886 927 886 1106 886 1107 886 927 887 1107 887 1108 887 1108 888 1107 888 1109 888 1108 889 1109 889 1110 889 1110 889 1109 889 1111 889 1110 890 1111 890 1112 890 1112 891 1111 891 1113 891 1112 892 1113 892 1068 892 1068 892 1113 892 1114 892 1068 893 1114 893 1069 893 1069 894 1114 894 1115 894 1069 895 1115 895 1070 895 1070 896 1115 896 1116 896 1070 897 1116 897 1071 897 1071 897 1116 897 1117 897 1071 898 1117 898 1072 898 1072 899 1117 899 1118 899 1072 900 1118 900 1073 900 1073 901 1118 901 1119 901 1073 902 1119 902 1074 902 1074 903 1119 903 1120 903 1074 904 1120 904 1075 904 1075 904 1120 904 1121 904 1075 905 1121 905 1076 905 1076 906 1121 906 1122 906 1076 907 1122 907 1077 907 1077 908 1122 908 1123 908 1077 909 1123 909 1078 909 1078 910 1123 910 1124 910 1078 911 1124 911 1079 911 1079 912 1124 912 1125 912 1079 913 1125 913 1080 913 1080 913 1125 913 1126 913 1080 914 1126 914 1081 914 1081 914 1126 914 1127 914 1081 915 1127 915 1082 915 1082 915 1127 915 1128 915 1082 916 1128 916 1083 916 1083 917 1128 917 1129 917 1083 918 1129 918 1084 918 1084 919 1129 919 1130 919 1084 920 1130 920 1085 920 1085 921 1130 921 1131 921 1085 922 1131 922 1086 922 1086 922 1131 922 1132 922 1086 923 1132 923 1087 923 1087 923 1132 923 1133 923 1087 924 1133 924 1088 924 1088 925 1133 925 1134 925 1088 926 1134 926 1089 926 1089 927 1134 927 1135 927 1089 928 1135 928 1090 928 1090 929 1135 929 1136 929 1090 930 1136 930 1091 930 1091 930 1136 930 1137 930 1091 931 1137 931 1092 931 1092 931 1137 931 1138 931 1092 932 1138 932 1093 932 1093 932 1138 932 1139 932 1093 933 1139 933 1094 933 1094 934 1139 934 1140 934 1094 935 1140 935 1095 935 1095 936 1140 936 1141 936 1095 937 1141 937 1096 937 1096 937 1141 937 1142 937 1096 938 1142 938 1097 938 1097 939 1142 939 1143 939 1097 940 1143 940 1098 940 1098 941 1143 941 1144 941 1098 942 1144 942 1099 942 1099 943 1144 943 1145 943 1099 944 1145 944 1100 944 1100 944 1145 944 1146 944 1100 945 1146 945 1101 945 1101 945 1146 945 1147 945 1101 946 1147 946 1102 946 1102 946 1147 946 1148 946 1102 947 1148 947 1103 947 1103 948 1148 948 1149 948 1103 949 1149 949 1104 949 1104 950 1149 950 1150 950 1104 951 1150 951 1105 951 1105 952 1150 952 1151 952 1105 953 1151 953 1106 953 1106 954 1151 954 1152 954 1106 955 1152 955 1107 955 1107 955 1152 955 1153 955 1107 956 1153 956 1109 956 1109 957 1153 957 1154 957 1109 958 1154 958 1111 958 1111 958 1154 958 1155 958 1111 891 1155 891 1113 891 1113 891 1155 891 1156 891 1113 892 1156 892 1114 892 1114 892 1156 892 1157 892 1114 893 1157 893 1115 893 1115 893 1157 893 1158 893 1115 896 1158 896 1116 896 1116 896 1158 896 1159 896 1116 897 1159 897 1117 897 1117 897 1159 897 1160 897 1117 898 1160 898 1118 898 1118 898 1160 898 1161 898 1118 959 1161 959 1119 959 1119 960 1161 960 1162 960 1119 961 1162 961 1120 961 1120 903 1162 903 1163 903 1120 904 1163 904 1121 904 1121 904 1163 904 1164 904 1121 905 1164 905 1122 905 1122 905 1164 905 1165 905 1122 908 1165 908 1123 908 1123 908 1165 908 1166 908 1123 909 1166 909 1124 909 1124 909 1166 909 1167 909 1124 912 1167 912 1125 912 1125 912 1167 912 1168 912 1125 913 1168 913 1126 913 1126 962 1168 962 1169 962 1126 963 1169 963 1127 963 1127 914 1169 914 1170 914 1127 915 1170 915 1128 915 1128 915 1170 915 1171 915 1128 916 1171 916 1129 916 1129 916 1171 916 1172 916 1129 919 1172 919 1130 919 1130 919 1172 919 1173 919 1130 920 1173 920 1131 920 1131 921 1173 921 1174 921 1131 922 1174 922 1132 922 1132 964 1174 964 1175 964 1132 965 1175 965 1133 965 1133 965 1175 965 1176 965 1133 925 1176 925 1134 925 1134 925 1176 925 1177 925 1134 926 1177 926 1135 926 1135 926 1177 926 1178 926 1135 929 1178 929 1136 929 1136 929 1178 929 1179 929 1136 930 1179 930 1137 930 1137 930 1179 930 1180 930 1137 931 1180 931 1138 931 1138 931 1180 931 1181 931 1138 932 1181 932 1139 932 1139 932 1181 932 1182 932 1139 933 1182 933 1140 933 1140 966 1182 966 1183 966 1140 936 1183 936 1141 936 1141 936 1183 936 1184 936 1141 937 1184 937 1142 937 1142 967 1184 967 1185 967 1142 968 1185 968 1143 968 1143 938 1185 938 1186 938 1143 969 1186 969 1144 969 1144 970 1186 970 1187 970 1144 971 1187 971 1145 971 1145 971 1187 971 1188 971 1145 972 1188 972 1146 972 1146 944 1188 944 1189 944 1146 945 1189 945 1147 945 1147 945 1189 945 1190 945 1147 946 1190 946 1148 946 1148 946 1190 946 1191 946 1148 947 1191 947 1149 947 1149 947 1191 947 1192 947 1149 950 1192 950 1150 950 1150 949 1192 949 1193 949 1150 952 1193 952 1151 952 1151 951 1193 951 1194 951 1151 973 1194 973 1152 973 1152 974 1194 974 1195 974 1152 975 1195 975 1153 975 1153 975 1195 975 1196 975 1153 976 1196 976 1154 976 1154 977 1196 977 1197 977 1154 978 1197 978 1198 978 1068 979 933 979 1112 979 1112 980 933 980 931 980 1112 981 931 981 1110 981 1110 982 931 982 929 982 1110 983 929 983 1108 983 1108 984 929 984 927 984 1197 985 1196 985 1199 985 1199 986 1196 986 1195 986 1199 987 1195 987 1200 987 1200 988 1195 988 1194 988 1200 989 1194 989 1201 989 1201 990 1194 990 1193 990 1201 991 1193 991 1202 991 1202 992 1193 992 1192 992 1202 993 1192 993 1203 993 1203 994 1192 994 1191 994 1203 995 1191 995 1204 995 1204 996 1191 996 1190 996 1204 997 1190 997 1205 997 1205 998 1190 998 1189 998 1205 999 1189 999 1206 999 1206 1000 1189 1000 1188 1000 1206 1001 1188 1001 1207 1001 1207 1002 1188 1002 1187 1002 1207 1003 1187 1003 1208 1003 1208 1004 1187 1004 1186 1004 1208 1005 1186 1005 1209 1005 1209 1006 1186 1006 1185 1006 1209 1007 1185 1007 1210 1007 1210 1008 1185 1008 1184 1008 1210 1009 1184 1009 1211 1009 1211 1010 1184 1010 1183 1010 1211 1011 1183 1011 1212 1011 1212 1012 1183 1012 1182 1012 1212 1013 1182 1013 1213 1013 1213 1014 1182 1014 1181 1014 1213 1015 1181 1015 1214 1015 1214 1016 1181 1016 1180 1016 1214 1017 1180 1017 1215 1017 1215 1018 1180 1018 1179 1018 1215 1019 1179 1019 1216 1019 1216 1020 1179 1020 1178 1020 1216 1021 1178 1021 1217 1021 1217 1022 1178 1022 1177 1022 1217 1023 1177 1023 1218 1023 1218 1024 1177 1024 1176 1024 1218 1025 1176 1025 1219 1025 1219 1026 1176 1026 1175 1026 1219 1027 1175 1027 1220 1027 1220 1028 1175 1028 1174 1028 1220 1029 1174 1029 1221 1029 1221 1030 1174 1030 1173 1030 1221 1031 1173 1031 1222 1031 1222 1032 1173 1032 1172 1032 1222 1033 1172 1033 1223 1033 1223 1034 1172 1034 1171 1034 1223 1035 1171 1035 1224 1035 1224 1036 1171 1036 1170 1036 1224 1037 1170 1037 1225 1037 1225 1038 1170 1038 1169 1038 1225 1039 1169 1039 1226 1039 1226 1040 1169 1040 1168 1040 1226 1041 1168 1041 1227 1041 1227 1042 1168 1042 1167 1042 1227 1043 1167 1043 1228 1043 1228 1044 1167 1044 1166 1044 1228 1045 1166 1045 1229 1045 1229 1046 1166 1046 1165 1046 1229 1047 1165 1047 1230 1047 1230 1048 1165 1048 1164 1048 1230 1049 1164 1049 1231 1049 1231 1050 1164 1050 1163 1050 1231 1051 1163 1051 1232 1051 1232 1052 1163 1052 1162 1052 1232 1053 1162 1053 1233 1053 1233 1054 1162 1054 1161 1054 1233 1055 1161 1055 1234 1055 1234 1056 1161 1056 1160 1056 1234 1057 1160 1057 1235 1057 1235 1058 1160 1058 1159 1058 1235 1059 1159 1059 1236 1059 1236 1060 1159 1060 1158 1060 1236 1061 1158 1061 1237 1061 1237 1062 1158 1062 1157 1062 1237 1063 1157 1063 1238 1063 1238 1064 1157 1064 1156 1064 1238 1065 1156 1065 1239 1065 1239 1066 1156 1066 1155 1066 1239 1067 1155 1067 1198 1067 1198 1068 1155 1068 1154 1068 1197 1069 1199 1069 1240 1069 1240 1070 1199 1070 1200 1070 1240 1071 1200 1071 1241 1071 1241 1072 1200 1072 1201 1072 1241 1073 1201 1073 1202 1073 1241 1074 1202 1074 1242 1074 1242 1075 1202 1075 1203 1075 1242 1076 1203 1076 1243 1076 1243 1077 1203 1077 1204 1077 1243 1078 1204 1078 1205 1078 1243 1079 1205 1079 1244 1079 1244 1080 1205 1080 1206 1080 1244 1081 1206 1081 1207 1081 1244 1082 1207 1082 1245 1082 1245 1083 1207 1083 1208 1083 1245 1084 1208 1084 1209 1084 1245 1085 1209 1085 1246 1085 1246 1086 1209 1086 1210 1086 1246 1087 1210 1087 1211 1087 1246 1088 1211 1088 1247 1088 1247 1089 1211 1089 1212 1089 1247 1090 1212 1090 1248 1090 1248 1091 1212 1091 1213 1091 1248 1092 1213 1092 1214 1092 1248 1093 1214 1093 1249 1093 1249 1094 1214 1094 1215 1094 1249 1095 1215 1095 1216 1095 1249 1096 1216 1096 1250 1096 1250 1097 1216 1097 1217 1097 1250 1098 1217 1098 1218 1098 1250 1099 1218 1099 1251 1099 1251 1100 1218 1100 1219 1100 1251 1101 1219 1101 1220 1101 1251 1102 1220 1102 1252 1102 1252 1103 1220 1103 1221 1103 1252 1104 1221 1104 1253 1104 1253 1105 1221 1105 1222 1105 1253 1106 1222 1106 1223 1106 1253 1107 1223 1107 1254 1107 1254 1108 1223 1108 1224 1108 1254 1109 1224 1109 1225 1109 1254 1110 1225 1110 1255 1110 1255 1111 1225 1111 1226 1111 1255 1112 1226 1112 1227 1112 1255 1113 1227 1113 1256 1113 1256 1114 1227 1114 1228 1114 1256 1115 1228 1115 1229 1115 1256 1116 1229 1116 1257 1116 1257 1117 1229 1117 1230 1117 1257 1118 1230 1118 1258 1118 1258 1119 1230 1119 1231 1119 1258 1120 1231 1120 1232 1120 1258 1121 1232 1121 1259 1121 1259 1122 1232 1122 1233 1122 1259 1123 1233 1123 1234 1123 1259 1124 1234 1124 1260 1124 1260 1125 1234 1125 1235 1125 1260 1126 1235 1126 1236 1126 1260 1127 1236 1127 1261 1127 1261 1128 1236 1128 1237 1128 1261 1129 1237 1129 1238 1129 1261 1130 1238 1130 1262 1130 1262 1131 1238 1131 1239 1131 1262 1132 1239 1132 1263 1132 1263 1133 1239 1133 1198 1133 1263 1134 1198 1134 1197 1134 1263 1135 1197 1135 1240 1135 1241 1136 1264 1136 1240 1136 1240 1136 1264 1136 1265 1136 1240 1137 1265 1137 1263 1137 1263 1138 1265 1138 1266 1138 1263 1139 1266 1139 1262 1139 1262 1140 1266 1140 1267 1140 1262 1141 1267 1141 1261 1141 1261 1141 1267 1141 1268 1141 1261 1142 1268 1142 1260 1142 1260 1142 1268 1142 1269 1142 1260 1143 1269 1143 1259 1143 1259 1144 1269 1144 1270 1144 1259 1145 1270 1145 1258 1145 1258 1146 1270 1146 1271 1146 1258 1147 1271 1147 1257 1147 1257 1148 1271 1148 1272 1148 1257 1149 1272 1149 1256 1149 1256 1150 1272 1150 1273 1150 1256 1151 1273 1151 1255 1151 1255 1151 1273 1151 1274 1151 1255 1152 1274 1152 1254 1152 1254 1152 1274 1152 1275 1152 1254 1153 1275 1153 1253 1153 1253 1154 1275 1154 1276 1154 1253 1155 1276 1155 1252 1155 1252 1155 1276 1155 1277 1155 1252 1156 1277 1156 1251 1156 1251 1157 1277 1157 1278 1157 1251 1158 1278 1158 1250 1158 1250 1159 1278 1159 1279 1159 1250 1160 1279 1160 1249 1160 1249 1160 1279 1160 1280 1160 1249 1161 1280 1161 1248 1161 1248 1161 1280 1161 1281 1161 1248 1162 1281 1162 1247 1162 1247 1163 1281 1163 1282 1163 1247 1164 1282 1164 1246 1164 1246 1165 1282 1165 1283 1165 1246 1166 1283 1166 1245 1166 1245 1167 1283 1167 1284 1167 1245 1168 1284 1168 1244 1168 1244 1168 1284 1168 1285 1168 1244 1169 1285 1169 1243 1169 1243 1169 1285 1169 1286 1169 1243 1170 1286 1170 1242 1170 1242 1170 1286 1170 1287 1170 1242 1171 1287 1171 1241 1171 1241 1171 1287 1171 1264 1171 996 1137 1288 1137 997 1137 997 1137 1288 1137 1289 1137 997 1136 1289 1136 999 1136 999 1136 1289 1136 1290 1136 999 1171 1290 1171 1001 1171 1001 1171 1290 1171 1291 1171 1001 1170 1291 1170 1003 1170 1003 1170 1291 1170 1292 1170 1003 1169 1292 1169 1005 1169 1005 1169 1292 1169 1293 1169 1005 1168 1293 1168 1007 1168 1007 1172 1293 1172 1294 1172 1007 1166 1294 1166 1009 1166 1009 1167 1294 1167 1295 1167 1009 1173 1295 1173 1012 1173 1012 1165 1295 1165 1296 1165 1012 1174 1296 1174 1014 1174 1014 1162 1296 1162 1297 1162 1014 1161 1297 1161 1016 1161 1016 1161 1297 1161 1298 1161 1016 1160 1298 1160 1018 1160 1018 1160 1298 1160 1299 1160 1018 1159 1299 1159 1020 1159 1020 1159 1299 1159 1300 1159 1020 1156 1300 1156 1022 1156 1022 1156 1300 1156 1301 1156 1022 1155 1301 1155 1024 1155 1024 1155 1301 1155 1302 1155 1024 1154 1302 1154 1025 1154 1025 1154 1302 1154 1303 1154 1025 1175 1303 1175 1027 1175 1027 1175 1303 1175 1304 1175 1027 1176 1304 1176 1029 1176 1029 1177 1304 1177 1305 1177 1029 1178 1305 1178 1031 1178 1031 1179 1305 1179 1306 1179 1031 1180 1306 1180 1033 1180 1033 1147 1306 1147 1307 1147 1033 1146 1307 1146 1036 1146 1036 1181 1307 1181 1308 1181 1036 1143 1308 1143 1038 1143 1038 1143 1308 1143 1309 1143 1038 1142 1309 1142 1040 1142 1040 1142 1309 1142 1310 1142 1040 1141 1310 1141 1042 1141 1042 1141 1310 1141 1311 1141 1042 1140 1311 1140 996 1140 996 1140 1311 1140 1288 1140 1277 1157 1301 1157 1278 1157 1278 1156 1301 1156 1300 1156 1278 1159 1300 1159 1279 1159 1279 1159 1300 1159 1299 1159 1279 1160 1299 1160 1280 1160 1280 1160 1299 1160 1298 1160 1280 1161 1298 1161 1281 1161 1281 1161 1298 1161 1297 1161 1281 1162 1297 1162 1282 1162 1282 1162 1297 1162 1296 1162 1282 1173 1296 1173 1283 1173 1283 1173 1296 1173 1295 1173 1283 1167 1295 1167 1284 1167 1284 1167 1295 1167 1294 1167 1284 1168 1294 1168 1285 1168 1285 1168 1294 1168 1293 1168 1285 1169 1293 1169 1286 1169 1286 1169 1293 1169 1292 1169 1286 1170 1292 1170 1287 1170 1287 1170 1292 1170 1291 1170 1287 1171 1291 1171 1264 1171 1264 1171 1291 1171 1290 1171 1264 1136 1290 1136 1265 1136 1265 1182 1290 1182 1289 1182 1265 1138 1289 1138 1266 1138 1266 1137 1289 1137 1288 1137 1266 1140 1288 1140 1267 1140 1267 1140 1288 1140 1311 1140 1267 1141 1311 1141 1268 1141 1268 1141 1311 1141 1310 1141 1268 1142 1310 1142 1269 1142 1269 1183 1310 1183 1309 1183 1269 1184 1309 1184 1270 1184 1270 1143 1309 1143 1308 1143 1270 1181 1308 1181 1271 1181 1271 1185 1308 1185 1307 1185 1271 1186 1307 1186 1272 1186 1272 1186 1307 1186 1306 1186 1272 1150 1306 1150 1273 1150 1273 1179 1306 1179 1305 1179 1273 1176 1305 1176 1274 1176 1274 1176 1305 1176 1304 1176 1274 1175 1304 1175 1275 1175 1275 1175 1304 1175 1303 1175 1275 1154 1303 1154 1276 1154 1276 1154 1303 1154 1302 1154 1276 1155 1302 1155 1277 1155 1277 1187 1302 1187 1301 1187 1312 375 1313 375 1314 375 1314 375 1313 375 1315 375 1314 375 1315 375 1316 375 1316 375 1315 375 1317 375 1316 375 1317 375 1318 375 1318 375 1317 375 1319 375 1318 375 1319 375 1320 375 1320 375 1319 375 1321 375 1320 375 1321 375 1322 375 1322 375 1321 375 1323 375 1322 375 1323 375 1324 375 1324 375 1323 375 1325 375 1324 375 1325 375 1326 375 1326 375 1325 375 1327 375 1326 375 1327 375 1328 375 1313 375 1312 375 1329 375 1329 375 1312 375 1330 375 1329 375 1330 375 1331 375 1331 375 1330 375 1332 375 1331 375 1332 375 1333 375 1333 375 1332 375 1334 375 1333 375 1334 375 1335 375 1335 375 1334 375 1336 375 1335 375 1336 375 1337 375 1337 375 1336 375 1338 375 1337 375 1338 375 1339 375 1316 1188 1340 1188 1314 1188 1314 1189 1340 1189 1341 1189 1314 1190 1341 1190 1342 1190 1340 1191 1316 1191 1343 1191 1343 1192 1316 1192 1318 1192 1343 1193 1318 1193 1344 1193 1344 1194 1318 1194 1345 1194 1345 1195 1318 1195 1320 1195 1345 1196 1320 1196 1346 1196 1346 1197 1320 1197 1322 1197 1346 1198 1322 1198 1347 1198 1347 1199 1322 1199 1348 1199 1348 1200 1322 1200 1324 1200 1348 1201 1324 1201 1349 1201 1349 1202 1324 1202 1326 1202 1349 1203 1326 1203 1350 1203 1350 1204 1326 1204 1351 1204 1351 1205 1326 1205 1328 1205 1351 1206 1328 1206 1352 1206 1352 1207 1328 1207 1353 1207 1353 1208 1328 1208 1327 1208 1353 1209 1327 1209 1354 1209 1354 1210 1327 1210 1325 1210 1354 1211 1325 1211 1355 1211 1355 1212 1325 1212 1356 1212 1356 1213 1325 1213 1323 1213 1356 1214 1323 1214 1357 1214 1357 1215 1323 1215 1321 1215 1357 1216 1321 1216 1358 1216 1358 1217 1321 1217 1359 1217 1359 1218 1321 1218 1319 1218 1359 1219 1319 1219 1360 1219 1360 1220 1319 1220 1317 1220 1360 1221 1317 1221 1361 1221 1361 1222 1317 1222 1362 1222 1362 1223 1317 1223 1315 1223 1362 1224 1315 1224 1363 1224 1363 1225 1315 1225 1313 1225 1363 1226 1313 1226 1364 1226 1364 1227 1313 1227 1365 1227 1365 1228 1313 1228 1329 1228 1365 1229 1329 1229 1366 1229 1366 1230 1329 1230 1331 1230 1366 1231 1331 1231 1367 1231 1367 1232 1331 1232 1368 1232 1368 1233 1331 1233 1333 1233 1368 1234 1333 1234 1369 1234 1369 1235 1333 1235 1335 1235 1369 1236 1335 1236 1370 1236 1370 1237 1335 1237 1371 1237 1371 1238 1335 1238 1337 1238 1371 1239 1337 1239 1372 1239 1372 1240 1337 1240 1339 1240 1372 1241 1339 1241 1373 1241 1373 1242 1339 1242 1374 1242 1374 1243 1339 1243 1338 1243 1374 1244 1338 1244 1375 1244 1375 1245 1338 1245 1376 1245 1376 1246 1338 1246 1336 1246 1376 1247 1336 1247 1377 1247 1377 1248 1336 1248 1334 1248 1377 1249 1334 1249 1378 1249 1378 1250 1334 1250 1379 1250 1379 1251 1334 1251 1332 1251 1379 1252 1332 1252 1380 1252 1380 1253 1332 1253 1330 1253 1380 1254 1330 1254 1381 1254 1381 1255 1330 1255 1382 1255 1382 1256 1330 1256 1312 1256 1382 1257 1312 1257 1342 1257 1342 1258 1312 1258 1314 1258 1340 1259 1383 1259 1341 1259 1341 1260 1383 1260 1384 1260 1341 1261 1384 1261 1342 1261 1342 1262 1384 1262 1385 1262 1342 1263 1385 1263 1382 1263 1382 1264 1385 1264 1386 1264 1382 1265 1386 1265 1381 1265 1381 1266 1386 1266 1387 1266 1381 1267 1387 1267 1380 1267 1380 1268 1387 1268 1388 1268 1380 1269 1388 1269 1379 1269 1379 1270 1388 1270 1389 1270 1379 1271 1389 1271 1378 1271 1378 1272 1389 1272 1390 1272 1378 1273 1390 1273 1377 1273 1377 1274 1390 1274 1391 1274 1377 1275 1391 1275 1376 1275 1376 1276 1391 1276 1392 1276 1376 1277 1392 1277 1375 1277 1375 1278 1392 1278 1393 1278 1375 1279 1393 1279 1374 1279 1374 1280 1393 1280 1394 1280 1374 1281 1394 1281 1373 1281 1373 1282 1394 1282 1395 1282 1373 1283 1395 1283 1372 1283 1372 1284 1395 1284 1396 1284 1372 1285 1396 1285 1371 1285 1371 1286 1396 1286 1397 1286 1371 1287 1397 1287 1370 1287 1370 1288 1397 1288 1398 1288 1370 1289 1398 1289 1369 1289 1369 1290 1398 1290 1399 1290 1369 1291 1399 1291 1368 1291 1368 1292 1399 1292 1400 1292 1368 1293 1400 1293 1367 1293 1367 1294 1400 1294 1401 1294 1367 1295 1401 1295 1366 1295 1366 1296 1401 1296 1402 1296 1366 1297 1402 1297 1365 1297 1365 1298 1402 1298 1403 1298 1365 1299 1403 1299 1364 1299 1364 1300 1403 1300 1404 1300 1364 1301 1404 1301 1363 1301 1363 143 1404 143 1405 143 1363 143 1405 143 1362 143 1362 1302 1405 1302 1406 1302 1362 1303 1406 1303 1361 1303 1361 1304 1406 1304 1407 1304 1361 1305 1407 1305 1360 1305 1360 1306 1407 1306 1408 1306 1360 1307 1408 1307 1359 1307 1359 1308 1408 1308 1409 1308 1359 1309 1409 1309 1358 1309 1358 1310 1409 1310 1410 1310 1358 1311 1410 1311 1357 1311 1357 1312 1410 1312 1411 1312 1357 1313 1411 1313 1356 1313 1356 1314 1411 1314 1412 1314 1356 1315 1412 1315 1355 1315 1355 1316 1412 1316 1413 1316 1355 1317 1413 1317 1354 1317 1354 1318 1413 1318 1414 1318 1354 1319 1414 1319 1353 1319 1353 1320 1414 1320 1415 1320 1353 1321 1415 1321 1352 1321 1352 1322 1415 1322 1416 1322 1352 1323 1416 1323 1351 1323 1351 1324 1416 1324 1417 1324 1351 1325 1417 1325 1350 1325 1350 1326 1417 1326 1418 1326 1350 1327 1418 1327 1349 1327 1349 1328 1418 1328 1419 1328 1349 1329 1419 1329 1348 1329 1348 1330 1419 1330 1420 1330 1348 1331 1420 1331 1347 1331 1347 1332 1420 1332 1421 1332 1347 1333 1421 1333 1346 1333 1346 1334 1421 1334 1422 1334 1346 1335 1422 1335 1345 1335 1345 1336 1422 1336 1423 1336 1345 1337 1423 1337 1344 1337 1344 1338 1423 1338 1424 1338 1344 1339 1424 1339 1343 1339 1343 1340 1424 1340 1425 1340 1343 1341 1425 1341 1340 1341 1340 1342 1425 1342 1383 1342 1384 377 1383 377 1426 377 1426 377 1383 377 1425 377 1426 377 1425 377 1427 377 1427 377 1425 377 1424 377 1427 377 1424 377 1423 377 1427 377 1423 377 1428 377 1428 377 1423 377 1422 377 1428 377 1422 377 1429 377 1429 377 1422 377 1421 377 1429 377 1421 377 1420 377 1429 377 1420 377 1430 377 1430 377 1420 377 1419 377 1430 377 1419 377 1418 377 1430 377 1418 377 1431 377 1431 377 1418 377 1417 377 1431 377 1417 377 1432 377 1432 377 1417 377 1416 377 1432 377 1416 377 1415 377 1432 377 1415 377 1433 377 1433 377 1415 377 1414 377 1433 377 1414 377 1413 377 1433 377 1413 377 1434 377 1434 377 1413 377 1412 377 1434 377 1412 377 1411 377 1434 377 1411 377 1435 377 1435 377 1411 377 1410 377 1435 377 1410 377 1436 377 1436 377 1410 377 1409 377 1436 377 1409 377 1408 377 1436 377 1408 377 1437 377 1437 377 1408 377 1407 377 1437 377 1407 377 1406 377 1437 377 1406 377 1438 377 1438 377 1406 377 1405 377 1438 377 1405 377 1404 377 1438 377 1404 377 1439 377 1439 377 1404 377 1403 377 1439 377 1403 377 1440 377 1440 377 1403 377 1402 377 1440 377 1402 377 1401 377 1440 377 1401 377 1441 377 1441 377 1401 377 1400 377 1441 377 1400 377 1399 377 1441 377 1399 377 1442 377 1442 377 1399 377 1398 377 1442 377 1398 377 1443 377 1443 377 1398 377 1397 377 1443 377 1397 377 1396 377 1443 377 1396 377 1444 377 1444 377 1396 377 1395 377 1444 377 1395 377 1394 377 1444 377 1394 377 1445 377 1445 377 1394 377 1393 377 1445 377 1393 377 1392 377 1445 377 1392 377 1446 377 1446 377 1392 377 1391 377 1446 377 1391 377 1447 377 1447 377 1391 377 1390 377 1447 377 1390 377 1389 377 1447 377 1389 377 1448 377 1448 377 1389 377 1388 377 1448 377 1388 377 1387 377 1448 377 1387 377 1449 377 1449 377 1387 377 1386 377 1449 377 1386 377 1450 377 1450 377 1386 377 1385 377 1450 377 1385 377 1384 377 1450 377 1384 377 1426 377 1427 1343 1451 1343 1426 1343 1426 1344 1451 1344 1452 1344 1426 1345 1452 1345 1450 1345 1450 1346 1452 1346 1453 1346 1450 1347 1453 1347 1449 1347 1449 1348 1453 1348 1454 1348 1449 1349 1454 1349 1448 1349 1448 1350 1454 1350 1455 1350 1448 1351 1455 1351 1447 1351 1447 1352 1455 1352 1456 1352 1447 1353 1456 1353 1446 1353 1446 1354 1456 1354 1457 1354 1446 1355 1457 1355 1445 1355 1445 1356 1457 1356 1458 1356 1445 1357 1458 1357 1444 1357 1444 1358 1458 1358 1459 1358 1444 1359 1459 1359 1443 1359 1443 1360 1459 1360 1460 1360 1443 1361 1460 1361 1442 1361 1442 1362 1460 1362 1461 1362 1442 1363 1461 1363 1441 1363 1441 1364 1461 1364 1462 1364 1441 1365 1462 1365 1440 1365 1440 1366 1462 1366 1463 1366 1440 1367 1463 1367 1439 1367 1439 1368 1463 1368 1464 1368 1439 1369 1464 1369 1438 1369 1438 1370 1464 1370 1465 1370 1438 1371 1465 1371 1437 1371 1437 1372 1465 1372 1466 1372 1437 1373 1466 1373 1436 1373 1436 1374 1466 1374 1467 1374 1436 1375 1467 1375 1435 1375 1435 1376 1467 1376 1468 1376 1435 1377 1468 1377 1434 1377 1434 1378 1468 1378 1469 1378 1434 1379 1469 1379 1433 1379 1433 1380 1469 1380 1470 1380 1433 1381 1470 1381 1432 1381 1432 1382 1470 1382 1471 1382 1432 1383 1471 1383 1431 1383 1431 1384 1471 1384 1472 1384 1431 1385 1472 1385 1430 1385 1430 1386 1472 1386 1473 1386 1430 1387 1473 1387 1429 1387 1429 1388 1473 1388 1474 1388 1429 1389 1474 1389 1428 1389 1428 1390 1474 1390 1475 1390 1428 1391 1475 1391 1427 1391 1427 1392 1475 1392 1451 1392 1476 1393 1477 1393 1478 1393 1478 1394 1477 1394 1479 1394 1478 1395 1479 1395 1480 1395 1480 1396 1479 1396 1481 1396 1480 1397 1481 1397 1482 1397 1482 1398 1481 1398 1483 1398 1482 1399 1483 1399 1484 1399 1484 1400 1483 1400 1485 1400 1484 1401 1485 1401 1486 1401 1486 1402 1485 1402 1487 1402 1486 1403 1487 1403 1488 1403 1488 1404 1487 1404 1489 1404 1488 1405 1489 1405 1490 1405 1490 1406 1489 1406 1491 1406 1490 1407 1491 1407 1492 1407 1492 1408 1491 1408 1493 1408 1492 1409 1493 1409 1494 1409 1494 1410 1493 1410 1495 1410 1494 1411 1495 1411 1496 1411 1496 1412 1495 1412 1497 1412 1496 1413 1497 1413 1498 1413 1498 1414 1497 1414 1499 1414 1498 1415 1499 1415 1500 1415 1500 1416 1499 1416 1501 1416 1500 1417 1501 1417 1502 1417 1502 1418 1501 1418 1503 1418 1502 1419 1503 1419 1504 1419 1504 1420 1503 1420 1505 1420 1504 1421 1505 1421 1506 1421 1506 1422 1505 1422 1507 1422 1506 1423 1507 1423 1508 1423 1508 1424 1507 1424 1509 1424 1508 1425 1509 1425 1510 1425 1510 1426 1509 1426 1511 1426 1510 1427 1511 1427 1512 1427 1512 1428 1511 1428 1513 1428 1512 1429 1513 1429 1514 1429 1514 1430 1513 1430 1515 1430 1514 1431 1515 1431 1516 1431 1516 1432 1515 1432 1517 1432 1516 1433 1517 1433 1518 1433 1518 1434 1517 1434 1519 1434 1518 1435 1519 1435 1520 1435 1520 1436 1519 1436 1521 1436 1520 1437 1521 1437 1522 1437 1522 1438 1521 1438 1523 1438 1522 1439 1523 1439 1524 1439 1524 1440 1523 1440 1525 1440 1524 1441 1525 1441 1476 1441 1476 1442 1525 1442 1477 1442 1464 1443 1526 1443 1465 1443 1465 1443 1526 1443 1527 1443 1465 1444 1527 1444 1466 1444 1466 1444 1527 1444 1528 1444 1466 1445 1528 1445 1467 1445 1467 1445 1528 1445 1529 1445 1467 1446 1529 1446 1468 1446 1468 1446 1529 1446 1530 1446 1468 1447 1530 1447 1469 1447 1469 1448 1530 1448 1531 1448 1469 1449 1531 1449 1470 1449 1470 1450 1531 1450 1532 1450 1470 1451 1532 1451 1471 1451 1471 1452 1532 1452 1533 1452 1471 1453 1533 1453 1472 1453 1472 1454 1533 1454 1534 1454 1472 1455 1534 1455 1473 1455 1473 1456 1534 1456 1535 1456 1473 1457 1535 1457 1474 1457 1474 1457 1535 1457 1536 1457 1474 1458 1536 1458 1475 1458 1475 1458 1536 1458 1537 1458 1475 1459 1537 1459 1451 1459 1451 1459 1537 1459 1538 1459 1451 1460 1538 1460 1452 1460 1452 1460 1538 1460 1539 1460 1452 1461 1539 1461 1453 1461 1453 1461 1539 1461 1540 1461 1453 1462 1540 1462 1454 1462 1454 1462 1540 1462 1541 1462 1454 1463 1541 1463 1455 1463 1455 1463 1541 1463 1542 1463 1455 1464 1542 1464 1456 1464 1456 1465 1542 1465 1543 1465 1456 1466 1543 1466 1457 1466 1457 1467 1543 1467 1544 1467 1457 1468 1544 1468 1458 1468 1458 1468 1544 1468 1545 1468 1458 1469 1545 1469 1459 1469 1459 1469 1545 1469 1546 1469 1459 1470 1546 1470 1460 1470 1460 1470 1546 1470 1547 1470 1460 1471 1547 1471 1461 1471 1461 1471 1547 1471 1548 1471 1461 1472 1548 1472 1462 1472 1462 1472 1548 1472 1549 1472 1462 1473 1549 1473 1463 1473 1463 1473 1549 1473 1550 1473 1463 1474 1550 1474 1464 1474 1464 1474 1550 1474 1526 1474 1526 1475 1551 1475 1527 1475 1527 1476 1551 1476 1552 1476 1527 1477 1552 1477 1528 1477 1528 1444 1552 1444 1553 1444 1528 1445 1553 1445 1529 1445 1529 1478 1553 1478 1554 1478 1529 1479 1554 1479 1530 1479 1530 1480 1554 1480 1555 1480 1530 1448 1555 1448 1531 1448 1531 1447 1555 1447 1556 1447 1531 1450 1556 1450 1532 1450 1532 1449 1556 1449 1557 1449 1532 1481 1557 1481 1533 1481 1533 1451 1557 1451 1558 1451 1533 1482 1558 1482 1534 1482 1534 1482 1558 1482 1559 1482 1534 1456 1559 1456 1535 1456 1535 1483 1559 1483 1560 1483 1535 1484 1560 1484 1536 1484 1536 1485 1560 1485 1561 1485 1536 1486 1561 1486 1537 1486 1537 1486 1561 1486 1562 1486 1537 1487 1562 1487 1538 1487 1538 1459 1562 1459 1563 1459 1538 1460 1563 1460 1539 1460 1539 1488 1563 1488 1564 1488 1539 1489 1564 1489 1540 1489 1540 1490 1564 1490 1565 1490 1540 1491 1565 1491 1541 1491 1541 1492 1565 1492 1566 1492 1541 1493 1566 1493 1542 1493 1542 1493 1566 1493 1567 1493 1542 1494 1567 1494 1543 1494 1543 1464 1567 1464 1568 1464 1543 1467 1568 1467 1544 1467 1544 1466 1568 1466 1569 1466 1544 1495 1569 1495 1545 1495 1545 1496 1569 1496 1570 1496 1545 1497 1570 1497 1546 1497 1546 1498 1570 1498 1571 1498 1546 1499 1571 1499 1547 1499 1547 1470 1571 1470 1572 1470 1547 1471 1572 1471 1548 1471 1548 1500 1572 1500 1573 1500 1548 1501 1573 1501 1549 1501 1549 1472 1573 1472 1574 1472 1549 1473 1574 1473 1550 1473 1550 1473 1574 1473 1575 1473 1550 1474 1575 1474 1526 1474 1526 1502 1575 1502 1551 1502 1551 1443 1503 1443 1552 1443 1552 1443 1503 1443 1501 1443 1552 1444 1501 1444 1553 1444 1553 1444 1501 1444 1499 1444 1553 1445 1499 1445 1554 1445 1554 1445 1499 1445 1497 1445 1554 1446 1497 1446 1555 1446 1555 1446 1497 1446 1495 1446 1555 1447 1495 1447 1556 1447 1556 1503 1495 1503 1493 1503 1556 1504 1493 1504 1557 1504 1557 1450 1493 1450 1491 1450 1557 1451 1491 1451 1558 1451 1558 1451 1491 1451 1489 1451 1558 1482 1489 1482 1559 1482 1559 1505 1489 1505 1487 1505 1559 1506 1487 1506 1560 1506 1560 1456 1487 1456 1485 1456 1560 1457 1485 1457 1561 1457 1561 1507 1485 1507 1483 1507 1561 1508 1483 1508 1562 1508 1562 1508 1483 1508 1481 1508 1562 1509 1481 1509 1563 1509 1563 1459 1481 1459 1479 1459 1563 160 1479 160 1564 160 1564 160 1479 160 1477 160 1564 1510 1477 1510 1565 1510 1565 1461 1477 1461 1525 1461 1565 1462 1525 1462 1566 1462 1566 1462 1525 1462 1523 1462 1566 1463 1523 1463 1567 1463 1567 1463 1523 1463 1521 1463 1567 1464 1521 1464 1568 1464 1568 1464 1521 1464 1519 1464 1568 1467 1519 1467 1569 1467 1569 1467 1519 1467 1517 1467 1569 1468 1517 1468 1570 1468 1570 1468 1517 1468 1515 1468 1570 1469 1515 1469 1571 1469 1571 1511 1515 1511 1513 1511 1571 1512 1513 1512 1572 1512 1572 1470 1513 1470 1511 1470 1572 1471 1511 1471 1573 1471 1573 1471 1511 1471 1509 1471 1573 1472 1509 1472 1574 1472 1574 1472 1509 1472 1507 1472 1574 1473 1507 1473 1575 1473 1575 1513 1507 1513 1505 1513 1575 1514 1505 1514 1551 1514 1551 1474 1505 1474 1503 1474 1480 375 1576 375 1478 375 1478 375 1576 375 1577 375 1478 375 1577 375 1578 375 1482 375 1579 375 1480 375 1480 375 1579 375 1580 375 1480 375 1580 375 1576 375 1484 375 1581 375 1482 375 1482 375 1581 375 1582 375 1482 375 1582 375 1579 375 1486 375 1583 375 1484 375 1484 375 1583 375 1584 375 1484 375 1584 375 1581 375 1583 375 1486 375 1585 375 1585 375 1486 375 1488 375 1585 375 1488 375 1586 375 1586 375 1488 375 1587 375 1587 375 1488 375 1490 375 1587 375 1490 375 1588 375 1588 375 1490 375 1589 375 1589 375 1490 375 1492 375 1589 375 1492 375 1590 375 1590 375 1492 375 1591 375 1591 375 1492 375 1494 375 1591 375 1494 375 1592 375 1592 375 1494 375 1593 375 1593 375 1494 375 1496 375 1593 375 1496 375 1594 375 1594 375 1496 375 1595 375 1595 375 1496 375 1498 375 1595 375 1498 375 1596 375 1596 375 1498 375 1597 375 1597 375 1498 375 1500 375 1597 375 1500 375 1598 375 1598 375 1500 375 1599 375 1599 375 1500 375 1502 375 1599 375 1502 375 1600 375 1600 375 1502 375 1601 375 1601 375 1502 375 1504 375 1601 375 1504 375 1602 375 1602 375 1504 375 1506 375 1602 375 1506 375 1603 375 1603 1515 1506 1515 1604 1515 1604 1516 1506 1516 1508 1516 1604 1517 1508 1517 1605 1517 1605 1518 1508 1518 1606 1518 1606 1519 1508 1519 1510 1519 1606 1520 1510 1520 1607 1520 1607 1521 1510 1521 1608 1521 1608 1522 1510 1522 1512 1522 1608 1523 1512 1523 1609 1523 1609 1524 1512 1524 1610 1524 1610 1525 1512 1525 1514 1525 1610 1526 1514 1526 1611 1526 1611 1527 1514 1527 1612 1527 1612 1528 1514 1528 1516 1528 1612 1529 1516 1529 1613 1529 1613 1530 1516 1530 1614 1530 1614 1531 1516 1531 1518 1531 1614 1532 1518 1532 1615 1532 1615 1533 1518 1533 1616 1533 1616 1534 1518 1534 1520 1534 1616 1535 1520 1535 1617 1535 1617 1536 1520 1536 1522 1536 1617 1537 1522 1537 1618 1537 1618 1538 1522 1538 1619 1538 1619 1539 1522 1539 1524 1539 1619 1540 1524 1540 1620 1540 1620 1541 1524 1541 1621 1541 1621 375 1524 375 1476 375 1621 375 1476 375 1622 375 1622 375 1476 375 1578 375 1578 375 1476 375 1478 375 1576 1542 1623 1542 1577 1542 1577 1543 1623 1543 1624 1543 1577 1544 1624 1544 1578 1544 1578 1545 1624 1545 1625 1545 1578 1546 1625 1546 1622 1546 1622 1547 1625 1547 1626 1547 1622 1548 1626 1548 1621 1548 1621 1549 1626 1549 1627 1549 1621 1550 1627 1550 1620 1550 1620 1551 1627 1551 1628 1551 1620 1552 1628 1552 1619 1552 1619 1553 1628 1553 1629 1553 1619 1554 1629 1554 1618 1554 1618 1555 1629 1555 1630 1555 1618 1556 1630 1556 1617 1556 1617 1557 1630 1557 1631 1557 1617 1558 1631 1558 1616 1558 1616 1559 1631 1559 1632 1559 1616 1560 1632 1560 1615 1560 1615 1561 1632 1561 1633 1561 1615 1562 1633 1562 1614 1562 1614 1563 1633 1563 1634 1563 1614 1564 1634 1564 1613 1564 1613 1565 1634 1565 1635 1565 1613 1566 1635 1566 1612 1566 1612 1567 1635 1567 1636 1567 1612 1568 1636 1568 1611 1568 1611 1569 1636 1569 1637 1569 1611 1570 1637 1570 1610 1570 1610 1571 1637 1571 1638 1571 1610 1572 1638 1572 1609 1572 1609 1573 1638 1573 1639 1573 1609 1574 1639 1574 1608 1574 1608 1575 1639 1575 1640 1575 1608 1576 1640 1576 1607 1576 1607 1577 1640 1577 1641 1577 1607 1578 1641 1578 1606 1578 1606 1579 1641 1579 1642 1579 1606 1580 1642 1580 1605 1580 1605 1581 1642 1581 1643 1581 1605 1582 1643 1582 1604 1582 1604 1583 1643 1583 1644 1583 1604 1584 1644 1584 1603 1584 1603 1585 1644 1585 1645 1585 1603 1586 1645 1586 1602 1586 1602 1587 1645 1587 1646 1587 1602 1588 1646 1588 1601 1588 1601 143 1646 143 1647 143 1601 143 1647 143 1600 143 1600 1589 1647 1589 1648 1589 1600 1590 1648 1590 1599 1590 1599 1591 1648 1591 1649 1591 1599 1592 1649 1592 1598 1592 1598 1593 1649 1593 1650 1593 1598 1594 1650 1594 1597 1594 1597 1595 1650 1595 1651 1595 1597 1596 1651 1596 1596 1596 1596 1597 1651 1597 1652 1597 1596 1598 1652 1598 1595 1598 1595 1599 1652 1599 1653 1599 1595 1600 1653 1600 1594 1600 1594 1601 1653 1601 1654 1601 1594 1602 1654 1602 1593 1602 1593 1603 1654 1603 1655 1603 1593 1604 1655 1604 1592 1604 1592 1605 1655 1605 1656 1605 1592 1606 1656 1606 1591 1606 1591 1607 1656 1607 1657 1607 1591 1608 1657 1608 1590 1608 1590 1609 1657 1609 1658 1609 1590 1610 1658 1610 1589 1610 1589 1611 1658 1611 1659 1611 1589 1612 1659 1612 1588 1612 1588 1613 1659 1613 1660 1613 1588 1614 1660 1614 1587 1614 1587 1615 1660 1615 1661 1615 1587 1616 1661 1616 1586 1616 1586 1617 1661 1617 1662 1617 1586 1618 1662 1618 1585 1618 1585 1619 1662 1619 1663 1619 1585 1620 1663 1620 1583 1620 1583 1621 1663 1621 1664 1621 1583 1622 1664 1622 1584 1622 1584 1623 1664 1623 1665 1623 1584 1624 1665 1624 1581 1624 1581 1625 1665 1625 1666 1625 1581 1626 1666 1626 1582 1626 1582 1627 1666 1627 1667 1627 1582 1628 1667 1628 1579 1628 1579 1629 1667 1629 1668 1629 1579 1630 1668 1630 1580 1630 1580 1631 1668 1631 1669 1631 1580 1632 1669 1632 1576 1632 1576 1633 1669 1633 1623 1633 1623 377 1669 377 1624 377 1624 377 1669 377 1668 377 1624 377 1668 377 1625 377 1625 377 1668 377 1667 377 1625 377 1667 377 1666 377 1666 377 1665 377 1625 377 1625 377 1665 377 1664 377 1625 377 1664 377 1663 377 1663 1634 1662 1634 1625 1634 1625 1635 1662 1635 1661 1635 1625 1636 1661 1636 1660 1636 1660 1637 1659 1637 1625 1637 1625 1638 1659 1638 1658 1638 1625 1639 1658 1639 1657 1639 1625 1640 1657 1640 1626 1640 1626 1641 1657 1641 1656 1641 1626 1642 1656 1642 1655 1642 1655 1643 1654 1643 1626 1643 1626 1644 1654 1644 1653 1644 1626 377 1653 377 1652 377 1652 377 1651 377 1626 377 1626 377 1651 377 1650 377 1626 377 1650 377 1649 377 1649 377 1648 377 1626 377 1626 377 1648 377 1647 377 1626 377 1647 377 1646 377 1646 377 1645 377 1626 377 1626 377 1645 377 1644 377 1626 377 1644 377 1643 377 1626 377 1643 377 1627 377 1627 377 1643 377 1642 377 1627 377 1642 377 1628 377 1628 377 1642 377 1641 377 1628 377 1641 377 1629 377 1629 377 1641 377 1640 377 1629 377 1640 377 1630 377 1630 377 1640 377 1639 377 1630 1645 1639 1645 1631 1645 1631 1645 1639 1645 1638 1645 1631 377 1638 377 1632 377 1632 377 1638 377 1637 377 1632 377 1637 377 1633 377 1633 377 1637 377 1636 377 1633 377 1636 377 1634 377 1634 377 1636 377 1635 377 1670 160 1671 160 1672 160 1672 160 1671 160 1673 160 1674 143 1675 143 1676 143 1676 143 1675 143 1677 143 1676 377 1677 377 1678 377 1678 377 1677 377 1679 377 1678 377 1679 377 1680 377 1680 377 1679 377 1681 377 1680 377 1681 377 1682 377 1682 377 1681 377 1683 377 1682 377 1683 377 1684 377 1684 377 1683 377 1685 377 1684 377 1685 377 1686 377 1686 377 1685 377 1687 377 1686 377 1687 377 1688 377 1688 377 1687 377 1689 377 1688 377 1689 377 1690 377 1690 377 1689 377 1691 377 1690 377 1691 377 1692 377 1692 377 1691 377 1693 377 1692 377 1693 377 1694 377 1694 377 1693 377 1695 377 1694 377 1695 377 1696 377 1696 377 1695 377 1697 377 1696 377 1697 377 1698 377 1698 377 1697 377 1699 377 1698 377 1699 377 1700 377 1700 377 1699 377 1701 377 1700 377 1701 377 1702 377 1702 377 1701 377 1703 377 1702 377 1703 377 1704 377 1704 377 1703 377 1705 377 1704 377 1705 377 1706 377 1706 377 1705 377 1707 377 1707 377 1705 377 1708 377 1707 377 1708 377 1709 377 1709 377 1708 377 1710 377 1709 377 1710 377 1711 377 1711 377 1710 377 1712 377 1711 377 1712 377 1713 377 1713 377 1712 377 1714 377 1713 377 1714 377 1715 377 1715 377 1714 377 1716 377 1715 377 1716 377 1717 377 1717 377 1716 377 1718 377 1717 377 1718 377 1719 377 1719 377 1718 377 1720 377 1719 377 1720 377 1721 377 1721 377 1720 377 1722 377 1721 377 1722 377 1723 377 1723 377 1722 377 1724 377 1723 377 1724 377 1725 377 1725 377 1724 377 1726 377 1725 377 1726 377 1727 377 1727 377 1726 377 1728 377 1727 377 1728 377 1729 377 1729 377 1728 377 1730 377 1729 377 1730 377 1731 377 1731 377 1730 377 1732 377 1731 377 1732 377 1733 377 1733 377 1732 377 1734 377 1733 377 1734 377 1735 377 1735 377 1734 377 1736 377 1735 377 1736 377 1737 377 1737 377 1736 377 1738 377 1738 377 1736 377 1739 377 1738 377 1739 377 1740 377 1740 377 1739 377 1741 377 1740 377 1741 377 1742 377 1742 377 1741 377 1743 377 1742 377 1743 377 1744 377 1744 377 1743 377 1745 377 1744 377 1745 377 1746 377 1746 377 1745 377 1747 377 1746 377 1747 377 1748 377 1748 377 1747 377 1749 377 1748 377 1749 377 1750 377 1750 377 1749 377 1751 377 1750 377 1751 377 1752 377 1752 377 1751 377 1753 377 1752 377 1753 377 1754 377 1754 377 1753 377 1755 377 1754 377 1755 377 1756 377 1756 377 1755 377 1757 377 1756 377 1757 377 1758 377 1758 377 1757 377 1759 377 1758 377 1759 377 1760 377 1760 377 1759 377 1761 377 1760 377 1761 377 1762 377 1762 377 1761 377 1763 377 1762 377 1763 377 1764 377 1764 377 1763 377 1671 377 1764 377 1671 377 1670 377 1675 1646 1765 1646 1677 1646 1677 1647 1765 1647 1679 1647 1679 1648 1765 1648 1766 1648 1679 1649 1766 1649 1681 1649 1681 1650 1766 1650 1767 1650 1681 1651 1767 1651 1683 1651 1683 1652 1767 1652 1768 1652 1683 1653 1768 1653 1685 1653 1685 1654 1768 1654 1769 1654 1685 1655 1769 1655 1687 1655 1687 1656 1769 1656 1770 1656 1687 1657 1770 1657 1689 1657 1689 1658 1770 1658 1771 1658 1689 1659 1771 1659 1691 1659 1691 1660 1771 1660 1772 1660 1691 1661 1772 1661 1693 1661 1693 1662 1772 1662 1773 1662 1693 1663 1773 1663 1695 1663 1695 1664 1773 1664 1774 1664 1695 1665 1774 1665 1697 1665 1697 1666 1774 1666 1775 1666 1697 1667 1775 1667 1699 1667 1699 1668 1775 1668 1776 1668 1699 1669 1776 1669 1701 1669 1701 1670 1776 1670 1777 1670 1701 1671 1777 1671 1703 1671 1703 1672 1777 1672 1778 1672 1703 1673 1778 1673 1705 1673 1705 1674 1778 1674 1779 1674 1705 1675 1779 1675 1708 1675 1708 1676 1779 1676 1780 1676 1708 1677 1780 1677 1710 1677 1710 1678 1780 1678 1781 1678 1710 1679 1781 1679 1712 1679 1712 1680 1781 1680 1782 1680 1712 1681 1782 1681 1714 1681 1714 1682 1782 1682 1783 1682 1714 1683 1783 1683 1716 1683 1716 1684 1783 1684 1784 1684 1716 1685 1784 1685 1718 1685 1718 1686 1784 1686 1785 1686 1718 1687 1785 1687 1720 1687 1720 376 1785 376 1786 376 1720 376 1786 376 1722 376 1722 1688 1786 1688 1787 1688 1722 1689 1787 1689 1724 1689 1724 1690 1787 1690 1788 1690 1724 1691 1788 1691 1726 1691 1726 1692 1788 1692 1789 1692 1726 1693 1789 1693 1728 1693 1728 1694 1789 1694 1790 1694 1728 1695 1790 1695 1730 1695 1730 1696 1790 1696 1791 1696 1730 1697 1791 1697 1732 1697 1732 1698 1791 1698 1792 1698 1732 1699 1792 1699 1734 1699 1734 1700 1792 1700 1793 1700 1734 1701 1793 1701 1736 1701 1736 1702 1793 1702 1794 1702 1736 1703 1794 1703 1739 1703 1739 1704 1794 1704 1795 1704 1739 1705 1795 1705 1741 1705 1741 1706 1795 1706 1796 1706 1741 1707 1796 1707 1743 1707 1743 1708 1796 1708 1797 1708 1743 1709 1797 1709 1745 1709 1745 1710 1797 1710 1798 1710 1745 1711 1798 1711 1747 1711 1747 1712 1798 1712 1799 1712 1747 1713 1799 1713 1749 1713 1749 1714 1799 1714 1800 1714 1749 1715 1800 1715 1751 1715 1751 1716 1800 1716 1801 1716 1751 1717 1801 1717 1753 1717 1753 1718 1801 1718 1802 1718 1753 1719 1802 1719 1755 1719 1755 1720 1802 1720 1803 1720 1755 1721 1803 1721 1757 1721 1757 1722 1803 1722 1804 1722 1757 1723 1804 1723 1759 1723 1759 1724 1804 1724 1805 1724 1759 1725 1805 1725 1761 1725 1761 1726 1805 1726 1806 1726 1761 1727 1806 1727 1763 1727 1763 1728 1806 1728 1673 1728 1763 1729 1673 1729 1671 1729 1674 375 1807 375 1675 375 1675 375 1807 375 1765 375 1765 375 1807 375 1808 375 1765 375 1808 375 1766 375 1766 375 1808 375 1809 375 1766 375 1809 375 1767 375 1767 375 1809 375 1810 375 1767 375 1810 375 1768 375 1768 375 1810 375 1811 375 1768 375 1811 375 1769 375 1769 375 1811 375 1812 375 1769 375 1812 375 1770 375 1770 375 1812 375 1813 375 1770 375 1813 375 1771 375 1771 375 1813 375 1814 375 1771 375 1814 375 1772 375 1772 375 1814 375 1815 375 1772 375 1815 375 1773 375 1773 375 1815 375 1816 375 1773 375 1816 375 1774 375 1774 375 1816 375 1817 375 1774 375 1817 375 1775 375 1775 375 1817 375 1818 375 1775 375 1818 375 1776 375 1776 375 1818 375 1819 375 1776 375 1819 375 1777 375 1777 375 1819 375 1820 375 1777 375 1820 375 1778 375 1778 375 1820 375 1821 375 1778 375 1821 375 1822 375 1778 375 1822 375 1779 375 1779 375 1822 375 1823 375 1779 375 1823 375 1780 375 1780 375 1823 375 1824 375 1780 375 1824 375 1781 375 1781 375 1824 375 1825 375 1781 375 1825 375 1782 375 1782 375 1825 375 1826 375 1782 375 1826 375 1783 375 1783 375 1826 375 1827 375 1783 375 1827 375 1784 375 1784 375 1827 375 1828 375 1784 375 1828 375 1785 375 1785 375 1828 375 1829 375 1785 375 1829 375 1786 375 1786 375 1829 375 1830 375 1786 375 1830 375 1787 375 1787 375 1830 375 1831 375 1787 375 1831 375 1788 375 1788 375 1831 375 1832 375 1788 375 1832 375 1789 375 1789 375 1832 375 1833 375 1789 375 1833 375 1790 375 1790 375 1833 375 1834 375 1790 375 1834 375 1791 375 1791 375 1834 375 1835 375 1791 375 1835 375 1792 375 1792 375 1835 375 1836 375 1792 375 1836 375 1793 375 1793 375 1836 375 1837 375 1793 375 1837 375 1838 375 1793 375 1838 375 1794 375 1794 375 1838 375 1839 375 1794 375 1839 375 1795 375 1795 375 1839 375 1840 375 1795 375 1840 375 1796 375 1796 375 1840 375 1841 375 1796 375 1841 375 1797 375 1797 375 1841 375 1842 375 1797 375 1842 375 1798 375 1798 375 1842 375 1843 375 1798 375 1843 375 1799 375 1799 375 1843 375 1844 375 1799 375 1844 375 1800 375 1800 375 1844 375 1845 375 1800 375 1845 375 1801 375 1801 375 1845 375 1846 375 1801 375 1846 375 1802 375 1802 375 1846 375 1847 375 1802 375 1847 375 1803 375 1803 375 1847 375 1848 375 1803 375 1848 375 1804 375 1804 375 1848 375 1849 375 1804 375 1849 375 1805 375 1805 375 1849 375 1850 375 1805 375 1850 375 1806 375 1806 375 1850 375 1851 375 1806 375 1851 375 1673 375 1673 375 1851 375 1672 375 1676 1730 1678 1730 1674 1730 1674 1731 1678 1731 1807 1731 1807 1732 1678 1732 1680 1732 1807 1733 1680 1733 1808 1733 1808 1734 1680 1734 1682 1734 1808 1735 1682 1735 1809 1735 1809 1736 1682 1736 1684 1736 1809 1737 1684 1737 1810 1737 1810 1738 1684 1738 1686 1738 1810 1739 1686 1739 1811 1739 1811 1740 1686 1740 1688 1740 1811 1741 1688 1741 1812 1741 1812 1742 1688 1742 1690 1742 1812 1743 1690 1743 1813 1743 1813 1744 1690 1744 1692 1744 1813 1745 1692 1745 1814 1745 1814 1746 1692 1746 1694 1746 1814 1747 1694 1747 1815 1747 1815 1748 1694 1748 1696 1748 1815 1749 1696 1749 1816 1749 1816 1750 1696 1750 1698 1750 1816 1751 1698 1751 1817 1751 1817 1752 1698 1752 1700 1752 1817 1753 1700 1753 1818 1753 1818 1754 1700 1754 1702 1754 1818 1755 1702 1755 1819 1755 1819 1756 1702 1756 1704 1756 1819 1757 1704 1757 1820 1757 1820 1758 1704 1758 1706 1758 1820 1759 1706 1759 1821 1759 1821 1760 1706 1760 1707 1760 1821 1761 1707 1761 1822 1761 1822 1762 1707 1762 1709 1762 1822 1763 1709 1763 1823 1763 1823 1764 1709 1764 1711 1764 1823 1765 1711 1765 1824 1765 1824 1766 1711 1766 1713 1766 1824 1767 1713 1767 1825 1767 1825 1768 1713 1768 1715 1768 1825 1769 1715 1769 1826 1769 1826 1770 1715 1770 1717 1770 1826 1771 1717 1771 1827 1771 1827 1772 1717 1772 1719 1772 1827 1773 1719 1773 1828 1773 1828 1774 1719 1774 1721 1774 1828 1775 1721 1775 1829 1775 1829 1776 1721 1776 1723 1776 1829 1777 1723 1777 1830 1777 1830 1778 1723 1778 1725 1778 1830 1779 1725 1779 1831 1779 1831 1780 1725 1780 1727 1780 1831 1781 1727 1781 1832 1781 1832 1782 1727 1782 1729 1782 1832 1783 1729 1783 1833 1783 1833 1784 1729 1784 1731 1784 1833 1785 1731 1785 1834 1785 1834 1786 1731 1786 1733 1786 1834 1787 1733 1787 1835 1787 1835 1788 1733 1788 1735 1788 1835 1789 1735 1789 1836 1789 1836 1790 1735 1790 1737 1790 1836 1791 1737 1791 1837 1791 1837 1792 1737 1792 1738 1792 1837 1793 1738 1793 1838 1793 1838 1794 1738 1794 1740 1794 1838 1795 1740 1795 1839 1795 1839 1796 1740 1796 1742 1796 1839 1797 1742 1797 1840 1797 1840 1798 1742 1798 1744 1798 1840 1799 1744 1799 1841 1799 1841 1800 1744 1800 1746 1800 1841 1801 1746 1801 1842 1801 1842 1802 1746 1802 1748 1802 1842 1803 1748 1803 1843 1803 1843 1804 1748 1804 1750 1804 1843 1805 1750 1805 1844 1805 1844 1806 1750 1806 1752 1806 1844 1807 1752 1807 1845 1807 1845 1808 1752 1808 1846 1808 1846 1808 1752 1808 1754 1808 1846 1809 1754 1809 1847 1809 1847 1809 1754 1809 1756 1809 1847 1810 1756 1810 1758 1810 1847 1811 1758 1811 1848 1811 1848 1812 1758 1812 1760 1812 1848 1813 1760 1813 1849 1813 1849 1814 1760 1814 1762 1814 1849 1815 1762 1815 1850 1815 1850 1816 1762 1816 1764 1816 1850 1817 1764 1817 1851 1817 1851 1818 1764 1818 1670 1818 1851 1819 1670 1819 1672 1819</p>
        </triangles>
      </mesh>
    </geometry>
  </library_geometries>
  <library_visual_scenes>
    <visual_scene id="DefaultScene">
      <node id="node_9c7dcd8a_2bd2_488c_99d3_d964112d8fb8" type="NODE">
        <matrix>1 0 0 0 0 1 0 0 0 0 1 0 0 0 0 1</matrix>
        <node id="node_d7c0a879_d159_46c7_a0da_babf40dc7730" type="NODE">
          <matrix>1 0 0 0 0 1 0 0 0 0 1 0 0 0 0 1</matrix>
          <node id="node_d7c0a879_d159_46c7_a0da_babf40dc7730_mesh0" type="NODE">
            <matrix>1 0 0 0 0 1 0 0 0 0 1 0 0 0 0 1</matrix>
            <instance_geometry url="#geometry_0aefd8ac_11ae_468c_9e00_948cccb9996f">
              <bind_material>
                <technique_common>
                  <instance_material symbol="mat_0" target="#mat_0"/>
                </technique_common>
              </bind_material>
            </instance_geometry>
          </node>
        </node>
      </node>
    </visual_scene>
  </library_visual_scenes>
  <scene>
    <instance_visual_scene url="#DefaultScene"/>
  </scene>
</COLLADA>
