<?xml version="1.0" encoding="UTF-8"?>
<COLLADA xmlns="http://www.collada.org/2005/11/COLLADASchema" version="1.4.1">
<!--
# File generated by ImageToStl.com - Free Image and 3D model conversion tools
-->
  <asset>
    <contributor>
      <author>ImageToStl.com</author>
      <authoring_tool>ImageToStl.com</authoring_tool>
    </contributor>
    <created>2026-07-30T04:23:31</created>
    <modified>2026-07-30T04:23:31</modified>
    <up_axis>Z_UP</up_axis>
  </asset>
  <library_effects>
    <effect id="effect_0">
        <profile_COMMON>
          <technique sid="common">
            <phong>
              <diffuse>
                <color>0.62745 0.62745 0.62745 1</color>
              </diffuse>
            </phong>
          </technique>
        </profile_COMMON>
    </effect>
    <effect id="effect_1">
        <profile_COMMON>
          <technique sid="common">
            <phong>
              <diffuse>
                <color>0.59608 0.59608 0.59608 1</color>
              </diffuse>
            </phong>
          </technique>
        </profile_COMMON>
    </effect>
    <effect id="effect_2">
        <profile_COMMON>
          <technique sid="common">
            <phong>
              <diffuse>
                <color>0.75294 0.75294 0.75294 1</color>
              </diffuse>
            </phong>
          </technique>
        </profile_COMMON>
    </effect>
    <effect id="effect_3">
        <profile_COMMON>
          <technique sid="common">
            <phong>
              <diffuse>
                <color>0.9098 0.9098 0.9098 1</color>
              </diffuse>
            </phong>
          </technique>
        </profile_COMMON>
    </effect>
  </library_effects>
  <library_materials>
    <material id="mat_0">
      <instance_effect url="#effect_0"/>
    </material>
    <material id="mat_1">
      <instance_effect url="#effect_1"/>
    </material>
    <material id="mat_2">
      <instance_effect url="#effect_2"/>
    </material>
    <material id="mat_3">
      <instance_effect url="#effect_3"/>
    </material>
  </library_materials>
  <library_geometries>
    <geometry id="geometry_3d015421_90d0_46b6_8488_a5f0920fd2f2">
      <mesh>
        <source id="pos_0">
          <float_array id="pos_0-array" count="7794">1.98431349 -10.5 176 -1.98431349 -10.5 176 1.5989604 -10.78837109 176 -1.5989604 -10.78837109 176 1.17245102 -11.01140499 176 -1.17245102 -11.01140499 176 0.71576345 -11.1633625 176 -0.71576345 -11.1633625 176 0.24065258 -11.2403326 176 -0.24065258 -11.2403326 176 -2.95442319 -8.7709446 178 -2.9741528 -8.64295769 176 -3 -8.25 178 -2.99657178 -8.10662079 176 -2.95442319 -7.7290554 178 -2.9230473 -7.57487392 176 -2.81907797 -7.22393942 178 -2.75593328 -7.064744 176 -2.59807611 -6.75 178 -2.50058031 -6.59256268 176 -2.29813337 -6.32163715 178 -2.16516447 -6.17344904 176 -1.92836285 -5.95186663 178 -1.76042485 -5.82082224 176 -1.5 -5.65192366 178 -1.29932022 -5.54597187 176 -1.02606046 -5.43092203 178 -0.79661441 -5.35769892 176 -0.52094454 -5.29557657 178 -0.26840267 -5.2620306 176 0 -5.25 178 0.26840267 -5.2620306 176 0.52094454 -5.29557657 178 0.79661441 -5.35769892 176 1.02606046 -5.43092203 178 1.29932022 -5.54597187 176 1.5 -5.65192366 178 1.76042485 -5.82082224 176 1.92836285 -5.95186663 178 2.16516447 -6.17344904 176 2.29813337 -6.32163715 178 2.50058031 -6.59256268 176 2.59807611 -6.75 178 2.75593328 -7.064744 176 2.81907797 -7.22393942 178 2.9230473 -7.57487392 176 2.95442319 -7.7290554 178 2.99657178 -8.10662079 176 3 -8.25 178 2.9741528 -8.64295769 176 2.95442319 -8.7709446 178 2.85650802 -9.16671276 176 2.81907797 -9.2760601 178 2.64740419 -9.66111755 176 2.59807611 -9.75 178 2.35353637 -10.11034012 176 2.29813337 -10.17836285 178 1.92836285 -10.5481329 178 1.5 -10.84807587 178 1.02606046 -11.06907749 178 0.52094454 -11.20442295 178 0 -11.25 178 -0.52094454 -11.20442295 178 -1.02606046 -11.06907749 178 -1.5 -10.84807587 178 -1.92836285 -10.5481329 178 -2.29813337 -10.17836285 178 -2.35353637 -10.11034012 176 -2.59807611 -9.75 178 -2.64740419 -9.66111755 176 -2.81907797 -9.2760601 178 -2.85650802 -9.16671276 176 -16.65417671 -3 117.60795593 -16.65417671 0 117.60795593 -16.70000076 -3 118 -16.70000076 0 118 -16.65417671 -3 118.39204407 -16.65417671 0 118.39204407 -16.51917458 -3 118.76296234 -16.51917458 0 118.76296234 -16.3022747 -3 119.09273529 -16.3022747 0 119.09273529 -16.01516914 -3 119.36360931 -16.01516914 0 119.36360931 -15.67333603 -3 119.56096649 -15.67333603 0 119.56096649 -15.29520226 -3 119.67417145 -15.29520226 0 119.67417145 -14.90115356 -3 119.69712067 -14.90115356 0 119.69712067 -14.51243496 -3 119.62858582 -14.51243496 0 119.62858582 -14.14999962 -3 119.47224426 -14.14999962 0 119.47224426 -13.83338928 -3 119.23653412 -13.83338928 0 119.23653412 -13.57967091 -3 118.93416595 -13.57967091 0 118.93416595 -13.40252209 -3 118.58143616 -13.40252209 0 118.58143616 -13.31149483 -3 118.19735718 -13.31149483 0 118.19735718 -13.31149483 -3 117.80264282 -13.31149483 0 117.80264282 -13.40252209 -3 117.41856384 -13.40252209 0 117.41856384 -13.57967091 -3 117.06583405 -13.57967091 0 117.06583405 -13.83338928 -3 116.76346588 -13.83338928 0 116.76346588 -14.14999962 -3 116.52775574 -14.14999962 0 116.52775574 -14.51243496 -3 116.37141418 -14.51243496 0 116.37141418 -14.90115356 -3 116.30287933 -14.90115356 0 116.30287933 -15.29520226 -3 116.32582855 -15.29520226 0 116.32582855 -15.67333603 -3 116.43903351 -15.67333603 0 116.43903351 -16.01516914 -3 116.63639069 -16.01516914 0 116.63639069 -16.3022747 -3 116.90726471 -16.3022747 0 116.90726471 -16.51917458 -3 117.23703766 -16.51917458 0 117.23703766 13.34582329 -3 117.60795593 13.34582329 0 117.60795593 13.30000019 -3 118 13.30000019 0 118 13.34582329 -3 118.39204407 13.34582329 0 118.39204407 13.48082447 -3 118.76296234 13.48082447 0 118.76296234 13.69772434 -3 119.09273529 13.69772434 0 119.09273529 13.98483086 -3 119.36360931 13.98483086 0 119.36360931 14.32666397 -3 119.56096649 14.32666397 0 119.56096649 14.70479774 -3 119.67417145 14.70479774 0 119.67417145 15.09884644 -3 119.69712067 15.09884644 0 119.69712067 15.48756504 -3 119.62858582 15.48756504 0 119.62858582 15.85000038 -3 119.47224426 15.85000038 0 119.47224426 16.16661072 -3 119.23653412 16.16661072 0 119.23653412 16.42033005 -3 118.93416595 16.42033005 0 118.93416595 16.59747696 -3 118.58143616 16.59747696 0 118.58143616 16.68850517 -3 118.19735718 16.68850517 0 118.19735718 16.68850517 -3 117.80264282 16.68850517 0 117.80264282 16.59747696 -3 117.41856384 16.59747696 0 117.41856384 16.42033005 -3 117.06583405 16.42033005 0 117.06583405 16.16661072 -3 116.76346588 16.16661072 0 116.76346588 15.85000038 -3 116.52775574 15.85000038 0 116.52775574 15.48756504 -3 116.37141418 15.48756504 0 116.37141418 15.09884644 -3 116.30287933 15.09884644 0 116.30287933 14.70479774 -3 116.32582855 14.70479774 0 116.32582855 14.32666397 -3 116.43903351 14.32666397 0 116.43903351 13.98483086 -3 116.63639069 13.98483086 0 116.63639069 13.69772434 -3 116.90726471 13.69772434 0 116.90726471 13.48082447 -3 117.23703766 13.48082447 0 117.23703766 -16.65417671 -3 89.60795593 -16.65417671 0 89.60795593 -16.70000076 -3 90 -16.70000076 0 90 -16.65417671 -3 90.39204407 -16.65417671 0 90.39204407 -16.51917458 -3 90.76296234 -16.51917458 0 90.76296234 -16.3022747 -3 91.09273529 -16.3022747 0 91.09273529 -16.01516914 -3 91.36360931 -16.01516914 0 91.36360931 -15.67333603 -3 91.56096649 -15.67333603 0 91.56096649 -15.29520226 -3 91.67417145 -15.29520226 0 91.67417145 -14.90115356 -3 91.69712067 -14.90115356 0 91.69712067 -14.51243496 -3 91.62858582 -14.51243496 0 91.62858582 -14.14999962 -3 91.47224426 -14.14999962 0 91.47224426 -13.83338928 -3 91.23653412 -13.83338928 0 91.23653412 -13.57967091 -3 90.93416595 -13.57967091 0 90.93416595 -13.40252209 -3 90.58143616 -13.40252209 0 90.58143616 -13.31149483 -3 90.19735718 -13.31149483 0 90.19735718 -13.31149483 -3 89.80264282 -13.31149483 0 89.80264282 -13.40252209 -3 89.41856384 -13.40252209 0 89.41856384 -13.57967091 -3 89.06583405 -13.57967091 0 89.06583405 -13.83338928 -3 88.76346588 -13.83338928 0 88.76346588 -14.14999962 -3 88.52775574 -14.14999962 0 88.52775574 -14.51243496 -3 88.37141418 -14.51243496 0 88.37141418 -14.90115356 -3 88.30287933 -14.90115356 0 88.30287933 -15.29520226 -3 88.32582855 -15.29520226 0 88.32582855 -15.67333603 -3 88.43903351 -15.67333603 0 88.43903351 -16.01516914 -3 88.63639069 -16.01516914 0 88.63639069 -16.3022747 -3 88.90726471 -16.3022747 0 88.90726471 -16.51917458 -3 89.23703766 -16.51917458 0 89.23703766 13.34582329 -3 89.60795593 13.34582329 0 89.60795593 13.30000019 -3 90 13.30000019 0 90 13.34582329 -3 90.39204407 13.34582329 0 90.39204407 13.48082447 -3 90.76296234 13.48082447 0 90.76296234 13.69772434 -3 91.09273529 13.69772434 0 91.09273529 13.98483086 -3 91.36360931 13.98483086 0 91.36360931 14.32666397 -3 91.56096649 14.32666397 0 91.56096649 14.70479774 -3 91.67417145 14.70479774 0 91.67417145 15.09884644 -3 91.69712067 15.09884644 0 91.69712067 15.48756504 -3 91.62858582 15.48756504 0 91.62858582 15.85000038 -3 91.47224426 15.85000038 0 91.47224426 16.16661072 -3 91.23653412 16.16661072 0 91.23653412 16.42033005 -3 90.93416595 16.42033005 0 90.93416595 16.59747696 -3 90.58143616 16.59747696 0 90.58143616 16.68850517 -3 90.19735718 16.68850517 0 90.19735718 16.68850517 -3 89.80264282 16.68850517 0 89.80264282 16.59747696 -3 89.41856384 16.59747696 0 89.41856384 16.42033005 -3 89.06583405 16.42033005 0 89.06583405 16.16661072 -3 88.76346588 16.16661072 0 88.76346588 15.85000038 -3 88.52775574 15.85000038 0 88.52775574 15.48756504 -3 88.37141418 15.48756504 0 88.37141418 15.09884644 -3 88.30287933 15.09884644 0 88.30287933 14.70479774 -3 88.32582855 14.70479774 0 88.32582855 14.32666397 -3 88.43903351 14.32666397 0 88.43903351 13.98483086 -3 88.63639069 13.98483086 0 88.63639069 13.69772434 -3 88.90726471 13.69772434 0 88.90726471 13.48082447 -3 89.23703766 13.48082447 0 89.23703766 2.5999999 0 125 2.5557301 -0.47774875 125 5.19999981 0 125 5.15551329 -0.67873621 125 2.42442775 -0.93922836 125 5.02281427 -1.34585905 125 2.21056461 -1.36872363 125 4.80417347 -1.98995388 125 1.9214232 -1.75160873 125 4.50333214 -2.5999999 125 1.56685007 -2.07484484 125 4.12543726 -3.16555953 125 1.15891969 -2.32742453 125 3.67695522 -3.67695522 125 0.71152377 -2.50074673 125 3.16555953 -4.12543726 125 0.23989773 -2.58890891 125 2.5999999 -4.50333214 125 1.98995388 -4.80417347 125 1.34585905 -5.02281427 125 0.67873621 -5.15551329 125 0 -5.19999981 125 -0.23989773 -2.58890891 125 -0.67873621 -5.15551329 125 -1.34585905 -5.02281427 125 -1.98995388 -4.80417347 125 -2.5999999 -4.50333214 125 -3.16555953 -4.12543726 125 -0.71152377 -2.50074673 125 -3.67695522 -3.67695522 125 -1.15891969 -2.32742453 125 -4.12543726 -3.16555953 125 -1.56685007 -2.07484484 125 -4.50333214 -2.5999999 125 -1.9214232 -1.75160873 125 -4.80417347 -1.98995388 125 -2.21056461 -1.36872363 125 -5.02281427 -1.34585905 125 -2.42442775 -0.93922836 125 -5.15551329 -0.67873621 125 -2.5557301 -0.47774875 125 -5.19999981 -0 125 -2.5999999 -0 125 5.19999981 0 126 5.15551329 -0.67873621 126 5.02281427 -1.34585905 126 4.80417347 -1.98995388 126 4.50333214 -2.5999999 126 4.12543726 -3.16555953 126 3.67695522 -3.67695522 126 3.16555953 -4.12543726 126 2.5999999 -4.50333214 126 1.98995388 -4.80417347 126 1.34585905 -5.02281427 126 0.67873621 -5.15551329 126 0 -5.19999981 126 -0.67873621 -5.15551329 126 -1.34585905 -5.02281427 126 -1.98995388 -4.80417347 126 -2.5999999 -4.50333214 126 -3.16555953 -4.12543726 126 -3.67695522 -3.67695522 126 -4.12543726 -3.16555953 126 -4.50333214 -2.5999999 126 -4.80417347 -1.98995388 126 -5.02281427 -1.34585905 126 -5.15551329 -0.67873621 126 -5.19999981 -0 126 10.5 0 126 8.31058311 -6.84088898 126 8.60000038 -6.96076965 126 8 -6.80000019 126 7.68941736 -6.84088898 126 7.4000001 -6.96076965 126 7.15147209 -7.15147209 126 6.96076965 -7.4000001 126 6.84088898 -7.68941736 126 6.80000019 -8 126 6.84088898 -8.31058311 126 -6.84088898 -8.31058311 126 6.96076965 -8.60000038 126 -6.96076965 -8.60000038 126 7.15147209 -8.84852791 126 -7.15147209 -8.84852791 126 7.4000001 -9.03923035 126 -7.4000001 -9.03923035 126 7.68941736 -9.15911102 126 -7.68941736 -9.15911102 126 10.5 -10.5 126 -10.5 -10.5 126 -8 -9.19999981 126 -8.31058311 -9.15911102 126 -6.80000019 -8 126 -6.84088898 -7.68941736 126 -6.96076965 -7.4000001 126 -7.15147209 -7.15147209 126 -7.4000001 -6.96076965 126 -7.68941736 -6.84088898 126 -8 -6.80000019 126 -8.31058311 -6.84088898 126 -10.5 0 126 -9.15911102 -7.68941736 126 -9.03923035 -7.4000001 126 -8.84852791 -7.15147209 126 9.15911102 -7.68941736 126 9.19999981 -8 126 9.15911102 -8.31058311 126 8.84852791 -7.15147209 126 9.03923035 -7.4000001 126 9.03923035 -8.60000038 126 8.84852791 -8.84852791 126 8.60000038 -9.03923035 126 8.31058311 -9.15911102 126 8 -9.19999981 126 -9.15911102 -8.31058311 126 -9.19999981 -8 126 -8.60000038 -6.96076965 126 -8.60000038 -9.03923035 126 -8.84852791 -8.84852791 126 -9.03923035 -8.60000038 126 2.5999999 0 123 2.5557301 -0.47774875 123 2.42442775 -0.93922836 123 2.21056461 -1.36872363 123 1.9214232 -1.75160873 123 1.56685007 -2.07484484 123 1.15891969 -2.32742453 123 0.71152377 -2.50074673 123 0.23989773 -2.58890891 123 -0.23989773 -2.58890891 123 -0.71152377 -2.50074673 123 -1.15891969 -2.32742453 123 -1.56685007 -2.07484484 123 -1.9214232 -1.75160873 123 -2.21056461 -1.36872363 123 -2.42442775 -0.93922836 123 -2.5557301 -0.47774875 123 -2.5999999 -0 123 -18 0 114 -18 0 122 -15 0 122 -10 0 123 -12 0 114 12 0 114 10 0 123 15 0 122 18 0 122 18 0 114 -18 0 86 -18 0 94 -12 0 94 -12 0 86 12 0 86 12 0 94 18 0 94 18 0 86 15 0 178 10.5 0 176 -10.5 0 176 -15 0 178 -10 0 85 -3 -0 85 -3 -0 80 -12 0 80 10 0 85 12 0 80 3 0 80 3 0 85 -9.15911102 -8.31058311 123 -9.19999981 -8 123 -9.15911102 -7.68941736 123 -9.03923035 -7.4000001 123 -8.84852791 -7.15147209 123 -8.60000038 -6.96076965 123 -8.31058311 -6.84088898 123 -8 -6.80000019 123 -7.68941736 -6.84088898 123 -7.4000001 -6.96076965 123 -7.15147209 -7.15147209 123 -6.96076965 -7.4000001 123 -6.84088898 -7.68941736 123 -6.80000019 -8 123 -6.84088898 -8.31058311 123 -6.96076965 -8.60000038 123 -7.15147209 -8.84852791 123 -7.4000001 -9.03923035 123 -7.68941736 -9.15911102 123 -8 -9.19999981 123 -8.31058311 -9.15911102 123 -8.60000038 -9.03923035 123 -8.84852791 -8.84852791 123 -9.03923035 -8.60000038 123 6.84088898 -8.31058311 123 6.80000019 -8 123 6.84088898 -7.68941736 123 6.96076965 -7.4000001 123 7.15147209 -7.15147209 123 7.4000001 -6.96076965 123 7.68941736 -6.84088898 123 8 -6.80000019 123 8.31058311 -6.84088898 123 8.60000038 -6.96076965 123 8.84852791 -7.15147209 123 9.03923035 -7.4000001 123 9.15911102 -7.68941736 123 9.19999981 -8 123 9.15911102 -8.31058311 123 9.03923035 -8.60000038 123 8.84852791 -8.84852791 123 8.60000038 -9.03923035 123 8.31058311 -9.15911102 123 8 -9.19999981 123 7.68941736 -9.15911102 123 7.4000001 -9.03923035 123 7.15147209 -8.84852791 123 6.96076965 -8.60000038 123 -10.5 -10.5 176 10.5 -10.5 176 2.95442319 -0.52094454 85 2.81907797 -1.02606046 85 2.59807611 -1.5 85 2.29813337 -1.92836285 85 1.92836285 -2.29813337 85 10 -10 85 1.5 -2.59807611 85 1.02606046 -2.81907797 85 0.52094454 -2.95442319 85 0 -3 85 -10 -10 85 -0.52094454 -2.95442319 85 -1.02606046 -2.81907797 85 -1.5 -2.59807611 85 -1.92836285 -2.29813337 85 -2.29813337 -1.92836285 85 -2.59807611 -1.5 85 -2.81907797 -1.02606046 85 -2.95442319 -0.52094454 85 -10 -10 123 10 -10 123 2.95442319 -0.52094454 80 2.81907797 -1.02606046 80 2.59807611 -1.5 80 2.29813337 -1.92836285 80 1.92836285 -2.29813337 80 1.5 -2.59807611 80 1.02606046 -2.81907797 80 0.52094454 -2.95442319 80 0 -3 80 -0.52094454 -2.95442319 80 -1.02606046 -2.81907797 80 -1.5 -2.59807611 80 -1.92836285 -2.29813337 80 -2.29813337 -1.92836285 80 -2.59807611 -1.5 80 -2.81907797 -1.02606046 80 -2.95442319 -0.52094454 80 12 -3 120 15 -3 120 15 -3 122 18 -3 122 18 -3 114 12 -3 114 12 -3 94 12 -12 120 12 -12 80 12 -3 86 -18 -3 122 -18 -3 114 -12 -3 114 -12 -3 120 -15 -3 120 -15 -3 122 15 -15 120 -15 -15 120 -12 -12 120 18 -3 86 18 -3 94 -18 -3 94 -18 -3 86 -12 -3 86 -12 -3 94 -12 -12 80 -15 -15 178 15 -15 178 -1.98431349 10.5 176 1.98431349 10.5 176 -1.5989604 10.78837109 176 1.5989604 10.78837109 176 -1.17245102 11.01140499 176 1.17245102 11.01140499 176 -0.71576345 11.1633625 176 0.71576345 11.1633625 176 -0.24065258 11.2403326 176 0.24065258 11.2403326 176 -2.95442319 7.7290554 178 -2.99657178 8.10662079 176 -3 8.25 178 -2.9741528 8.64295769 176 -2.95442319 8.7709446 178 -2.85650802 9.16671276 176 -2.81907797 9.2760601 178 -2.64740419 9.66111755 176 -2.59807611 9.75 178 -2.35353637 10.11034012 176 -2.29813337 10.17836285 178 -1.92836285 10.5481329 178 -1.5 10.84807587 178 -1.02606046 11.06907749 178 -0.52094454 11.20442295 178 0 11.25 178 0.52094454 11.20442295 178 1.02606046 11.06907749 178 1.5 10.84807587 178 1.92836285 10.5481329 178 2.29813337 10.17836285 178 2.35353637 10.11034012 176 2.59807611 9.75 178 2.64740419 9.66111755 176 2.81907797 9.2760601 178 2.85650802 9.16671276 176 2.95442319 8.7709446 178 2.9741528 8.64295769 176 3 8.25 178 2.99657178 8.10662079 176 2.95442319 7.7290554 178 2.9230473 7.57487392 176 2.81907797 7.22393942 178 2.75593328 7.064744 176 2.59807611 6.75 178 2.50058031 6.59256268 176 2.29813337 6.32163715 178 2.16516447 6.17344904 176 1.92836285 5.95186663 178 1.76042485 5.82082224 176 1.5 5.65192366 178 1.29932022 5.54597187 176 1.02606046 5.43092203 178 0.79661441 5.35769892 176 0.52094454 5.29557657 178 0.26840267 5.2620306 176 0 5.25 178 -0.26840267 5.2620306 176 -0.52094454 5.29557657 178 -0.79661441 5.35769892 176 -1.02606046 5.43092203 178 -1.29932022 5.54597187 176 -1.5 5.65192366 178 -1.76042485 5.82082224 176 -1.92836285 5.95186663 178 -2.16516447 6.17344904 176 -2.29813337 6.32163715 178 -2.50058031 6.59256268 176 -2.59807611 6.75 178 -2.75593328 7.064744 176 -2.81907797 7.22393942 178 -2.9230473 7.57487392 176 -16.65417671 3 118.39204407 -16.70000076 3 118 -16.65417671 3 117.60795593 -16.51917458 3 117.23703766 -16.3022747 3 116.90726471 -16.01516914 3 116.63639069 -15.67333603 3 116.43903351 -15.29520226 3 116.32582855 -14.90115356 3 116.30287933 -14.51243496 3 116.37141418 -14.14999962 3 116.52775574 -13.83338928 3 116.76346588 -13.57967091 3 117.06583405 -13.40252209 3 117.41856384 -13.31149483 3 117.80264282 -13.31149483 3 118.19735718 -13.40252209 3 118.58143616 -13.57967091 3 118.93416595 -13.83338928 3 119.23653412 -14.14999962 3 119.47224426 -14.51243496 3 119.62858582 -14.90115356 3 119.69712067 -15.29520226 3 119.67417145 -15.67333603 3 119.56096649 -16.01516914 3 119.36360931 -16.3022747 3 119.09273529 -16.51917458 3 118.76296234 13.34582329 3 118.39204407 13.30000019 3 118 13.34582329 3 117.60795593 13.48082447 3 117.23703766 13.69772434 3 116.90726471 13.98483086 3 116.63639069 14.32666397 3 116.43903351 14.70479774 3 116.32582855 15.09884644 3 116.30287933 15.48756504 3 116.37141418 15.85000038 3 116.52775574 16.16661072 3 116.76346588 16.42033005 3 117.06583405 16.59747696 3 117.41856384 16.68850517 3 117.80264282 16.68850517 3 118.19735718 16.59747696 3 118.58143616 16.42033005 3 118.93416595 16.16661072 3 119.23653412 15.85000038 3 119.47224426 15.48756504 3 119.62858582 15.09884644 3 119.69712067 14.70479774 3 119.67417145 14.32666397 3 119.56096649 13.98483086 3 119.36360931 13.69772434 3 119.09273529 13.48082447 3 118.76296234 -16.65417671 3 90.39204407 -16.70000076 3 90 -16.65417671 3 89.60795593 -16.51917458 3 89.23703766 -16.3022747 3 88.90726471 -16.01516914 3 88.63639069 -15.67333603 3 88.43903351 -15.29520226 3 88.32582855 -14.90115356 3 88.30287933 -14.51243496 3 88.37141418 -14.14999962 3 88.52775574 -13.83338928 3 88.76346588 -13.57967091 3 89.06583405 -13.40252209 3 89.41856384 -13.31149483 3 89.80264282 -13.31149483 3 90.19735718 -13.40252209 3 90.58143616 -13.57967091 3 90.93416595 -13.83338928 3 91.23653412 -14.14999962 3 91.47224426 -14.51243496 3 91.62858582 -14.90115356 3 91.69712067 -15.29520226 3 91.67417145 -15.67333603 3 91.56096649 -16.01516914 3 91.36360931 -16.3022747 3 91.09273529 -16.51917458 3 90.76296234 13.34582329 3 90.39204407 13.30000019 3 90 13.34582329 3 89.60795593 13.48082447 3 89.23703766 13.69772434 3 88.90726471 13.98483086 3 88.63639069 14.32666397 3 88.43903351 14.70479774 3 88.32582855 15.09884644 3 88.30287933 15.48756504 3 88.37141418 15.85000038 3 88.52775574 16.16661072 3 88.76346588 16.42033005 3 89.06583405 16.59747696 3 89.41856384 16.68850517 3 89.80264282 16.68850517 3 90.19735718 16.59747696 3 90.58143616 16.42033005 3 90.93416595 16.16661072 3 91.23653412 15.85000038 3 91.47224426 15.48756504 3 91.62858582 15.09884644 3 91.69712067 14.70479774 3 91.67417145 14.32666397 3 91.56096649 13.98483086 3 91.36360931 13.69772434 3 91.09273529 13.48082447 3 90.76296234 -2.5557301 0.47774875 125 -5.15551329 0.67873621 125 -2.42442775 0.93922836 125 -5.02281427 1.34585905 125 -2.21056461 1.36872363 125 -4.80417347 1.98995388 125 -1.9214232 1.75160873 125 -4.50333214 2.5999999 125 -1.56685007 2.07484484 125 -4.12543726 3.16555953 125 -1.15891969 2.32742453 125 -3.67695522 3.67695522 125 -0.71152377 2.50074673 125 -3.16555953 4.12543726 125 -0.23989773 2.58890891 125 -2.5999999 4.50333214 125 -1.98995388 4.80417347 125 -1.34585905 5.02281427 125 -0.67873621 5.15551329 125 0 5.19999981 125 0.23989773 2.58890891 125 0.67873621 5.15551329 125 1.34585905 5.02281427 125 1.98995388 4.80417347 125 2.5999999 4.50333214 125 3.16555953 4.12543726 125 0.71152377 2.50074673 125 3.67695522 3.67695522 125 1.15891969 2.32742453 125 4.12543726 3.16555953 125 1.56685007 2.07484484 125 4.50333214 2.5999999 125 1.9214232 1.75160873 125 4.80417347 1.98995388 125 2.21056461 1.36872363 125 5.02281427 1.34585905 125 2.42442775 0.93922836 125 5.15551329 0.67873621 125 2.5557301 0.47774875 125 -5.15551329 0.67873621 126 -5.02281427 1.34585905 126 -4.80417347 1.98995388 126 -4.50333214 2.5999999 126 -4.12543726 3.16555953 126 -3.67695522 3.67695522 126 -3.16555953 4.12543726 126 -2.5999999 4.50333214 126 -1.98995388 4.80417347 126 -1.34585905 5.02281427 126 -0.67873621 5.15551329 126 0 5.19999981 126 0.67873621 5.15551329 126 1.34585905 5.02281427 126 1.98995388 4.80417347 126 2.5999999 4.50333214 126 3.16555953 4.12543726 126 3.67695522 3.67695522 126 4.12543726 3.16555953 126 4.50333214 2.5999999 126 4.80417347 1.98995388 126 5.02281427 1.34585905 126 5.15551329 0.67873621 126 -8.31058311 6.84088898 126 -8.60000038 6.96076965 126 -8 6.80000019 126 -7.68941736 6.84088898 126 -7.4000001 6.96076965 126 -7.15147209 7.15147209 126 -6.96076965 7.4000001 126 -6.84088898 7.68941736 126 -6.80000019 8 126 -6.84088898 8.31058311 126 6.84088898 8.31058311 126 -6.96076965 8.60000038 126 6.96076965 8.60000038 126 -7.15147209 8.84852791 126 7.15147209 8.84852791 126 -7.4000001 9.03923035 126 7.4000001 9.03923035 126 -7.68941736 9.15911102 126 7.68941736 9.15911102 126 -10.5 10.5 126 10.5 10.5 126 8 9.19999981 126 8.31058311 9.15911102 126 6.80000019 8 126 6.84088898 7.68941736 126 6.96076965 7.4000001 126 7.15147209 7.15147209 126 7.4000001 6.96076965 126 7.68941736 6.84088898 126 8 6.80000019 126 8.31058311 6.84088898 126 9.15911102 7.68941736 126 9.03923035 7.4000001 126 8.84852791 7.15147209 126 -9.15911102 7.68941736 126 -9.19999981 8 126 -9.15911102 8.31058311 126 8.60000038 9.03923035 126 8.84852791 8.84852791 126 9.03923035 8.60000038 126 9.15911102 8.31058311 126 9.19999981 8 126 8.60000038 6.96076965 126 -9.03923035 8.60000038 126 -8.84852791 8.84852791 126 -8.60000038 9.03923035 126 -8.31058311 9.15911102 126 -8 9.19999981 126 -8.84852791 7.15147209 126 -9.03923035 7.4000001 126 -2.5557301 0.47774875 123 -2.42442775 0.93922836 123 -2.21056461 1.36872363 123 -1.9214232 1.75160873 123 -1.56685007 2.07484484 123 -1.15891969 2.32742453 123 -0.71152377 2.50074673 123 -0.23989773 2.58890891 123 0.23989773 2.58890891 123 0.71152377 2.50074673 123 1.15891969 2.32742453 123 1.56685007 2.07484484 123 1.9214232 1.75160873 123 2.21056461 1.36872363 123 2.42442775 0.93922836 123 2.5557301 0.47774875 123 -9.15911102 7.68941736 123 -9.19999981 8 123 -9.15911102 8.31058311 123 -9.03923035 8.60000038 123 -8.84852791 8.84852791 123 -8.60000038 9.03923035 123 -8.31058311 9.15911102 123 -8 9.19999981 123 -7.68941736 9.15911102 123 -7.4000001 9.03923035 123 -7.15147209 8.84852791 123 -6.96076965 8.60000038 123 -6.84088898 8.31058311 123 -6.80000019 8 123 -6.84088898 7.68941736 123 -6.96076965 7.4000001 123 -7.15147209 7.15147209 123 -7.4000001 6.96076965 123 -7.68941736 6.84088898 123 -8 6.80000019 123 -8.31058311 6.84088898 123 -8.60000038 6.96076965 123 -8.84852791 7.15147209 123 -9.03923035 7.4000001 123 6.84088898 7.68941736 123 6.80000019 8 123 6.84088898 8.31058311 123 6.96076965 8.60000038 123 7.15147209 8.84852791 123 7.4000001 9.03923035 123 7.68941736 9.15911102 123 8 9.19999981 123 8.31058311 9.15911102 123 8.60000038 9.03923035 123 8.84852791 8.84852791 123 9.03923035 8.60000038 123 9.15911102 8.31058311 123 9.19999981 8 123 9.15911102 7.68941736 123 9.03923035 7.4000001 123 8.84852791 7.15147209 123 8.60000038 6.96076965 123 8.31058311 6.84088898 123 8 6.80000019 123 7.68941736 6.84088898 123 7.4000001 6.96076965 123 7.15147209 7.15147209 123 6.96076965 7.4000001 123 -10.5 10.5 176 10.5 10.5 176 -2.95442319 0.52094454 85 -2.81907797 1.02606046 85 -2.59807611 1.5 85 -2.29813337 1.92836285 85 -1.92836285 2.29813337 85 -10 10 85 -1.5 2.59807611 85 -1.02606046 2.81907797 85 -0.52094454 2.95442319 85 0 3 85 10 10 85 0.52094454 2.95442319 85 1.02606046 2.81907797 85 1.5 2.59807611 85 1.92836285 2.29813337 85 2.29813337 1.92836285 85 2.59807611 1.5 85 2.81907797 1.02606046 85 2.95442319 0.52094454 85 -10 10 123 10 10 123 2.95442319 0.52094454 80 2.81907797 1.02606046 80 2.59807611 1.5 80 2.29813337 1.92836285 80 1.92836285 2.29813337 80 1.5 2.59807611 80 1.02606046 2.81907797 80 0.52094454 2.95442319 80 0 3 80 -0.52094454 2.95442319 80 -1.02606046 2.81907797 80 -1.5 2.59807611 80 -1.92836285 2.29813337 80 -2.29813337 1.92836285 80 -2.59807611 1.5 80 -2.81907797 1.02606046 80 -2.95442319 0.52094454 80 12 12 80 -12 12 80 -18 3 114 -18 3 122 -15 3 122 -15 3 120 -12 3 120 -12 3 114 -12 3 94 -12 12 120 -12 3 86 15 3 122 18 3 122 12 3 120 12 3 114 18 3 114 15 3 120 -15 15 120 15 15 120 12 12 120 12 3 94 12 3 86 -18 3 86 -18 3 94 18 3 94 18 3 86 15 15 178 -15 15 178 -1.95324111 -0.42994088 116 -1.95324111 -0.42994088 125 -2 0 116 -2 0 125 -1.95324111 0.42994088 116 -1.95324111 0.42994088 125 -1.81515086 0.83977818 116 -1.81515086 0.83977818 125 -1.59218609 1.21034849 116 -1.59218609 1.21034849 125 -1.29477262 1.52432406 116 -1.29477262 1.52432406 125 -0.93681687 1.76702404 116 -0.93681687 1.76702404 125 -0.53505665 1.92709994 116 -0.53505665 1.92709994 125 -0.10827782 1.99706686 116 -0.10827782 1.99706686 125 0.32356399 1.97365308 116 0.32356399 1.97365308 125 0.74027634 1.85795343 116 0.74027634 1.85795343 125 1.12237418 1.65537798 116 1.12237418 1.65537798 125 1.45199096 1.37539887 116 1.45199096 1.37539887 125 1.71371436 1.03110766 116 1.71371436 1.03110766 125 1.89530635 0.63860303 116 1.89530635 0.63860303 125 1.98827589 0.21623804 116 1.98827589 0.21623804 125 1.98827589 -0.21623804 116 1.98827589 -0.21623804 125 1.89530635 -0.63860303 116 1.89530635 -0.63860303 125 1.71371436 -1.03110766 116 1.71371436 -1.03110766 125 1.45199096 -1.37539887 116 1.45199096 -1.37539887 125 1.12237418 -1.65537798 116 1.12237418 -1.65537798 125 0.74027634 -1.85795343 116 0.74027634 -1.85795343 125 0.32356399 -1.97365308 116 0.32356399 -1.97365308 125 -0.10827782 -1.99706686 116 -0.10827782 -1.99706686 125 -0.53505665 -1.92709994 116 -0.53505665 -1.92709994 125 -0.93681687 -1.76702404 116 -0.93681687 -1.76702404 125 -1.29477262 -1.52432406 116 -1.29477262 -1.52432406 125 -1.59218609 -1.21034849 116 -1.59218609 -1.21034849 125 -1.81515086 -0.83977818 116 -1.81515086 -0.83977818 125 -4.9534297 -0.68083322 125 -4.9534297 -0.68083322 126 -5 0 125 -5 0 126 -4.9534297 0.68083322 125 -4.9534297 0.68083322 126 -4.81458664 1.34898388 125 -4.81458664 1.34898388 126 -4.58605671 1.99200547 125 -4.58605671 1.99200547 126 -4.27209711 2.5979197 125 -4.27209711 2.5979197 126 -3.87855649 3.15543962 125 -3.87855649 3.15543962 126 -3.41276574 3.65417981 125 -3.41276574 3.65417981 126 -2.88340163 4.08484936 125 -2.88340163 4.08484936 126 -2.30032516 4.43942595 125 -2.30032516 4.43942595 126 -1.67439806 4.71130466 125 -1.67439806 4.71130466 126 -1.0172801 4.89542055 125 -1.0172801 4.89542055 126 -0.34121206 4.98834372 125 -0.34121206 4.98834372 126 0.34121206 4.98834372 125 0.34121206 4.98834372 126 1.0172801 4.89542055 125 1.0172801 4.89542055 126 1.67439806 4.71130466 125 1.67439806 4.71130466 126 2.30032516 4.43942595 125 2.30032516 4.43942595 126 2.88340163 4.08484936 125 2.88340163 4.08484936 126 3.41276574 3.65417981 125 3.41276574 3.65417981 126 3.87855649 3.15543962 125 3.87855649 3.15543962 126 4.27209711 2.5979197 125 4.27209711 2.5979197 126 4.58605671 1.99200547 125 4.58605671 1.99200547 126 4.81458664 1.34898388 125 4.81458664 1.34898388 126 4.9534297 0.68083322 125 4.9534297 0.68083322 126 5 0 125 5 0 126 4.9534297 -0.68083322 125 4.9534297 -0.68083322 126 4.81458664 -1.34898388 125 4.81458664 -1.34898388 126 4.58605671 -1.99200547 125 4.58605671 -1.99200547 126 4.27209711 -2.5979197 125 4.27209711 -2.5979197 126 3.87855649 -3.15543962 125 3.87855649 -3.15543962 126 3.41276574 -3.65417981 125 3.41276574 -3.65417981 126 2.88340163 -4.08484936 125 2.88340163 -4.08484936 126 2.30032516 -4.43942595 125 2.30032516 -4.43942595 126 1.67439806 -4.71130466 125 1.67439806 -4.71130466 126 1.0172801 -4.89542055 125 1.0172801 -4.89542055 126 0.34121206 -4.98834372 125 0.34121206 -4.98834372 126 -0.34121206 -4.98834372 125 -0.34121206 -4.98834372 126 -1.0172801 -4.89542055 125 -1.0172801 -4.89542055 126 -1.67439806 -4.71130466 125 -1.67439806 -4.71130466 126 -2.30032516 -4.43942595 125 -2.30032516 -4.43942595 126 -2.88340163 -4.08484936 125 -2.88340163 -4.08484936 126 -3.41276574 -3.65417981 125 -3.41276574 -3.65417981 126 -3.87855649 -3.15543962 125 -3.87855649 -3.15543962 126 -4.27209711 -2.5979197 125 -4.27209711 -2.5979197 126 -4.58605671 -1.99200547 125 -4.58605671 -1.99200547 126 -4.81458664 -1.34898388 125 -4.81458664 -1.34898388 126 -9.95184708 0.98017138 159 -9.95184708 0.98017138 143.5 -10 0 159 -10 0 143.5 -9.95184708 -0.98017138 159 -9.95184708 -0.98017138 143.5 -9.80785275 -1.95090318 159 -9.80785275 -1.95090318 143.5 -9.56940365 -2.90284681 159 -9.56940365 -2.90284681 143.5 -9.23879528 -3.82683444 159 -9.23879528 -3.82683444 143.5 -8.81921291 -4.71396732 159 -8.81921291 -4.71396732 143.5 -8.31469631 -5.55570221 159 -8.31469631 -5.55570221 143.5 -7.73010445 -6.34393263 159 -7.73010445 -6.34393263 143.5 -7.07106781 -7.07106781 159 -7.07106781 -7.07106781 143.5 -6.34393263 -7.73010445 159 -6.34393263 -7.73010445 143.5 -5.55570221 -8.31469631 159 -5.55570221 -8.31469631 143.5 -4.71396732 -8.81921291 159 -4.71396732 -8.81921291 143.5 -3.82683444 -9.23879528 159 -3.82683444 -9.23879528 143.5 -2.90284681 -9.56940365 159 -2.90284681 -9.56940365 143.5 -1.95090318 -9.80785275 159 -1.95090318 -9.80785275 143.5 -0.98017138 -9.95184708 159 -0.98017138 -9.95184708 143.5 0 -10 159 0 -10 143.5 0.98017138 -9.95184708 159 0.98017138 -9.95184708 143.5 1.95090318 -9.80785275 159 1.95090318 -9.80785275 143.5 2.90284681 -9.56940365 159 2.90284681 -9.56940365 143.5 3.82683444 -9.23879528 159 3.82683444 -9.23879528 143.5 4.71396732 -8.81921291 159 4.71396732 -8.81921291 143.5 5.55570221 -8.31469631 159 5.55570221 -8.31469631 143.5 6.34393263 -7.73010445 159 6.34393263 -7.73010445 143.5 7.07106781 -7.07106781 159 7.07106781 -7.07106781 143.5 7.73010445 -6.34393263 159 7.73010445 -6.34393263 143.5 8.31469631 -5.55570221 159 8.31469631 -5.55570221 143.5 8.81921291 -4.71396732 159 8.81921291 -4.71396732 143.5 9.23879528 -3.82683444 159 9.23879528 -3.82683444 143.5 9.56940365 -2.90284681 159 9.56940365 -2.90284681 143.5 9.80785275 -1.95090318 159 9.80785275 -1.95090318 143.5 9.95184708 -0.98017138 159 9.95184708 -0.98017138 143.5 10 0 159 10 0 143.5 9.95184708 0.98017138 159 9.95184708 0.98017138 143.5 9.80785275 1.95090318 159 9.80785275 1.95090318 143.5 9.56940365 2.90284681 159 9.56940365 2.90284681 143.5 9.23879528 3.82683444 159 9.23879528 3.82683444 143.5 8.81921291 4.71396732 159 8.81921291 4.71396732 143.5 8.31469631 5.55570221 159 8.31469631 5.55570221 143.5 7.73010445 6.34393263 159 7.73010445 6.34393263 143.5 7.07106781 7.07106781 159 7.07106781 7.07106781 143.5 6.34393263 7.73010445 159 6.34393263 7.73010445 143.5 5.55570221 8.31469631 159 5.55570221 8.31469631 143.5 4.71396732 8.81921291 159 4.71396732 8.81921291 143.5 3.82683444 9.23879528 159 3.82683444 9.23879528 143.5 2.90284681 9.56940365 159 2.90284681 9.56940365 143.5 1.95090318 9.80785275 159 1.95090318 9.80785275 143.5 0.98017138 9.95184708 159 0.98017138 9.95184708 143.5 0 10 159 0 10 143.5 -0.98017138 9.95184708 159 -0.98017138 9.95184708 143.5 -1.95090318 9.80785275 159 -1.95090318 9.80785275 143.5 -2.90284681 9.56940365 159 -2.90284681 9.56940365 143.5 -3.82683444 9.23879528 159 -3.82683444 9.23879528 143.5 -4.71396732 8.81921291 159 -4.71396732 8.81921291 143.5 -5.55570221 8.31469631 159 -5.55570221 8.31469631 143.5 -6.34393263 7.73010445 159 -6.34393263 7.73010445 143.5 -7.07106781 7.07106781 159 -7.07106781 7.07106781 143.5 -7.73010445 6.34393263 159 -7.73010445 6.34393263 143.5 -8.31469631 5.55570221 159 -8.31469631 5.55570221 143.5 -8.81921291 4.71396732 159 -8.81921291 4.71396732 143.5 -9.23879528 3.82683444 159 -9.23879528 3.82683444 143.5 -9.56940365 2.90284681 159 -9.56940365 2.90284681 143.5 -9.80785275 1.95090318 159 -9.80785275 1.95090318 143.5 -0.98017138 9.95184708 128 0 10 128 0.98017138 9.95184708 128 1.95090318 9.80785275 128 2.90284681 9.56940365 128 3.82683444 9.23879528 128 4.71396732 8.81921291 128 5.55570221 8.31469631 128 6.34393263 7.73010445 128 7.07106781 7.07106781 128 7.73010445 6.34393263 128 8.31469631 5.55570221 128 8.81921291 4.71396732 128 9.23879528 3.82683444 128 9.56940365 2.90284681 128 9.80785275 1.95090318 128 9.95184708 0.98017138 128 10 0 128 9.95184708 -0.98017138 128 9.80785275 -1.95090318 128 9.56940365 -2.90284681 128 9.23879528 -3.82683444 128 8.81921291 -4.71396732 128 8.31469631 -5.55570221 128 7.73010445 -6.34393263 128 7.07106781 -7.07106781 128 6.34393263 -7.73010445 128 5.55570221 -8.31469631 128 4.71396732 -8.81921291 128 3.82683444 -9.23879528 128 2.90284681 -9.56940365 128 1.95090318 -9.80785275 128 0.98017138 -9.95184708 128 0 -10 128 -0.98017138 -9.95184708 128 -1.95090318 -9.80785275 128 -2.90284681 -9.56940365 128 -3.82683444 -9.23879528 128 -4.71396732 -8.81921291 128 -5.55570221 -8.31469631 128 -6.34393263 -7.73010445 128 -7.07106781 -7.07106781 128 -7.73010445 -6.34393263 128 -8.31469631 -5.55570221 128 -8.81921291 -4.71396732 128 -9.23879528 -3.82683444 128 -9.56940365 -2.90284681 128 -9.80785275 -1.95090318 128 -9.95184708 -0.98017138 128 -10 0 128 -9.95184708 0.98017138 128 -9.80785275 1.95090318 128 -9.56940365 2.90284681 128 -9.23879528 3.82683444 128 -8.81921291 4.71396732 128 -8.31469631 5.55570221 128 -7.73010445 6.34393263 128 -7.07106781 7.07106781 128 -6.34393263 7.73010445 128 -5.55570221 8.31469631 128 -4.71396732 8.81921291 128 -3.82683444 9.23879528 128 -2.90284681 9.56940365 128 -1.95090318 9.80785275 128 -9.06251812 7.71529913 128 -9.10000038 8 128 -10 8.5 128 -9.06251812 8.28470135 128 -9.96239185 8.83378124 128 -8.95262814 8.55000019 128 -9.85145283 9.1508255 128 -8.77781773 8.77781773 128 -9.67274761 9.43523502 128 -9.43523502 9.67274761 128 -9.1508255 9.85145283 128 -8.55000019 8.95262814 128 -8.83378124 9.96239185 128 -8.28470135 9.06251812 128 -8.5 10 128 -8 9.10000038 128 -7.71529913 9.06251812 128 -7.44999981 8.95262814 128 -7.22218275 8.77781773 128 -7.04737186 8.55000019 128 -6.9374814 8.28470135 128 -6.9000001 8 128 -6.9374814 7.71529913 128 -7.04737186 7.44999981 128 -7.22218275 7.22218275 128 -7.44999981 7.04737186 128 -7.71529913 6.9374814 128 -8 6.9000001 128 -8.28470135 6.9374814 128 -8.55000019 7.04737186 128 -8.77781773 7.22218275 128 -8.95262814 7.44999981 128 6.9374814 7.71529913 128 6.9000001 8 128 6.9374814 8.28470135 128 7.04737186 8.55000019 128 7.22218275 8.77781773 128 7.44999981 8.95262814 128 8.5 10 128 7.71529913 9.06251812 128 8 9.10000038 128 8.28470135 9.06251812 128 8.83378124 9.96239185 128 8.55000019 8.95262814 128 9.1508255 9.85145283 128 8.77781773 8.77781773 128 9.43523502 9.67274761 128 9.67274761 9.43523502 128 9.85145283 9.1508255 128 8.95262814 8.55000019 128 9.96239185 8.83378124 128 9.06251812 8.28470135 128 10 8.5 128 9.10000038 8 128 9.06251812 7.71529913 128 8.95262814 7.44999981 128 8.77781773 7.22218275 128 8.55000019 7.04737186 128 8.28470135 6.9374814 128 8 6.9000001 128 7.71529913 6.9374814 128 7.44999981 7.04737186 128 7.22218275 7.22218275 128 7.04737186 7.44999981 128 10 -8.5 128 8.95262814 -7.44999981 128 8.77781773 -7.22218275 128 8.55000019 -7.04737186 128 8.28470135 -6.9374814 128 8 -6.9000001 128 7.71529913 -6.9374814 128 7.44999981 -7.04737186 128 7.22218275 -7.22218275 128 7.04737186 -7.44999981 128 6.9374814 -7.71529913 128 6.9000001 -8 128 6.9374814 -8.28470135 128 7.04737186 -8.55000019 128 7.22218275 -8.77781773 128 7.44999981 -8.95262814 128 8.5 -10 128 7.71529913 -9.06251812 128 8 -9.10000038 128 8.28470135 -9.06251812 128 8.83378124 -9.96239185 128 8.55000019 -8.95262814 128 9.1508255 -9.85145283 128 8.77781773 -8.77781773 128 9.43523502 -9.67274761 128 9.67274761 -9.43523502 128 9.85145283 -9.1508255 128 8.95262814 -8.55000019 128 9.96239185 -8.83378124 128 9.06251812 -8.28470135 128 9.10000038 -8 128 9.06251812 -7.71529913 128 -9.06251812 -8.28470135 128 -9.10000038 -8 128 -10 -8.5 128 -9.06251812 -7.71529913 128 -8.95262814 -7.44999981 128 -8.77781773 -7.22218275 128 -8.55000019 -7.04737186 128 -8.28470135 -6.9374814 128 -8 -6.9000001 128 -7.71529913 -6.9374814 128 -7.44999981 -7.04737186 128 -7.22218275 -7.22218275 128 -7.04737186 -7.44999981 128 -6.9374814 -7.71529913 128 -6.9000001 -8 128 -6.9374814 -8.28470135 128 -7.04737186 -8.55000019 128 -7.22218275 -8.77781773 128 -7.44999981 -8.95262814 128 -8.5 -10 128 -7.71529913 -9.06251812 128 -8 -9.10000038 128 -8.28470135 -9.06251812 128 -8.83378124 -9.96239185 128 -8.55000019 -8.95262814 128 -9.1508255 -9.85145283 128 -8.77781773 -8.77781773 128 -9.43523502 -9.67274761 128 -9.67274761 -9.43523502 128 -9.85145283 -9.1508255 128 -8.95262814 -8.55000019 128 -9.96239185 -8.83378124 128 6.9374814 -8.28470135 126 6.9000001 -8 126 6.9374814 -7.71529913 126 7.04737186 -7.44999981 126 7.22218275 -7.22218275 126 7.44999981 -7.04737186 126 7.71529913 -6.9374814 126 8 -6.9000001 126 8.28470135 -6.9374814 126 8.55000019 -7.04737186 126 8.77781773 -7.22218275 126 8.95262814 -7.44999981 126 9.06251812 -7.71529913 126 9.10000038 -8 126 9.06251812 -8.28470135 126 8.95262814 -8.55000019 126 8.77781773 -8.77781773 126 8.55000019 -8.95262814 126 8.28470135 -9.06251812 126 8 -9.10000038 126 7.71529913 -9.06251812 126 7.44999981 -8.95262814 126 7.22218275 -8.77781773 126 7.04737186 -8.55000019 126 -9.06251812 -8.28470135 126 -9.10000038 -8 126 -9.06251812 -7.71529913 126 -8.95262814 -7.44999981 126 -8.77781773 -7.22218275 126 -8.55000019 -7.04737186 126 -8.28470135 -6.9374814 126 -8 -6.9000001 126 -7.71529913 -6.9374814 126 -7.44999981 -7.04737186 126 -7.22218275 -7.22218275 126 -7.04737186 -7.44999981 126 -6.9374814 -7.71529913 126 -6.9000001 -8 126 -6.9374814 -8.28470135 126 -7.04737186 -8.55000019 126 -7.22218275 -8.77781773 126 -7.44999981 -8.95262814 126 -7.71529913 -9.06251812 126 -8 -9.10000038 126 -8.28470135 -9.06251812 126 -8.55000019 -8.95262814 126 -8.77781773 -8.77781773 126 -8.95262814 -8.55000019 126 6.9374814 7.71529913 126 6.9000001 8 126 6.9374814 8.28470135 126 7.04737186 8.55000019 126 7.22218275 8.77781773 126 7.44999981 8.95262814 126 7.71529913 9.06251812 126 8 9.10000038 126 8.28470135 9.06251812 126 8.55000019 8.95262814 126 8.77781773 8.77781773 126 8.95262814 8.55000019 126 9.06251812 8.28470135 126 9.10000038 8 126 9.06251812 7.71529913 126 8.95262814 7.44999981 126 8.77781773 7.22218275 126 8.55000019 7.04737186 126 8.28470135 6.9374814 126 8 6.9000001 126 7.71529913 6.9374814 126 7.44999981 7.04737186 126 7.22218275 7.22218275 126 7.04737186 7.44999981 126 -9.06251812 7.71529913 126 -9.10000038 8 126 -9.06251812 8.28470135 126 -8.95262814 8.55000019 126 -8.77781773 8.77781773 126 -8.55000019 8.95262814 126 -8.28470135 9.06251812 126 -8 9.10000038 126 -7.71529913 9.06251812 126 -7.44999981 8.95262814 126 -7.22218275 8.77781773 126 -7.04737186 8.55000019 126 -6.9374814 8.28470135 126 -6.9000001 8 126 -6.9374814 7.71529913 126 -7.04737186 7.44999981 126 -7.22218275 7.22218275 126 -7.44999981 7.04737186 126 -7.71529913 6.9374814 126 -8 6.9000001 126 -8.28470135 6.9374814 126 -8.55000019 7.04737186 126 -8.77781773 7.22218275 126 -8.95262814 7.44999981 126 -8.5 -10 126 -8.83378124 -9.96239185 126 -9.1508255 -9.85145283 126 -9.43523502 -9.67274761 126 -9.67274761 -9.43523502 126 -9.85145283 -9.1508255 126 -9.96239185 -8.83378124 126 -10 -8.5 126 -10 8.5 126 10 -8.5 126 9.96239185 -8.83378124 126 9.85145283 -9.1508255 126 9.67274761 -9.43523502 126 9.43523502 -9.67274761 126 9.1508255 -9.85145283 126 8.83378124 -9.96239185 126 8.5 -10 126 10 8.5 126 8.5 10 126 8.83378124 9.96239185 126 9.1508255 9.85145283 126 9.43523502 9.67274761 126 9.67274761 9.43523502 126 9.85145283 9.1508255 126 9.96239185 8.83378124 126 -9.96239185 8.83378124 126 -9.85145283 9.1508255 126 -9.67274761 9.43523502 126 -9.43523502 9.67274761 126 -9.1508255 9.85145283 126 -8.83378124 9.96239185 126 -8.5 10 126 -0.96592581 -0.25881904 34.5 -1.30815315 -0.26020783 34.5376091 -1 -0 34.5 -1.33378136 0 34.5376091 -1.30815315 0.26020783 34.5376091 -1.65082562 0 34.64854813 -1.61910546 0.32206011 34.64854813 -1.93523467 0 34.82725143 -1.89804971 0.37754557 34.82725143 -2.17274714 0 35.06476593 -2.13099861 0.42388195 35.06476593 -2.3514533 0 35.3491745 -2.30627084 0.45874578 35.3491745 -2.46239185 0 35.6662178 -2.41507769 0.48038882 35.6662178 -2.5 0 36 -2.45196319 0.48772579 36 -1.23225331 -0.51041603 34.5376091 -0.86602539 -0.5 34.5 -1.10899866 -0.74100924 34.5376091 -0.70710677 -0.70710677 34.5 -0.94312584 -0.94312584 34.5376091 -0.74100924 -1.10899866 34.5376091 -0.91714954 -1.37261128 34.64854813 -0.63174361 -1.52516401 34.64854813 -0.74058229 -1.78792369 34.82725143 -0.37754557 -1.89804971 34.82725143 -0.42388195 -2.13099861 35.06476593 0 -2.17274714 35.06476593 0 -2.3514533 35.3491745 0.45874578 -2.30627084 35.3491745 0.48038882 -2.41507769 35.6662178 0.94231659 -2.27495337 35.6662178 0.95670861 -2.30969882 36 1.38892555 -2.07867408 36 1.36803162 -2.04740405 35.6662178 1.76776695 -1.76776695 36 1.74117398 -1.74117398 35.6662178 2.07867408 -1.38892555 36 2.04740405 -1.36803162 35.6662178 2.30969882 -0.95670861 36 2.27495337 -0.94231659 35.6662178 2.45196319 -0.48772579 36 2.41507769 -0.48038882 35.6662178 2.5 0 36 2.46239185 0 35.6662178 2.45196319 0.48772579 36 2.41507769 0.48038882 35.6662178 2.30969882 0.95670861 36 2.27495337 0.94231659 35.6662178 2.07867408 1.38892555 36 2.04740405 1.36803162 35.6662178 1.76776695 1.76776695 36 1.74117398 1.74117398 35.6662178 1.38892555 2.07867408 36 1.36803162 2.04740405 35.6662178 0.95670861 2.30969882 36 0.94231659 2.27495337 35.6662178 0.48772579 2.45196319 36 0.48038882 2.41507769 35.6662178 0 2.5 36 0 2.46239185 35.6662178 -0.48772579 2.45196319 36 -0.48038882 2.41507769 35.6662178 -0.95670861 2.30969882 36 -0.94231659 2.27495337 35.6662178 -1.38892555 2.07867408 36 -1.36803162 2.04740405 35.6662178 -1.76776695 1.76776695 36 -1.74117398 1.74117398 35.6662178 -2.07867408 1.38892555 36 -2.04740405 1.36803162 35.6662178 -2.30969882 0.95670861 36 -2.27495337 0.94231659 35.6662178 -0.5 -0.86602539 34.5 -0.51041603 -1.23225331 34.5376091 -0.32206011 -1.61910546 34.64854813 0 -1.93523467 34.82725143 0.42388195 -2.13099861 35.06476593 0.89986223 -2.1724596 35.3491745 -0.25881904 -0.96592581 34.5 -0.26020783 -1.30815315 34.5376091 0 -1.65082562 34.64854813 0.37754557 -1.89804971 34.82725143 0.83147436 -2.00735664 35.06476593 1.30639744 -1.95516193 35.3491745 0 -1 34.5 0 -1.33378136 34.5376091 0.32206011 -1.61910546 34.64854813 0.74058229 -1.78792369 34.82725143 1.20711362 -1.80657327 35.06476593 1.66272855 -1.66272855 35.3491745 0.26020783 -1.30815315 34.5376091 0.25881904 -0.96592581 34.5 0.51041603 -1.23225331 34.5376091 0.5 -0.86602539 34.5 0.74100924 -1.10899866 34.5376091 0.70710677 -0.70710677 34.5 0.94312584 -0.94312584 34.5376091 1.10899866 -0.74100924 34.5376091 1.37261128 -0.91714954 34.64854813 1.52516401 -0.63174361 34.64854813 1.78792369 -0.74058229 34.82725143 1.89804971 -0.37754557 34.82725143 2.13099861 -0.42388195 35.06476593 2.17274714 0 35.06476593 2.3514533 0 35.3491745 2.30627084 0.45874578 35.3491745 0.86602539 -0.5 34.5 1.23225331 -0.51041603 34.5376091 1.61910546 -0.32206011 34.64854813 1.93523467 0 34.82725143 2.13099861 0.42388195 35.06476593 2.1724596 0.89986223 35.3491745 0.96592581 -0.25881904 34.5 1.30815315 -0.26020783 34.5376091 1.65082562 0 34.64854813 1.89804971 0.37754557 34.82725143 2.00735664 0.83147436 35.06476593 1.95516193 1.30639744 35.3491745 1 0 34.5 1.33378136 0 34.5376091 1.61910546 0.32206011 34.64854813 1.78792369 0.74058229 34.82725143 1.80657327 1.20711362 35.06476593 1.66272855 1.66272855 35.3491745 1.30815315 0.26020783 34.5376091 0.96592581 0.25881904 34.5 1.23225331 0.51041603 34.5376091 0.86602539 0.5 34.5 1.10899866 0.74100924 34.5376091 0.70710677 0.70710677 34.5 0.94312584 0.94312584 34.5376091 0.74100924 1.10899866 34.5376091 0.91714954 1.37261128 34.64854813 0.63174361 1.52516401 34.64854813 0.74058229 1.78792369 34.82725143 0.37754557 1.89804971 34.82725143 0.42388195 2.13099861 35.06476593 0 2.17274714 35.06476593 0 2.3514533 35.3491745 -0.45874578 2.30627084 35.3491745 0.5 0.86602539 34.5 0.51041603 1.23225331 34.5376091 0.32206011 1.61910546 34.64854813 0 1.93523467 34.82725143 -0.42388195 2.13099861 35.06476593 -0.89986223 2.1724596 35.3491745 0.25881904 0.96592581 34.5 0.26020783 1.30815315 34.5376091 0 1.65082562 34.64854813 -0.37754557 1.89804971 34.82725143 -0.83147436 2.00735664 35.06476593 -1.30639744 1.95516193 35.3491745 0 1 34.5 0 1.33378136 34.5376091 -0.32206011 1.61910546 34.64854813 -0.74058229 1.78792369 34.82725143 -1.20711362 1.80657327 35.06476593 -1.66272855 1.66272855 35.3491745 -0.26020783 1.30815315 34.5376091 -0.25881904 0.96592581 34.5 -0.51041603 1.23225331 34.5376091 -0.5 0.86602539 34.5 -0.74100924 1.10899866 34.5376091 -0.70710677 0.70710677 34.5 -0.94312584 0.94312584 34.5376091 -1.10899866 0.74100924 34.5376091 -1.37261128 0.91714954 34.64854813 -1.52516401 0.63174361 34.64854813 -1.78792369 0.74058229 34.82725143 -0.86602539 0.5 34.5 -1.23225331 0.51041603 34.5376091 -0.96592581 0.25881904 34.5 0.48772579 -2.45196319 36 0 -2.46239185 35.6662178 -0.45874578 -2.30627084 35.3491745 -0.83147436 -2.00735664 35.06476593 -1.07515883 -1.6090889 34.82725143 -1.16731 -1.16731 34.64854813 0 -2.5 36 -0.48038882 -2.41507769 35.6662178 -0.89986223 -2.1724596 35.3491745 -1.20711362 -1.80657327 35.06476593 -1.36841762 -1.36841762 34.82725143 -1.37261128 -0.91714954 34.64854813 -0.48772579 -2.45196319 36 -0.94231659 -2.27495337 35.6662178 -1.30639744 -1.95516193 35.3491745 -1.53636432 -1.53636432 35.06476593 -1.6090889 -1.07515883 34.82725143 -1.52516401 -0.63174361 34.64854813 -0.95670861 -2.30969882 36 -1.36803162 -2.04740405 35.6662178 -1.66272855 -1.66272855 35.3491745 -1.80657327 -1.20711362 35.06476593 -1.78792369 -0.74058229 34.82725143 -1.61910546 -0.32206011 34.64854813 -1.38892555 -2.07867408 36 -1.74117398 -1.74117398 35.6662178 -1.95516193 -1.30639744 35.3491745 -2.00735664 -0.83147436 35.06476593 -1.89804971 -0.37754557 34.82725143 -1.76776695 -1.76776695 36 -2.04740405 -1.36803162 35.6662178 -2.1724596 -0.89986223 35.3491745 -2.13099861 -0.42388195 35.06476593 -2.07867408 -1.38892555 36 -2.27495337 -0.94231659 35.6662178 -2.30627084 -0.45874578 35.3491745 -2.30969882 -0.95670861 36 -2.41507769 -0.48038882 35.6662178 -2.45196319 -0.48772579 36 0.63174361 -1.52516401 34.64854813 1.07515883 -1.6090889 34.82725143 1.53636432 -1.53636432 35.06476593 1.95516193 -1.30639744 35.3491745 0.91714954 -1.37261128 34.64854813 1.36841762 -1.36841762 34.82725143 1.80657327 -1.20711362 35.06476593 2.1724596 -0.89986223 35.3491745 1.16731 -1.16731 34.64854813 1.6090889 -1.07515883 34.82725143 2.00735664 -0.83147436 35.06476593 2.30627084 -0.45874578 35.3491745 1.52516401 0.63174361 34.64854813 1.6090889 1.07515883 34.82725143 1.53636432 1.53636432 35.06476593 1.30639744 1.95516193 35.3491745 1.37261128 0.91714954 34.64854813 1.36841762 1.36841762 34.82725143 1.20711362 1.80657327 35.06476593 0.89986223 2.1724596 35.3491745 1.16731 1.16731 34.64854813 1.07515883 1.6090889 34.82725143 0.83147436 2.00735664 35.06476593 0.45874578 2.30627084 35.3491745 -0.63174361 1.52516401 34.64854813 -1.07515883 1.6090889 34.82725143 -1.53636432 1.53636432 35.06476593 -1.95516193 1.30639744 35.3491745 -0.91714954 1.37261128 34.64854813 -1.36841762 1.36841762 34.82725143 -1.80657327 1.20711362 35.06476593 -2.1724596 0.89986223 35.3491745 -1.16731 1.16731 34.64854813 -1.6090889 1.07515883 34.82725143 -2.00735664 0.83147436 35.06476593 -2.45196319 0.48772579 103 -2.45196319 0.48772579 93.42857361 -2.5 -0 103 -2.5 -0 93.42857361 -2.45196319 -0.48772579 103 -2.45196319 -0.48772579 93.42857361 -2.30969882 -0.95670861 103 -2.30969882 -0.95670861 93.42857361 -2.07867408 -1.38892555 103 -2.07867408 -1.38892555 93.42857361 -1.76776695 -1.76776695 103 -1.76776695 -1.76776695 93.42857361 -1.38892555 -2.07867408 103 -1.38892555 -2.07867408 93.42857361 -0.95670861 -2.30969882 103 -0.95670861 -2.30969882 93.42857361 -0.48772579 -2.45196319 103 -0.48772579 -2.45196319 93.42857361 0 -2.5 103 0 -2.5 93.42857361 0.48772579 -2.45196319 103 0.48772579 -2.45196319 93.42857361 0.95670861 -2.30969882 103 0.95670861 -2.30969882 93.42857361 1.38892555 -2.07867408 103 1.38892555 -2.07867408 93.42857361 1.76776695 -1.76776695 103 1.76776695 -1.76776695 93.42857361 2.07867408 -1.38892555 103 2.07867408 -1.38892555 93.42857361 2.30969882 -0.95670861 103 2.30969882 -0.95670861 93.42857361 2.45196319 -0.48772579 103 2.45196319 -0.48772579 93.42857361 2.5 0 103 2.5 0 93.42857361 2.45196319 0.48772579 103 2.45196319 0.48772579 93.42857361 2.30969882 0.95670861 103 2.30969882 0.95670861 93.42857361 2.07867408 1.38892555 103 2.07867408 1.38892555 93.42857361 1.76776695 1.76776695 103 1.76776695 1.76776695 93.42857361 1.38892555 2.07867408 103 1.38892555 2.07867408 93.42857361 0.95670861 2.30969882 103 0.95670861 2.30969882 93.42857361 0.48772579 2.45196319 103 0.48772579 2.45196319 93.42857361 0 2.5 103 0 2.5 93.42857361 -0.48772579 2.45196319 103 -0.48772579 2.45196319 93.42857361 -0.95670861 2.30969882 103 -0.95670861 2.30969882 93.42857361 -1.38892555 2.07867408 103 -1.38892555 2.07867408 93.42857361 -1.76776695 1.76776695 103 -1.76776695 1.76776695 93.42857361 -2.07867408 1.38892555 103 -2.07867408 1.38892555 93.42857361 -2.30969882 0.95670861 103 -2.30969882 0.95670861 93.42857361 -2.45196319 -0.48772579 45.57143021 -2.5 -0 45.57143021 -2.45196319 0.48772579 45.57143021 -2.30969882 0.95670861 45.57143021 -2.07867408 1.38892555 45.57143021 -1.76776695 1.76776695 45.57143021 -1.38892555 2.07867408 45.57143021 -0.95670861 2.30969882 45.57143021 -0.48772579 2.45196319 45.57143021 0 2.5 45.57143021 0.48772579 2.45196319 45.57143021 0.95670861 2.30969882 45.57143021 1.38892555 2.07867408 45.57143021 1.76776695 1.76776695 45.57143021 2.07867408 1.38892555 45.57143021 2.30969882 0.95670861 45.57143021 2.45196319 0.48772579 45.57143021 2.5 0 45.57143021 2.45196319 -0.48772579 45.57143021 2.30969882 -0.95670861 45.57143021 2.07867408 -1.38892555 45.57143021 1.76776695 -1.76776695 45.57143021 1.38892555 -2.07867408 45.57143021 0.95670861 -2.30969882 45.57143021 0.48772579 -2.45196319 45.57143021 0 -2.5 45.57143021 -0.48772579 -2.45196319 45.57143021 -0.95670861 -2.30969882 45.57143021 -1.38892555 -2.07867408 45.57143021 -1.76776695 -1.76776695 45.57143021 -2.07867408 -1.38892555 45.57143021 -2.30969882 -0.95670861 45.57143021 -2.5 -0 83.85713959 -2.45196319 -0.48772579 83.85713959 -2.30969882 -0.95670861 83.85713959 -2.07867408 -1.38892555 83.85713959 -1.76776695 -1.76776695 83.85713959 -1.38892555 -2.07867408 83.85713959 -0.95670861 -2.30969882 83.85713959 -0.48772579 -2.45196319 83.85713959 0 -2.5 83.85713959 0.48772579 -2.45196319 83.85713959 0.95670861 -2.30969882 83.85713959 1.38892555 -2.07867408 83.85713959 1.76776695 -1.76776695 83.85713959 2.07867408 -1.38892555 83.85713959 2.30969882 -0.95670861 83.85713959 2.45196319 -0.48772579 83.85713959 2.5 0 83.85713959 2.45196319 0.48772579 83.85713959 2.30969882 0.95670861 83.85713959 2.07867408 1.38892555 83.85713959 1.76776695 1.76776695 83.85713959 1.38892555 2.07867408 83.85713959 0.95670861 2.30969882 83.85713959 0.48772579 2.45196319 83.85713959 0 2.5 83.85713959 -0.48772579 2.45196319 83.85713959 -0.95670861 2.30969882 83.85713959 -1.38892555 2.07867408 83.85713959 -1.76776695 1.76776695 83.85713959 -2.07867408 1.38892555 83.85713959 -2.30969882 0.95670861 83.85713959 -2.45196319 0.48772579 83.85713959 -2.5 -0 74.2857132 -2.45196319 -0.48772579 74.2857132 -2.30969882 -0.95670861 74.2857132 -2.07867408 -1.38892555 74.2857132 -1.76776695 -1.76776695 74.2857132 -1.38892555 -2.07867408 74.2857132 -0.95670861 -2.30969882 74.2857132 -0.48772579 -2.45196319 74.2857132 0 -2.5 74.2857132 0.48772579 -2.45196319 74.2857132 0.95670861 -2.30969882 74.2857132 1.38892555 -2.07867408 74.2857132 1.76776695 -1.76776695 74.2857132 2.07867408 -1.38892555 74.2857132 2.30969882 -0.95670861 74.2857132 2.45196319 -0.48772579 74.2857132 2.5 0 74.2857132 2.45196319 0.48772579 74.2857132 2.30969882 0.95670861 74.2857132 2.07867408 1.38892555 74.2857132 1.76776695 1.76776695 74.2857132 1.38892555 2.07867408 74.2857132 0.95670861 2.30969882 74.2857132 0.48772579 2.45196319 74.2857132 0 2.5 74.2857132 -0.48772579 2.45196319 74.2857132 -0.95670861 2.30969882 74.2857132 -1.38892555 2.07867408 74.2857132 -1.76776695 1.76776695 74.2857132 -2.07867408 1.38892555 74.2857132 -2.30969882 0.95670861 74.2857132 -2.45196319 0.48772579 74.2857132 -2.5 -0 64.7142868 -2.45196319 -0.48772579 64.7142868 -2.30969882 -0.95670861 64.7142868 -2.07867408 -1.38892555 64.7142868 -1.76776695 -1.76776695 64.7142868 -1.38892555 -2.07867408 64.7142868 -0.95670861 -2.30969882 64.7142868 -0.48772579 -2.45196319 64.7142868 0 -2.5 64.7142868 0.48772579 -2.45196319 64.7142868 0.95670861 -2.30969882 64.7142868 1.38892555 -2.07867408 64.7142868 1.76776695 -1.76776695 64.7142868 2.07867408 -1.38892555 64.7142868 2.30969882 -0.95670861 64.7142868 2.45196319 -0.48772579 64.7142868 2.5 0 64.7142868 2.45196319 0.48772579 64.7142868 2.30969882 0.95670861 64.7142868 2.07867408 1.38892555 64.7142868 1.76776695 1.76776695 64.7142868 1.38892555 2.07867408 64.7142868 0.95670861 2.30969882 64.7142868 0.48772579 2.45196319 64.7142868 0 2.5 64.7142868 -0.48772579 2.45196319 64.7142868 -0.95670861 2.30969882 64.7142868 -1.38892555 2.07867408 64.7142868 -1.76776695 1.76776695 64.7142868 -2.07867408 1.38892555 64.7142868 -2.30969882 0.95670861 64.7142868 -2.45196319 0.48772579 64.7142868 -2.5 -0 55.1428566 -2.45196319 -0.48772579 55.1428566 -2.30969882 -0.95670861 55.1428566 -2.07867408 -1.38892555 55.1428566 -1.76776695 -1.76776695 55.1428566 -1.38892555 -2.07867408 55.1428566 -0.95670861 -2.30969882 55.1428566 -0.48772579 -2.45196319 55.1428566 0 -2.5 55.1428566 0.48772579 -2.45196319 55.1428566 0.95670861 -2.30969882 55.1428566 1.38892555 -2.07867408 55.1428566 1.76776695 -1.76776695 55.1428566 2.07867408 -1.38892555 55.1428566 2.30969882 -0.95670861 55.1428566 2.45196319 -0.48772579 55.1428566 2.5 0 55.1428566 2.45196319 0.48772579 55.1428566 2.30969882 0.95670861 55.1428566 2.07867408 1.38892555 55.1428566 1.76776695 1.76776695 55.1428566 1.38892555 2.07867408 55.1428566 0.95670861 2.30969882 55.1428566 0.48772579 2.45196319 55.1428566 0 2.5 55.1428566 -0.48772579 2.45196319 55.1428566 -0.95670861 2.30969882 55.1428566 -1.38892555 2.07867408 55.1428566 -1.76776695 1.76776695 55.1428566 -2.07867408 1.38892555 55.1428566 -2.30969882 0.95670861 55.1428566 -2.45196319 0.48772579 55.1428566 -2.41507769 -0.48038882 103.33377838 -2.46239185 0 103.33377838 -2.41507769 0.48038882 103.33377838 -2.27495337 0.94231659 103.33377838 -2.04740405 1.36803162 103.33377838 -1.74117398 1.74117398 103.33377838 -1.36803162 2.04740405 103.33377838 -0.94231659 2.27495337 103.33377838 -0.48038882 2.41507769 103.33377838 0 2.46239185 103.33377838 0.48038882 2.41507769 103.33377838 0.94231659 2.27495337 103.33377838 1.36803162 2.04740405 103.33377838 1.74117398 1.74117398 103.33377838 2.04740405 1.36803162 103.33377838 2.27495337 0.94231659 103.33377838 2.41507769 0.48038882 103.33377838 2.46239185 0 103.33377838 2.41507769 -0.48038882 103.33377838 2.27495337 -0.94231659 103.33377838 2.04740405 -1.36803162 103.33377838 1.74117398 -1.74117398 103.33377838 1.36803162 -2.04740405 103.33377838 0.94231659 -2.27495337 103.33377838 0.48038882 -2.41507769 103.33377838 0 -2.46239185 103.33377838 -0.48038882 -2.41507769 103.33377838 -0.94231659 -2.27495337 103.33377838 -1.36803162 -2.04740405 103.33377838 -1.74117398 -1.74117398 103.33377838 -2.04740405 -1.36803162 103.33377838 -2.27495337 -0.94231659 103.33377838 -0.96592581 0.25881904 104.5 -1.30815315 0.26020783 104.46239471 -1 0 104.5 -1.33378136 0 104.46239471 -1.30815315 -0.26020783 104.46239471 -1.65082562 0 104.35145569 -1.61910546 -0.32206011 104.35145569 -1.93523467 0 104.17274475 -1.89804971 -0.37754557 104.17274475 -2.17274714 0 103.93523407 -2.13099861 -0.42388195 103.93523407 -2.3514533 0 103.6508255 -2.30627084 -0.45874578 103.6508255 -1.23225331 0.51041603 104.46239471 -0.86602539 0.5 104.5 -1.10899866 0.74100924 104.46239471 -0.70710677 0.70710677 104.5 -0.94312584 0.94312584 104.46239471 -0.74100924 1.10899866 104.46239471 -0.91714954 1.37261128 104.35145569 -0.63174361 1.52516401 104.35145569 -0.74058229 1.78792369 104.17274475 -0.37754557 1.89804971 104.17274475 -0.42388195 2.13099861 103.93523407 0 2.17274714 103.93523407 0 2.3514533 103.6508255 0.45874578 2.30627084 103.6508255 -0.5 0.86602539 104.5 -0.51041603 1.23225331 104.46239471 -0.32206011 1.61910546 104.35145569 0 1.93523467 104.17274475 0.42388195 2.13099861 103.93523407 0.89986223 2.1724596 103.6508255 -0.25881904 0.96592581 104.5 -0.26020783 1.30815315 104.46239471 0 1.65082562 104.35145569 0.37754557 1.89804971 104.17274475 0.83147436 2.00735664 103.93523407 1.30639744 1.95516193 103.6508255 0 1 104.5 0 1.33378136 104.46239471 0.32206011 1.61910546 104.35145569 0.74058229 1.78792369 104.17274475 1.20711362 1.80657327 103.93523407 1.66272855 1.66272855 103.6508255 0.26020783 1.30815315 104.46239471 0.25881904 0.96592581 104.5 0.51041603 1.23225331 104.46239471 0.5 0.86602539 104.5 0.74100924 1.10899866 104.46239471 0.70710677 0.70710677 104.5 0.94312584 0.94312584 104.46239471 1.10899866 0.74100924 104.46239471 1.37261128 0.91714954 104.35145569 1.52516401 0.63174361 104.35145569 1.78792369 0.74058229 104.17274475 1.89804971 0.37754557 104.17274475 2.13099861 0.42388195 103.93523407 2.17274714 0 103.93523407 2.3514533 0 103.6508255 2.30627084 -0.45874578 103.6508255 0.86602539 0.5 104.5 1.23225331 0.51041603 104.46239471 1.61910546 0.32206011 104.35145569 1.93523467 0 104.17274475 2.13099861 -0.42388195 103.93523407 2.1724596 -0.89986223 103.6508255 0.96592581 0.25881904 104.5 1.30815315 0.26020783 104.46239471 1.65082562 0 104.35145569 1.89804971 -0.37754557 104.17274475 2.00735664 -0.83147436 103.93523407 1.95516193 -1.30639744 103.6508255 1 0 104.5 1.33378136 0 104.46239471 1.61910546 -0.32206011 104.35145569 1.78792369 -0.74058229 104.17274475 1.80657327 -1.20711362 103.93523407 1.66272855 -1.66272855 103.6508255 1.30815315 -0.26020783 104.46239471 0.96592581 -0.25881904 104.5 1.23225331 -0.51041603 104.46239471 0.86602539 -0.5 104.5 1.10899866 -0.74100924 104.46239471 0.70710677 -0.70710677 104.5 0.94312584 -0.94312584 104.46239471 0.74100924 -1.10899866 104.46239471 0.91714954 -1.37261128 104.35145569 0.63174361 -1.52516401 104.35145569 0.74058229 -1.78792369 104.17274475 0.37754557 -1.89804971 104.17274475 0.42388195 -2.13099861 103.93523407 0 -2.17274714 103.93523407 0 -2.3514533 103.6508255 -0.45874578 -2.30627084 103.6508255 0.5 -0.86602539 104.5 0.51041603 -1.23225331 104.46239471 0.32206011 -1.61910546 104.35145569 0 -1.93523467 104.17274475 -0.42388195 -2.13099861 103.93523407 -0.89986223 -2.1724596 103.6508255 0.25881904 -0.96592581 104.5 0.26020783 -1.30815315 104.46239471 0 -1.65082562 104.35145569 -0.37754557 -1.89804971 104.17274475 -0.83147436 -2.00735664 103.93523407 -1.30639744 -1.95516193 103.6508255 0 -1 104.5 0 -1.33378136 104.46239471 -0.32206011 -1.61910546 104.35145569 -0.74058229 -1.78792369 104.17274475 -1.20711362 -1.80657327 103.93523407 -1.66272855 -1.66272855 103.6508255 -0.26020783 -1.30815315 104.46239471 -0.25881904 -0.96592581 104.5 -0.51041603 -1.23225331 104.46239471 -0.5 -0.86602539 104.5 -0.74100924 -1.10899866 104.46239471 -0.70710677 -0.70710677 104.5 -0.94312584 -0.94312584 104.46239471 -1.10899866 -0.74100924 104.46239471 -1.37261128 -0.91714954 104.35145569 -1.52516401 -0.63174361 104.35145569 -1.78792369 -0.74058229 104.17274475 -0.86602539 -0.5 104.5 -1.23225331 -0.51041603 104.46239471 -0.96592581 -0.25881904 104.5 -2.30627084 0.45874578 103.6508255 -2.1724596 0.89986223 103.6508255 -1.95516193 1.30639744 103.6508255 -1.66272855 1.66272855 103.6508255 -1.30639744 1.95516193 103.6508255 -0.89986223 2.1724596 103.6508255 -0.45874578 2.30627084 103.6508255 -2.13099861 0.42388195 103.93523407 -2.00735664 0.83147436 103.93523407 -1.80657327 1.20711362 103.93523407 -1.53636432 1.53636432 103.93523407 -1.20711362 1.80657327 103.93523407 -0.83147436 2.00735664 103.93523407 -1.89804971 0.37754557 104.17274475 -1.78792369 0.74058229 104.17274475 -1.6090889 1.07515883 104.17274475 -1.36841762 1.36841762 104.17274475 -1.07515883 1.6090889 104.17274475 -1.61910546 0.32206011 104.35145569 -1.52516401 0.63174361 104.35145569 -1.37261128 0.91714954 104.35145569 -1.16731 1.16731 104.35145569 -2.1724596 -0.89986223 103.6508255 -1.95516193 -1.30639744 103.6508255 -2.00735664 -0.83147436 103.93523407 -1.80657327 -1.20711362 103.93523407 -1.53636432 -1.53636432 103.93523407 -1.6090889 -1.07515883 104.17274475 -1.16731 -1.16731 104.35145569 -1.36841762 -1.36841762 104.17274475 -1.07515883 -1.6090889 104.17274475 -0.91714954 -1.37261128 104.35145569 -0.63174361 -1.52516401 104.35145569 0.45874578 -2.30627084 103.6508255 0.89986223 -2.1724596 103.6508255 1.30639744 -1.95516193 103.6508255 0.83147436 -2.00735664 103.93523407 1.07515883 -1.6090889 104.17274475 1.16731 -1.16731 104.35145569 1.20711362 -1.80657327 103.93523407 1.53636432 -1.53636432 103.93523407 1.36841762 -1.36841762 104.17274475 1.37261128 -0.91714954 104.35145569 1.6090889 -1.07515883 104.17274475 1.52516401 -0.63174361 104.35145569 2.30627084 0.45874578 103.6508255 2.1724596 0.89986223 103.6508255 1.95516193 1.30639744 103.6508255 2.00735664 0.83147436 103.93523407 1.6090889 1.07515883 104.17274475 1.16731 1.16731 104.35145569 1.80657327 1.20711362 103.93523407 1.53636432 1.53636432 103.93523407 1.36841762 1.36841762 104.17274475 0.91714954 1.37261128 104.35145569 1.07515883 1.6090889 104.17274475 0.63174361 1.52516401 104.35145569 -1.95324111 0.42994088 113.10700226 -1.95324111 0.42994088 122 -2 -0 113.10700226 -2 -0 122 -1.95324111 -0.42994088 113.10700226 -1.95324111 -0.42994088 122 -1.81515086 -0.83977818 113.10700226 -1.81515086 -0.83977818 122 -1.59218609 -1.21034849 113.10700226 -1.59218609 -1.21034849 122 -1.29477262 -1.52432406 113.10700226 -1.29477262 -1.52432406 122 -0.93681687 -1.76702404 113.10700226 -0.93681687 -1.76702404 122 -0.53505665 -1.92709994 113.10700226 -0.53505665 -1.92709994 122 -0.10827782 -1.99706686 113.10700226 -0.10827782 -1.99706686 122 0.32356399 -1.97365308 113.10700226 0.32356399 -1.97365308 122 0.74027634 -1.85795343 113.10700226 0.74027634 -1.85795343 122 1.12237418 -1.65537798 113.10700226 1.12237418 -1.65537798 122 1.45199096 -1.37539887 113.10700226 1.45199096 -1.37539887 122 1.71371436 -1.03110766 113.10700226 1.71371436 -1.03110766 122 1.89530635 -0.63860303 113.10700226 1.89530635 -0.63860303 122 1.98827589 -0.21623804 113.10700226 1.98827589 -0.21623804 122 1.98827589 0.21623804 113.10700226 1.98827589 0.21623804 122 1.89530635 0.63860303 113.10700226 1.89530635 0.63860303 122 1.71371436 1.03110766 113.10700226 1.71371436 1.03110766 122 1.45199096 1.37539887 113.10700226 1.45199096 1.37539887 122 1.12237418 1.65537798 113.10700226 1.12237418 1.65537798 122 0.74027634 1.85795343 113.10700226 0.74027634 1.85795343 122 0.32356399 1.97365308 113.10700226 0.32356399 1.97365308 122 -0.10827782 1.99706686 113.10700226 -0.10827782 1.99706686 122 -0.53505665 1.92709994 113.10700226 -0.53505665 1.92709994 122 -0.93681687 1.76702404 113.10700226 -0.93681687 1.76702404 122 -1.29477262 1.52432406 113.10700226 -1.29477262 1.52432406 122 -1.59218609 1.21034849 113.10700226 -1.59218609 1.21034849 122 -1.81515086 0.83977818 113.10700226 -1.81515086 0.83977818 122 -2.45196319 -0.48772579 113.10700226 -2.45196319 -0.48772579 105.05349731 -2.5 -0 113.10700226 -2.5 0 105.05349731 -2.45196319 0.48772579 113.10700226 -2.45196319 0.48772579 105.05349731 -2.30969882 0.95670861 113.10700226 -2.30969882 0.95670861 105.05349731 -2.07867408 1.38892555 113.10700226 -2.07867408 1.38892555 105.05349731 -1.76776695 1.76776695 113.10700226 -1.76776695 1.76776695 105.05349731 -1.38892555 2.07867408 113.10700226 -1.38892555 2.07867408 105.05349731 -0.95670861 2.30969882 113.10700226 -0.95670861 2.30969882 105.05349731 -0.48772579 2.45196319 113.10700226 -0.48772579 2.45196319 105.05349731 0 2.5 113.10700226 0 2.5 105.05349731 0.48772579 2.45196319 113.10700226 0.48772579 2.45196319 105.05349731 0.95670861 2.30969882 113.10700226 0.95670861 2.30969882 105.05349731 1.38892555 2.07867408 113.10700226 1.38892555 2.07867408 105.05349731 1.76776695 1.76776695 113.10700226 1.76776695 1.76776695 105.05349731 2.07867408 1.38892555 113.10700226 2.07867408 1.38892555 105.05349731 2.30969882 0.95670861 113.10700226 2.30969882 0.95670861 105.05349731 2.45196319 0.48772579 113.10700226 2.45196319 0.48772579 105.05349731 2.5 0 113.10700226 2.5 0 105.05349731 2.45196319 -0.48772579 113.10700226 2.45196319 -0.48772579 105.05349731 2.30969882 -0.95670861 113.10700226 2.30969882 -0.95670861 105.05349731 2.07867408 -1.38892555 113.10700226 2.07867408 -1.38892555 105.05349731 1.76776695 -1.76776695 113.10700226 1.76776695 -1.76776695 105.05349731 1.38892555 -2.07867408 113.10700226 1.38892555 -2.07867408 105.05349731 0.95670861 -2.30969882 113.10700226 0.95670861 -2.30969882 105.05349731 0.48772579 -2.45196319 113.10700226 0.48772579 -2.45196319 105.05349731 0 -2.5 113.10700226 0 -2.5 105.05349731 -0.48772579 -2.45196319 113.10700226 -0.48772579 -2.45196319 105.05349731 -0.95670861 -2.30969882 113.10700226 -0.95670861 -2.30969882 105.05349731 -1.38892555 -2.07867408 113.10700226 -1.38892555 -2.07867408 105.05349731 -1.76776695 -1.76776695 113.10700226 -1.76776695 -1.76776695 105.05349731 -2.07867408 -1.38892555 113.10700226 -2.07867408 -1.38892555 105.05349731 -2.30969882 -0.95670861 113.10700226 -2.30969882 -0.95670861 105.05349731 -2.45196319 0.48772579 97 -2.5 -0 97 -2.45196319 -0.48772579 97 -2.30969882 -0.95670861 97 -2.07867408 -1.38892555 97 -1.76776695 -1.76776695 97 -1.38892555 -2.07867408 97 -0.95670861 -2.30969882 97 -0.48772579 -2.45196319 97 0 -2.5 97 0.48772579 -2.45196319 97 0.95670861 -2.30969882 97 1.38892555 -2.07867408 97 1.76776695 -1.76776695 97 2.07867408 -1.38892555 97 2.30969882 -0.95670861 97 2.45196319 -0.48772579 97 2.5 0 97 2.45196319 0.48772579 97 2.30969882 0.95670861 97 2.07867408 1.38892555 97 1.76776695 1.76776695 97 1.38892555 2.07867408 97 0.95670861 2.30969882 97 0.48772579 2.45196319 97 0 2.5 97 -0.48772579 2.45196319 97 -0.95670861 2.30969882 97 -1.38892555 2.07867408 97 -1.76776695 1.76776695 97 -2.07867408 1.38892555 97 -2.30969882 0.95670861 97 -6.95266867 -0.81265038 97 -6.95266867 -0.81265038 109.5 -7 0 97 -7 0 109.5 -6.95266867 0.81265038 97 -6.95266867 0.81265038 109.5 -6.81131411 1.6143111 97 -6.81131411 1.6143111 109.5 -6.57784843 2.39414096 97 -6.57784843 2.39414096 109.5 -6.25542831 3.14159417 97 -6.25542831 3.14159417 109.5 -5.8484149 3.84656286 97 -5.8484149 3.84656286 109.5 -5.36231089 4.49951315 97 -5.36231089 4.49951315 109.5 -4.80369139 5.09161568 97 -4.80369139 5.09161568 109.5 -4.18010998 5.61486244 97 -4.18010998 5.61486244 109.5 -3.5 6.06217766 97 -3.5 6.06217766 109.5 -2.77255845 6.42751265 97 -2.77255845 6.42751265 109.5 -2.00762272 6.70592642 97 -2.00762272 6.70592642 109.5 -1.21553719 6.89365435 97 -1.21553719 6.89365435 109.5 -0.4070138 6.98815727 97 -0.4070138 6.98815727 109.5 0.4070138 6.98815727 97 0.4070138 6.98815727 109.5 1.21553719 6.89365435 97 1.21553719 6.89365435 109.5 2.00762272 6.70592642 97 2.00762272 6.70592642 109.5 2.77255845 6.42751265 97 2.77255845 6.42751265 109.5 3.5 6.06217766 97 3.5 6.06217766 109.5 4.18010998 5.61486244 97 4.18010998 5.61486244 109.5 4.80369139 5.09161568 97 4.80369139 5.09161568 109.5 5.36231089 4.49951315 97 5.36231089 4.49951315 109.5 5.8484149 3.84656286 97 5.8484149 3.84656286 109.5 6.25542831 3.14159417 97 6.25542831 3.14159417 109.5 6.57784843 2.39414096 97 6.57784843 2.39414096 109.5 6.81131411 1.6143111 97 6.81131411 1.6143111 109.5 6.95266867 0.81265038 97 6.95266867 0.81265038 109.5 7 0 97 7 0 109.5 6.95266867 -0.81265038 97 6.95266867 -0.81265038 109.5 6.81131411 -1.6143111 97 6.81131411 -1.6143111 109.5 6.57784843 -2.39414096 97 6.57784843 -2.39414096 109.5 6.25542831 -3.14159417 97 6.25542831 -3.14159417 109.5 5.8484149 -3.84656286 97 5.8484149 -3.84656286 109.5 5.36231089 -4.49951315 97 5.36231089 -4.49951315 109.5 4.80369139 -5.09161568 97 4.80369139 -5.09161568 109.5 4.18010998 -5.61486244 97 4.18010998 -5.61486244 109.5 3.5 -6.06217766 97 3.5 -6.06217766 109.5 2.77255845 -6.42751265 97 2.77255845 -6.42751265 109.5 2.00762272 -6.70592642 97 2.00762272 -6.70592642 109.5 1.21553719 -6.89365435 97 1.21553719 -6.89365435 109.5 0.4070138 -6.98815727 97 0.4070138 -6.98815727 109.5 -0.4070138 -6.98815727 97 -0.4070138 -6.98815727 109.5 -1.21553719 -6.89365435 97 -1.21553719 -6.89365435 109.5 -2.00762272 -6.70592642 97 -2.00762272 -6.70592642 109.5 -2.77255845 -6.42751265 97 -2.77255845 -6.42751265 109.5 -3.5 -6.06217766 97 -3.5 -6.06217766 109.5 -4.18010998 -5.61486244 97 -4.18010998 -5.61486244 109.5 -4.80369139 -5.09161568 97 -4.80369139 -5.09161568 109.5 -5.36231089 -4.49951315 97 -5.36231089 -4.49951315 109.5 -5.8484149 -3.84656286 97 -5.8484149 -3.84656286 109.5 -6.25542831 -3.14159417 97 -6.25542831 -3.14159417 109.5 -6.57784843 -2.39414096 97 -6.57784843 -2.39414096 109.5 -6.81131411 -1.6143111 97 -6.81131411 -1.6143111 109.5 -6.95266867 0.81265038 122 -7 0 122 -6.95266867 -0.81265038 122 -6.81131411 -1.6143111 122 -6.57784843 -2.39414096 122 -6.25542831 -3.14159417 122 -5.8484149 -3.84656286 122 -5.36231089 -4.49951315 122 -4.80369139 -5.09161568 122 -4.18010998 -5.61486244 122 -3.5 -6.06217766 122 -2.77255845 -6.42751265 122 -2.00762272 -6.70592642 122 -1.21553719 -6.89365435 122 -0.4070138 -6.98815727 122 0.4070138 -6.98815727 122 1.21553719 -6.89365435 122 2.00762272 -6.70592642 122 2.77255845 -6.42751265 122 3.5 -6.06217766 122 4.18010998 -5.61486244 122 4.80369139 -5.09161568 122 5.36231089 -4.49951315 122 5.8484149 -3.84656286 122 6.25542831 -3.14159417 122 6.57784843 -2.39414096 122 6.81131411 -1.6143111 122 6.95266867 -0.81265038 122 7 0 122 6.95266867 0.81265038 122 6.81131411 1.6143111 122 6.57784843 2.39414096 122 6.25542831 3.14159417 122 5.8484149 3.84656286 122 5.36231089 4.49951315 122 4.80369139 5.09161568 122 4.18010998 5.61486244 122 3.5 6.06217766 122 2.77255845 6.42751265 122 2.00762272 6.70592642 122 1.21553719 6.89365435 122 0.4070138 6.98815727 122 -0.4070138 6.98815727 122 -1.21553719 6.89365435 122 -2.00762272 6.70592642 122 -2.77255845 6.42751265 122 -3.5 6.06217766 122 -4.18010998 5.61486244 122 -4.80369139 5.09161568 122 -5.36231089 4.49951315 122 -5.8484149 3.84656286 122 -6.25542831 3.14159417 122 -6.57784843 2.39414096 122 -6.81131411 1.6143111 122</float_array>
          <technique_common>
            <accessor source="#pos_0-array" count="7794" stride="3">
              <param name="X" type="float"/>
              <param name="Y" type="float"/>
              <param name="Z" type="float"/>
            </accessor>
          </technique_common>
        </source>
        <source id="norm_0">
          <float_array id="norm_0-array" count="4488">0 0 1 0.99619 0.08715 -0.00425 0.99912 0.04176 0.00471 0.99618 -0.08715 -0.00454 0.99056 -0.13697 0.00498 0.96591 -0.25882 -0.0048 0.95029 -0.31131 0.00522 0.9063 -0.42261 -0.00503 0.8796 -0.47568 0.00543 0.81914 -0.57357 -0.00522 0.78074 -0.62483 0.00561 0.7071 -0.7071 -0.00538 0.65689 -0.75397 0.00576 0.57357 -0.81914 -0.00551 0.512 -0.85896 0.00587 0.42261 -0.90629 -0.00561 0.35072 -0.93646 0.00595 0.25881 -0.96591 -0.00567 0.17821 -0.98397 0.006 0.08715 -0.99618 -0.0057 -0 -0.99998 0.00602 -0.08715 -0.99618 -0.0057 -0.17821 -0.98397 0.006 -0.25881 -0.96591 -0.00567 -0.35072 -0.93646 0.00595 -0.42261 -0.90629 -0.00561 -0.512 -0.85896 0.00587 -0.57357 -0.81914 -0.00551 -0.65689 -0.75397 0.00576 -0.7071 -0.7071 -0.00538 -0.78074 -0.62483 0.00561 -0.81914 -0.57357 -0.00522 -0.8796 -0.47568 0.00543 -0.9063 -0.42261 -0.00503 -0.95029 -0.31131 0.00522 -0.96591 -0.25882 -0.0048 -0.99056 -0.13697 0.00498 -0.99618 -0.08715 -0.00454 -0.99912 0.04176 0.00471 -0.99619 0.08715 -0.00425 -0.97568 0.21916 0.0044 -0.96592 0.25882 -0.00393 -0.921 0.38953 0.00406 -0.9063 0.42262 -0.00357 -0.83684 0.54743 0.00369 -0.81915 0.57357 -0.00318 -0.72588 0.68781 0.00329 -0.7071 0.7071 -0.00276 -0.59914 0.80064 0.00251 -0.57357 0.81915 -0.00393 -0.46339 0.88615 0.00353 -0.42261 0.9063 -0.0048 -0.31572 0.94884 0.00425 -0.25882 0.96591 -0.00538 -0.15992 0.98712 0.00469 -0.08715 0.99618 -0.00567 0 0.99999 0.00483 0.08715 0.99618 -0.00567 0.15992 0.98712 0.00469 0.25882 0.96591 -0.00538 0.31572 0.94884 0.00425 0.42261 0.9063 -0.0048 0.46339 0.88615 0.00353 0.57357 0.81915 -0.00393 0.59914 0.80064 0.00251 0.7071 0.7071 -0.00276 0.72588 0.68781 0.00329 0.81915 0.57357 -0.00318 0.83684 0.54743 0.00369 0.9063 0.42262 -0.00357 0.921 0.38953 0.00406 0.96592 0.25882 -0.00393 0.97568 0.21916 0.0044 0.99324 -0 0.11609 0.99324 0 -0.11609 0.93969 0 -0.34202 0.83549 0 -0.54951 0.68624 0 -0.72737 0.5 0 -0.86603 0.2868 0 -0.95799 0.05814 0 -0.99831 -0.17365 0 -0.98481 -0.39608 0 -0.91822 -0.59716 0 -0.80212 -0.76604 0 -0.64279 -0.89363 0 -0.4488 -0.97304 0 -0.23062 -1 0 0 -0.97304 0 0.23062 -0.89363 0 0.4488 -0.76604 0 0.64279 -0.59716 0 0.80212 -0.39608 0 0.91822 -0.17365 0 0.98481 0.05814 -0 0.99831 0.2868 -0 0.95799 0.5 -0 0.86603 0.68624 -0 0.72737 0.83549 -0 0.54951 0.93969 -0 0.34202 -0.99786 0.0654 0 -0.99786 0.0654 -0 -0.98079 0.19509 -0 -0.98079 0.19509 -0 -0.94693 0.32144 -0 -0.94693 0.32144 0 -0.89687 0.44229 0 -0.83147 0.55557 -0 -0.83147 0.55557 0 -0.75184 0.65935 -0 -0.75184 0.65935 0 -0.65935 0.75184 0 -0.65935 0.75184 0 -0.55557 0.83147 0 -0.55557 0.83147 0 -0.44229 0.89687 0 -0.44229 0.89687 -0 -0.32144 0.94693 -0 -0.32144 0.94693 0 -0.19509 0.98079 0 -0.19509 0.98079 0 -0.0654 0.99786 0 -0.0654 0.99786 0 0.0654 0.99786 0 0.0654 0.99786 0 0.19509 0.98079 0 0.19509 0.98079 -0 0.32144 0.94693 -0 0.32144 0.94693 0 0.44229 0.89687 0 0.44229 0.89687 -0 0.55557 0.83147 -0 0.55557 0.83147 -0 0.65935 0.75184 -0 0.65935 0.75184 0 0.75184 0.65935 0 0.83147 0.55557 0 0.83147 0.55557 0 0.89687 0.44229 0 0.89687 0.44229 0 0.94693 0.32144 0 0.98079 0.19509 0 0.98079 0.19509 0 0.99786 0.0654 0 0.99786 0.0654 0 -0.99573 0.09227 0 -0.96183 0.27366 0 -0.89516 0.44574 0 -0.79802 0.60263 0 -0.6737 0.73901 0 -0.52643 0.85022 0 -0.36124 0.93247 0 -0.18375 0.98297 0 0 1 0 0.18375 0.98297 0 0.36124 0.93247 0 0.52643 0.85022 0 0.6737 0.73901 0 0.79802 0.60263 0 0.89516 0.44574 0 0.96183 0.27366 0 0.99573 0.09227 0 0 1 0 0 1 0 0 1 0 -0 1 0 0 1 0 0 1 -0 0.99144 0.13053 0 0.99144 0.13053 0 0.99144 -0.13053 0 0.99144 -0.13053 -0 0.92388 -0.38268 -0 0.92388 -0.38268 0 0.79335 -0.60876 0 0.79335 -0.60876 0 0.60876 -0.79335 0 0.60876 -0.79335 0 0.38268 -0.92388 -0 0.38268 -0.92388 0 0.13053 -0.99144 0 -0.13053 -0.99144 -0 -0.13053 -0.99144 0 -0.38268 -0.92388 0 -0.38268 -0.92388 0 -0.60876 -0.79335 0 -0.60876 -0.79335 0 -0.79335 -0.60876 0 -0.79335 -0.60876 -0 -0.92388 -0.38268 -0 -0.92388 -0.38268 -0 -0.99144 -0.13053 -0 -0.99144 0.13053 0 -0.92388 0.38268 0 -0.92388 0.38268 0 -0.79335 0.60876 -0 -0.79335 0.60876 0 -0.60876 0.79335 0 -0.60876 0.79335 -0 -0.38268 0.92388 -0 -0.38268 0.92388 0 -0.13053 0.99144 0 -0.13053 0.99144 0 0.13053 0.99144 0 0.38268 0.92388 0 0.38268 0.92388 0 0.60876 0.79335 0 0.60876 0.79335 0 0.79335 0.60876 0 0.79335 0.60876 -0 0.92388 0.38268 -0 0.92388 0.38268 0 0.99144 0.13053 -0 0.99144 -0.13053 0 0.92388 -0.38268 0 0.79335 -0.60876 0 0.60876 -0.79335 -0 0.38268 -0.92388 -0 -0.13053 -0.99144 0 -0.38268 -0.92388 0 -0.38268 -0.92388 0 -0.60876 -0.79335 -0 -0.79335 -0.60876 -0 -0.92388 -0.38268 -0 -0.92388 0.38268 0 -0.79335 0.60876 0 -0.60876 0.79335 -0 -0.38268 0.92388 -0 -0.38268 0.92388 0 -0.13053 0.99144 0 0.38268 0.92388 0 0.60876 0.79335 0 0.79335 0.60876 0 0.92388 0.38268 -0 1 0 0 0 0 -1 -0.99619 0.08716 0 -0.96593 0.25882 0 -0.90631 0.42262 0 -0.81915 0.57358 0 -0.70711 0.70711 0 -0.57358 0.81915 0 -0.42262 0.90631 0 -0.25882 0.96593 0 -0.08716 0.99619 0 0.08716 0.99619 0 0.25882 0.96593 0 0.42262 0.90631 0 0.57358 0.81915 0 0.70711 0.70711 0 0.81915 0.57358 0 0.90631 0.42262 0 0.96593 0.25882 0 0.99619 0.08716 0 0 -1 0 -0 -1 -0 -0 -1 0 -0 -1 -0 -0 -1 -0 -0 -1 -0 -0 -1 -0 -0 -1 -0 0 -1 -0 -0 -1 -0 0 -1 -0 -0 -1 0 0.99618 0.08715 -0.00454 0.99912 -0.04176 0.00471 0.99619 -0.08715 -0.00425 0.97568 -0.21916 0.0044 0.96592 -0.25882 -0.00393 0.921 -0.38953 0.00406 0.9063 -0.42262 -0.00357 0.83684 -0.54743 0.00369 0.81915 -0.57357 -0.00318 0.72588 -0.68781 0.00329 0.7071 -0.7071 -0.00276 0.59914 -0.80064 0.00251 0.57357 -0.81915 -0.00393 0.46339 -0.88615 0.00353 0.42261 -0.9063 -0.0048 0.31572 -0.94884 0.00425 0.25882 -0.96591 -0.00538 0.15992 -0.98712 0.00469 0.08715 -0.99618 -0.00567 0 -0.99999 0.00483 -0.08715 -0.99618 -0.00567 -0.15992 -0.98712 0.00469 -0.25882 -0.96591 -0.00538 -0.31572 -0.94884 0.00425 -0.42261 -0.9063 -0.0048 -0.46339 -0.88615 0.00353 -0.57357 -0.81915 -0.00393 -0.59914 -0.80064 0.00251 -0.7071 -0.7071 -0.00276 -0.72588 -0.68781 0.00329 -0.81915 -0.57357 -0.00318 -0.83684 -0.54743 0.00369 -0.9063 -0.42262 -0.00357 -0.921 -0.38953 0.00406 -0.96592 -0.25882 -0.00393 -0.97568 -0.21916 0.0044 -0.99619 -0.08715 -0.00425 -0.99912 -0.04176 0.00471 -0.99618 0.08715 -0.00454 -0.99056 0.13697 0.00498 -0.96591 0.25882 -0.0048 -0.95029 0.31131 0.00522 -0.9063 0.42261 -0.00503 -0.8796 0.47568 0.00543 -0.81914 0.57357 -0.00522 -0.78074 0.62483 0.00561 -0.7071 0.7071 -0.00538 -0.65689 0.75397 0.00576 -0.57357 0.81914 -0.00551 -0.512 0.85896 0.00587 -0.42261 0.90629 -0.00561 -0.35072 0.93646 0.00595 -0.25881 0.96591 -0.00567 -0.17821 0.98397 0.006 -0.08715 0.99618 -0.0057 -0 0.99998 0.00602 0.08715 0.99618 -0.0057 0.17821 0.98397 0.006 0.25881 0.96591 -0.00567 0.35072 0.93646 0.00595 0.42261 0.90629 -0.00561 0.512 0.85896 0.00587 0.57357 0.81914 -0.00551 0.65689 0.75397 0.00576 0.7071 0.7071 -0.00538 0.78074 0.62483 0.00561 0.81914 0.57357 -0.00522 0.8796 0.47568 0.00543 0.9063 0.42261 -0.00503 0.95029 0.31131 0.00522 0.96591 0.25882 -0.0048 0.99056 0.13697 0.00498 0.99786 -0.0654 0 0.99786 -0.0654 -0 0.98079 -0.19509 -0 0.98079 -0.19509 0 0.94693 -0.32144 0 0.89687 -0.44229 0 0.89687 -0.44229 -0 0.83147 -0.55557 -0 0.83147 -0.55557 0 0.75184 -0.65935 0 0.65935 -0.75184 0 0.65935 -0.75184 0 0.55557 -0.83147 0 0.55557 -0.83147 0 0.44229 -0.89687 0 0.44229 -0.89687 -0 0.32144 -0.94693 -0 0.32144 -0.94693 0 0.19509 -0.98079 0 0.19509 -0.98079 -0 0.0654 -0.99786 -0 0.0654 -0.99786 0 -0.0654 -0.99786 -0 -0.0654 -0.99786 -0 -0.19509 -0.98079 -0 -0.19509 -0.98079 -0 -0.32144 -0.94693 -0 -0.32144 -0.94693 0 -0.44229 -0.89687 0 -0.44229 -0.89687 -0 -0.55557 -0.83147 -0 -0.55557 -0.83147 0 -0.65935 -0.75184 -0 -0.65935 -0.75184 0 -0.75184 -0.65935 -0 -0.75184 -0.65935 0 -0.83147 -0.55557 0 -0.83147 -0.55557 0 -0.89687 -0.44229 -0 -0.89687 -0.44229 0 -0.94693 -0.32144 -0 -0.94693 -0.32144 0 -0.98079 -0.19509 0 -0.98079 -0.19509 0 -0.99786 -0.0654 0 -0.99786 -0.0654 -0 0.99573 -0.09227 0 0.96183 -0.27366 0 0.89516 -0.44574 0 0.79802 -0.60263 0 0.6737 -0.73901 0 0.52643 -0.85022 0 0.36124 -0.93247 0 0.18375 -0.98297 0 -0.18375 -0.98297 -0 -0.36124 -0.93247 -0 -0.52643 -0.85022 -0 -0.6737 -0.73901 -0 -0.79802 -0.60263 -0 -0.89516 -0.44574 -0 -0.96183 -0.27366 -0 -0.99573 -0.09227 -0 -0 -1 -0 -0 -1 -0 0 -1 0 -0 -1 -0 -0 -1 0 -0 -1 0 0.99144 0.13053 0 0.99144 -0.13053 -0 0.92388 -0.38268 -0 0.92388 -0.38268 0 0.79335 -0.60876 0 0.60876 -0.79335 -0 0.38268 -0.92388 -0 -0.13053 -0.99144 -0 -0.38268 -0.92388 -0 -0.60876 -0.79335 0 -0.60876 -0.79335 -0 -0.79335 -0.60876 -0 -0.79335 -0.60876 0 -0.92388 -0.38268 -0 -0.92388 0.38268 0 -0.79335 0.60876 0 -0.79335 0.60876 -0 -0.60876 0.79335 -0 -0.60876 0.79335 -0 -0.38268 0.92388 -0 -0.13053 0.99144 -0 0.38268 0.92388 0 0.60876 0.79335 -0 0.79335 0.60876 -0 0.92388 0.38268 -0 0.92388 0.38268 0 0.99144 0.13053 -0 0.99144 -0.13053 0 0.92388 -0.38268 0 0.79335 -0.60876 -0 0.60876 -0.79335 -0 0.38268 -0.92388 -0 -0.13053 -0.99144 -0 -0.38268 -0.92388 -0 -0.60876 -0.79335 0 -0.79335 -0.60876 -0 -0.92388 -0.38268 -0 -0.92388 0.38268 0 -0.79335 0.60876 0 -0.60876 0.79335 0 -0.38268 0.92388 -0 -0.13053 0.99144 -0 0.38268 0.92388 0 0.60876 0.79335 0 0.79335 0.60876 -0 0.92388 0.38268 -0 -0.99619 -0.08716 0 -0.96593 -0.25882 0 -0.90631 -0.42262 0 -0.81915 -0.57358 0 -0.70711 -0.70711 0 -0.57358 -0.81915 0 -0.42262 -0.90631 0 -0.25882 -0.96593 0 -0.08716 -0.99619 0 0.08716 -0.99619 0 0.25882 -0.96593 0 0.42262 -0.90631 0 0.57358 -0.81915 0 0.70711 -0.70711 0 0.81915 -0.57358 0 0.90631 -0.42262 0 0.96593 -0.25882 0 0.99619 -0.08716 0 -0 1 0 0 1 -0 -0 1 -0 0 1 -0 -0.99414 -0.10812 0 -0.99414 0.10812 0 -0.94765 0.3193 0 -0.85686 0.51555 0 -0.85686 0.51555 -0 -0.726 0.6877 0 -0.726 0.6877 -0 -0.56119 0.82769 0 -0.56119 0.82769 0 -0.37014 0.92898 0 -0.37014 0.92898 -0 -0.16178 0.98683 0 -0.16178 0.98683 -0 0.05414 0.99853 0 0.05414 0.99853 0 0.26753 0.96355 0 0.26753 0.96355 0 0.46841 0.88351 0 0.46841 0.88351 -0 0.64739 0.76216 -0 0.64739 0.76216 0 0.79609 0.60517 0 0.79609 0.60517 -0 0.90758 0.41989 0 0.90758 0.41989 -0 0.97662 0.21497 0 0.97662 0.21497 -0 0.97662 -0.21497 0 0.97662 -0.21497 -0 0.90758 -0.41989 0 0.90758 -0.41989 -0 0.79609 -0.60517 0 0.79609 -0.60517 -0 0.64739 -0.76216 -0 0.64739 -0.76216 0 0.46841 -0.88351 0 0.46841 -0.88351 -0 0.26753 -0.96355 -0 0.26753 -0.96355 -0 0.05414 -0.99853 -0 0.05414 -0.99853 -0 -0.16178 -0.98683 0 -0.16178 -0.98683 -0 -0.37014 -0.92898 0 -0.37014 -0.92898 -0 -0.56119 -0.82769 -0 -0.56119 -0.82769 -0 -0.726 -0.6877 0 -0.726 -0.6877 -0 -0.85686 -0.51555 0 -0.85686 -0.51555 0 -0.94765 -0.3193 0 -0.99767 -0.06824 -0 -0.99767 -0.06824 0 -0.99767 0.06824 0 -0.99767 0.06824 0 -0.97908 0.20346 0 -0.97908 0.20346 0 -0.94226 0.33488 0 -0.94226 0.33488 0 -0.88789 0.46007 0 -0.88789 0.46007 0 -0.81697 0.57668 0 -0.73084 0.68255 0 -0.73084 0.68255 0 -0.63109 0.77571 -0 -0.63109 0.77571 0 -0.51958 0.85442 0 -0.51958 0.85442 0 -0.3984 0.91721 0 -0.3984 0.91721 0 -0.2698 0.96292 0 -0.2698 0.96292 0 -0.13617 0.99069 0 -0.13617 0.99069 -0 0.13617 0.99069 -0 0.13617 0.99069 0 0.2698 0.96292 0 0.2698 0.96292 -0 0.3984 0.91721 -0 0.3984 0.91721 0 0.51958 0.85442 0 0.51958 0.85442 -0 0.63109 0.77571 -0 0.73084 0.68255 -0 0.81697 0.57668 -0 0.81697 0.57668 0 0.88789 0.46007 0 0.88789 0.46007 0 0.94226 0.33488 -0 0.94226 0.33488 -0 0.97908 0.20346 -0 0.99767 0.06824 -0 0.99767 -0.06824 0 0.97908 -0.20346 0 0.94226 -0.33488 0 0.94226 -0.33488 0 0.88789 -0.46007 -0 0.88789 -0.46007 -0 0.81697 -0.57668 -0 0.81697 -0.57668 0 0.73084 -0.68255 0 0.63109 -0.77571 0 0.51958 -0.85442 0 0.51958 -0.85442 -0 0.3984 -0.91721 -0 0.3984 -0.91721 0 0.2698 -0.96292 0 0.2698 -0.96292 -0 0.13617 -0.99069 -0 0.13617 -0.99069 0 -0.13617 -0.99069 0 -0.13617 -0.99069 -0 -0.2698 -0.96292 -0 -0.2698 -0.96292 0 -0.3984 -0.91721 0 -0.3984 -0.91721 -0 -0.51958 -0.85442 -0 -0.51958 -0.85442 0 -0.63109 -0.77571 0 -0.63109 -0.77571 0 -0.73084 -0.68255 -0 -0.73084 -0.68255 0 -0.81697 -0.57668 0 -0.88789 -0.46007 0 -0.88789 -0.46007 -0 -0.94226 -0.33488 -0 -0.94226 -0.33488 0 -0.97908 -0.20346 0 -0.97908 -0.20346 -0 -0.9988 0.04907 0 -0.9988 0.04907 -0 -0.9988 -0.04907 0 -0.9988 -0.04907 -0 -0.98918 -0.14673 -0 -0.97003 -0.24298 -0 -0.94154 -0.33689 -0 -0.90399 -0.42756 -0 -0.85773 -0.5141 -0 -0.80321 -0.5957 -0 -0.74095 -0.67156 -0 -0.67156 -0.74095 -0 -0.5957 -0.80321 -0 -0.5141 -0.85773 -0 -0.42756 -0.90399 -0 -0.33689 -0.94154 -0 -0.24298 -0.97003 -0 -0.14673 -0.98918 -0 -0.04907 -0.9988 -0 0.04907 -0.9988 0 0.14673 -0.98918 0 0.24298 -0.97003 0 0.33689 -0.94154 0 0.42756 -0.90399 0 0.5141 -0.85773 0 0.5141 -0.85773 -0 0.5957 -0.80321 -0 0.5957 -0.80321 0 0.67156 -0.74095 0 0.74095 -0.67156 0 0.80321 -0.5957 0 0.80321 -0.5957 0 0.85773 -0.5141 0 0.85773 -0.5141 0 0.90399 -0.42756 0 0.90399 -0.42756 0 0.94154 -0.33689 0 0.94154 -0.33689 0 0.97003 -0.24298 0 0.97003 -0.24298 -0 0.98918 -0.14673 -0 0.98918 -0.14673 -0 0.9988 -0.04907 -0 0.9988 -0.04907 0 0.9988 0.04907 0 0.98918 0.14673 0 0.98918 0.14673 -0 0.97003 0.24298 -0 0.97003 0.24298 0 0.94154 0.33689 0 0.94154 0.33689 0 0.90399 0.42756 0 0.90399 0.42756 0 0.85773 0.5141 0 0.85773 0.5141 0 0.80321 0.5957 0 0.80321 0.5957 0 0.74095 0.67156 0 0.67156 0.74095 0 0.67156 0.74095 -0 0.5957 0.80321 -0 0.5957 0.80321 -0 0.5141 0.85773 -0 0.5141 0.85773 0 0.42756 0.90399 0 0.42756 0.90399 -0 0.33689 0.94154 -0 0.33689 0.94154 0 0.24298 0.97003 0 0.14673 0.98918 0 0.14673 0.98918 0 0.04907 0.9988 0 0.04907 0.9988 0 -0.04907 0.9988 0 -0.04907 0.9988 0 -0.14673 0.98918 0 -0.14673 0.98918 0 -0.24298 0.97003 0 -0.33689 0.94154 0 -0.33689 0.94154 0 -0.42756 0.90399 0 -0.42756 0.90399 0 -0.5141 0.85773 0 -0.5957 0.80321 0 -0.67156 0.74095 0 -0.74095 0.67156 0 -0.80321 0.5957 0 -0.85773 0.5141 0 -0.90399 0.42756 0 -0.94154 0.33689 0 -0.97003 0.24298 0 -0.98918 0.14673 0 -0.04907 0.9988 0 0.04907 0.9988 -0 0.14673 0.98918 -0 0.24298 0.97003 -0 0.33689 0.94154 0 0.42756 0.90399 0 0.5141 0.85773 0 0.5957 0.80321 0 0.5957 0.80321 -0 0.67156 0.74095 -0 0.74095 0.67156 -0 0.80321 0.5957 -0 0.90399 0.42756 -0 0.94154 0.33689 -0 0.97003 -0.24298 -0 0.94154 -0.33689 -0 0.94154 -0.33689 -0 0.90399 -0.42756 -0 0.90399 -0.42756 -0 0.85773 -0.5141 -0 0.80321 -0.5957 -0 0.74095 -0.67156 -0 0.67156 -0.74095 -0 0.5957 -0.80321 -0 0.5957 -0.80321 0 0.5141 -0.85773 0 0.04907 -0.9988 -0 -0.04907 -0.9988 0 -0.9988 -0.04907 -0 -0.9988 0.04907 0 -0.9988 0.04907 -0 -0.98918 0.14673 -0 -0.94154 0.33689 0 -0.90399 0.42756 0 -0.80321 0.5957 0 -0.74095 0.67156 0 -0.67156 0.74095 0 -0.5957 0.80321 0 -0.42756 0.90399 -0 -0.33689 0.94154 -0 -0.24298 0.97003 -0 -0.14673 0.98918 -0 0.99144 0.13053 0 0.99144 -0.13053 -0 0.92388 -0.38268 -0 0.79335 -0.60876 -0 0.60876 -0.79335 0 0.38268 -0.92388 0 -0.38268 -0.92388 -0 -0.38268 -0.92388 -0 -0.60876 -0.79335 -0 -0.79335 -0.60876 0 -0.92388 -0.38268 0 -0.60876 0.79335 0 -0.38268 0.92388 0 -0.38268 0.92388 0 0.38268 0.92388 -0 0.60876 0.79335 -0 0.92388 0.38268 0 0.92388 0.38268 0 0.60876 -0.79335 0 0.38268 -0.92388 0 -0.13053 -0.99144 -0 -0.38268 -0.92388 -0 -0.60876 -0.79335 -0 -0.60876 0.79335 0 -0.38268 0.92388 0 -0.13053 0.99144 0 0.38268 0.92388 -0 0.60876 0.79335 -0 0.99144 0.13053 0 0.99144 -0.13053 -0 0.92388 -0.38268 -0 0.92388 -0.38268 0 -0.92388 0.38268 -0 -0.79335 0.60876 -0 0.79335 0.60876 0 0.92388 0.38268 0 -0.11196 -0.99371 0 -0.33028 -0.94388 0 -0.53203 -0.84672 0 -0.84672 -0.53203 0 -0.94388 -0.33028 0 -0.99371 -0.11196 0 0.99371 -0.11196 0 0.94388 -0.33028 0 0.84672 -0.53203 0 0.53203 -0.84672 0 0.33028 -0.94388 0 0.11196 -0.99371 0 0.11196 0.99371 -0 0.33028 0.94388 -0 0.53203 0.84672 -0 0.84672 0.53203 -0 0.94388 0.33028 -0 0.99371 0.11196 -0 -0.99371 0.11196 0 -0.94388 0.33028 0 -0.84672 0.53203 0 -0.53203 0.84672 0 -0.33028 0.94388 0 -0.11196 0.99371 0 -0.10917 -0.01437 -0.99392 -0.11196 -0.01103 -0.99365 -0.11196 0.01103 -0.99365 -0.3301 0.03251 -0.94338 -0.5313 0.05233 -0.84556 -0.7054 0.06948 -0.7054 -0.8438 0.08311 -0.53019 -0.93983 0.09257 -0.32886 -0.98899 0.09741 -0.11143 -0.10904 -0.03308 -0.99349 -0.10089 -0.04179 -0.99402 -0.10049 -0.05372 -0.99349 -0.08735 -0.06703 -0.99392 -0.08696 -0.07137 -0.99365 -0.07137 -0.08696 -0.99365 -0.21043 -0.25641 -0.94338 -0.15636 -0.29253 -0.94338 -0.25167 -0.47083 -0.84556 -0.15498 -0.51089 -0.84556 -0.20576 -0.67829 -0.7054 -0.06948 -0.7054 -0.7054 -0.08311 -0.8438 -0.53019 0.08311 -0.8438 -0.53019 0.09257 -0.93983 -0.32886 0.27414 -0.90371 -0.32886 0.28848 -0.95098 -0.11143 0.46846 -0.87643 -0.11143 0.63044 -0.7682 -0.11143 0.7682 -0.63044 -0.11143 0.87643 -0.46846 -0.11143 0.95098 -0.28848 -0.11143 0.98899 -0.09741 -0.11143 0.98899 0.09741 -0.11143 0.95098 0.28848 -0.11143 0.87643 0.46846 -0.11143 0.7682 0.63044 -0.11143 0.63044 0.7682 -0.11143 0.46846 0.87643 -0.11143 0.28848 0.95098 -0.11143 0.09741 0.98899 -0.11143 -0.09741 0.98899 -0.11143 -0.28848 0.95098 -0.11143 -0.46846 0.87643 -0.11143 -0.63044 0.7682 -0.11143 -0.7682 0.63044 -0.11143 -0.87643 0.46846 -0.11143 -0.95098 0.28848 -0.11143 -0.06703 -0.08735 -0.99392 -0.05372 -0.10049 -0.99349 -0.09629 -0.31742 -0.94338 -0.05233 -0.5313 -0.84556 0.06948 -0.7054 -0.7054 0.24613 -0.81137 -0.53019 0.44518 -0.83287 -0.32886 -0.04179 -0.10089 -0.99402 -0.03308 -0.10904 -0.99349 -0.03251 -0.3301 -0.94338 0.05233 -0.5313 -0.84556 0.20576 -0.67829 -0.7054 0.39969 -0.74776 -0.53019 0.59911 -0.73001 -0.32886 -0.01437 -0.10917 -0.99392 -0.01103 -0.11196 -0.99365 0.03251 -0.3301 -0.94338 0.15498 -0.51089 -0.84556 0.33413 -0.62512 -0.7054 0.53789 -0.65542 -0.53019 0.73001 -0.59911 -0.32886 0.01103 -0.11196 -0.99365 0.01437 -0.10917 -0.99392 0.03308 -0.10904 -0.99349 0.04179 -0.10089 -0.99402 0.05372 -0.10049 -0.99349 0.06703 -0.08735 -0.99392 0.07137 -0.08696 -0.99365 0.08696 -0.07137 -0.99365 0.25641 -0.21043 -0.94338 0.29253 -0.15636 -0.94338 0.47083 -0.25167 -0.84556 0.51089 -0.15498 -0.84556 0.67829 -0.20576 -0.7054 0.7054 -0.06948 -0.7054 0.8438 -0.08311 -0.53019 0.8438 0.08311 -0.53019 0.93983 0.09257 -0.32886 0.90371 0.27414 -0.32886 0.08735 -0.06703 -0.99392 0.10049 -0.05372 -0.99349 0.31742 -0.09629 -0.94338 0.5313 -0.05233 -0.84556 0.7054 0.06948 -0.7054 0.81137 0.24613 -0.53019 0.83287 0.44518 -0.32886 0.10089 -0.04179 -0.99402 0.10904 -0.03308 -0.99349 0.3301 -0.03251 -0.94338 0.5313 0.05233 -0.84556 0.67829 0.20576 -0.7054 0.74776 0.39969 -0.53019 0.73001 0.59911 -0.32886 0.10917 -0.01437 -0.99392 0.11196 -0.01103 -0.99365 0.3301 0.03251 -0.94338 0.51089 0.15498 -0.84556 0.62512 0.33413 -0.7054 0.65542 0.53789 -0.53019 0.59911 0.73001 -0.32886 0.11196 0.01103 -0.99365 0.10917 0.01437 -0.99392 0.10904 0.03308 -0.99349 0.10089 0.04179 -0.99402 0.10049 0.05372 -0.99349 0.08735 0.06703 -0.99392 0.08696 0.07137 -0.99365 0.07137 0.08696 -0.99365 0.21043 0.25641 -0.94338 0.15636 0.29253 -0.94338 0.25167 0.47083 -0.84556 0.15498 0.51089 -0.84556 0.20576 0.67829 -0.7054 0.06948 0.7054 -0.7054 0.08311 0.8438 -0.53019 -0.08311 0.8438 -0.53019 -0.09257 0.93983 -0.32886 -0.27414 0.90371 -0.32886 0.06703 0.08735 -0.99392 0.05372 0.10049 -0.99349 0.09629 0.31742 -0.94338 0.05233 0.5313 -0.84556 -0.06948 0.7054 -0.7054 -0.24613 0.81137 -0.53019 -0.44518 0.83287 -0.32886 0.04179 0.10089 -0.99402 0.03308 0.10904 -0.99349 0.03251 0.3301 -0.94338 -0.05233 0.5313 -0.84556 -0.20576 0.67829 -0.7054 -0.39969 0.74776 -0.53019 -0.59911 0.73001 -0.32886 0.01437 0.10917 -0.99392 0.01103 0.11196 -0.99365 -0.03251 0.3301 -0.94338 -0.15498 0.51089 -0.84556 -0.33413 0.62512 -0.7054 -0.53789 0.65542 -0.53019 -0.73001 0.59911 -0.32886 -0.01103 0.11196 -0.99365 -0.01437 0.10917 -0.99392 -0.03308 0.10904 -0.99349 -0.04179 0.10089 -0.99402 -0.05372 0.10049 -0.99349 -0.06703 0.08735 -0.99392 -0.07137 0.08696 -0.99365 -0.08696 0.07137 -0.99365 -0.25641 0.21043 -0.94338 -0.29253 0.15636 -0.94338 -0.47083 0.25167 -0.84556 -0.51089 0.15498 -0.84556 -0.67829 0.20576 -0.7054 -0.08735 0.06703 -0.99392 -0.10049 0.05372 -0.99349 -0.31742 0.09629 -0.94338 -0.10089 0.04179 -0.99402 -0.10904 0.03308 -0.99349 -0.10917 0.01437 -0.99392 0.09741 -0.98899 -0.11143 -0.09257 -0.93983 -0.32886 -0.24613 -0.81137 -0.53019 -0.33413 -0.62512 -0.7054 -0.33869 -0.41269 -0.84556 -0.25641 -0.21043 -0.94338 -0.09741 -0.98899 -0.11143 -0.27414 -0.90371 -0.32886 -0.39969 -0.74776 -0.53019 -0.44967 -0.54792 -0.7054 -0.41269 -0.33869 -0.84556 -0.29253 -0.15636 -0.94338 -0.28848 -0.95098 -0.11143 -0.44518 -0.83287 -0.32886 -0.53789 -0.65542 -0.53019 -0.54792 -0.44967 -0.7054 -0.47083 -0.25167 -0.84556 -0.31742 -0.09629 -0.94338 -0.46846 -0.87643 -0.11143 -0.59911 -0.73001 -0.32886 -0.65542 -0.53789 -0.53019 -0.62512 -0.33413 -0.7054 -0.51089 -0.15498 -0.84556 -0.3301 -0.03251 -0.94338 -0.63044 -0.7682 -0.11143 -0.73001 -0.59911 -0.32886 -0.74776 -0.39969 -0.53019 -0.67829 -0.20576 -0.7054 -0.5313 -0.05233 -0.84556 -0.7682 -0.63044 -0.11143 -0.83287 -0.44518 -0.32886 -0.81137 -0.24613 -0.53019 -0.7054 -0.06948 -0.7054 -0.87643 -0.46846 -0.11143 -0.90371 -0.27414 -0.32886 -0.8438 -0.08311 -0.53019 -0.95098 -0.28848 -0.11143 -0.93983 -0.09257 -0.32886 -0.98899 -0.09741 -0.11143 0.09629 -0.31742 -0.94338 0.25167 -0.47083 -0.84556 0.44967 -0.54792 -0.7054 0.65542 -0.53789 -0.53019 0.83287 -0.44518 -0.32886 0.15636 -0.29253 -0.94338 0.33869 -0.41269 -0.84556 0.54792 -0.44967 -0.7054 0.74776 -0.39969 -0.53019 0.90371 -0.27414 -0.32886 0.21043 -0.25641 -0.94338 0.41269 -0.33869 -0.84556 0.62512 -0.33413 -0.7054 0.81137 -0.24613 -0.53019 0.93983 -0.09257 -0.32886 0.31742 0.09629 -0.94338 0.47083 0.25167 -0.84556 0.54792 0.44967 -0.7054 0.53789 0.65542 -0.53019 0.44518 0.83287 -0.32886 0.29253 0.15636 -0.94338 0.41269 0.33869 -0.84556 0.44967 0.54792 -0.7054 0.39969 0.74776 -0.53019 0.27414 0.90371 -0.32886 0.25641 0.21043 -0.94338 0.33869 0.41269 -0.84556 0.33413 0.62512 -0.7054 0.24613 0.81137 -0.53019 0.09257 0.93983 -0.32886 -0.09629 0.31742 -0.94338 -0.25167 0.47083 -0.84556 -0.44967 0.54792 -0.7054 -0.65542 0.53789 -0.53019 -0.83287 0.44518 -0.32886 -0.15636 0.29253 -0.94338 -0.33869 0.41269 -0.84556 -0.54792 0.44967 -0.7054 -0.74776 0.39969 -0.53019 -0.90371 0.27414 -0.32886 -0.21043 0.25641 -0.94338 -0.41269 0.33869 -0.84556 -0.62512 0.33413 -0.7054 -0.81137 0.24613 -0.53019 -0.99518 0.09802 0 -0.99518 -0.09802 -0 -0.95694 -0.29028 -0 -0.88192 -0.4714 -0 -0.77301 -0.63439 -0 -0.63439 -0.77301 -0 -0.4714 -0.88192 -0 -0.29028 -0.95694 -0 -0.09802 -0.99518 -0 0.09802 -0.99518 0 0.29028 -0.95694 0 0.4714 -0.88192 0 0.63439 -0.77301 0 0.77301 -0.63439 0 0.88192 -0.4714 0 0.88192 -0.4714 0 0.95694 -0.29028 0 0.95694 -0.29028 0 0.99518 -0.09802 0 0.99518 0.09802 0 0.95694 0.29028 0 0.95694 0.29028 0 0.88192 0.4714 0 0.88192 0.4714 0 0.77301 0.63439 0 0.63439 0.77301 0 0.4714 0.88192 0 0.29028 0.95694 0 0.09802 0.99518 0 -0.09802 0.99518 0 -0.29028 0.95694 0 -0.4714 0.88192 0 -0.63439 0.77301 0 -0.77301 0.63439 0 -0.88192 0.4714 0 -0.95694 0.29028 0 -0.99518 -0.09802 -0 -0.99518 0.09802 0 -0.95694 0.29028 0 -0.88192 0.4714 0 -0.4714 0.88192 -0 -0.29028 0.95694 -0 -0.29028 0.95694 -0 -0.09802 0.99518 -0 0.09802 0.99518 -0 0.29028 0.95694 -0 0.29028 0.95694 0 0.4714 0.88192 0 0.88192 0.4714 -0 0.95694 0.29028 -0 0.95694 -0.29028 -0 0.88192 -0.4714 -0 0.4714 -0.88192 -0 0.29028 -0.95694 -0 0.29028 -0.95694 0 0.09802 -0.99518 0 -0.09802 -0.99518 0 -0.29028 -0.95694 0 -0.29028 -0.95694 -0 -0.4714 -0.88192 -0 -0.88192 -0.4714 -0 -0.95694 -0.29028 -0 -0.4714 -0.88192 0 -0.29028 -0.95694 0 0.29028 -0.95694 -0 0.4714 -0.88192 -0 0.4714 0.88192 0 0.29028 0.95694 0 -0.29028 0.95694 0 -0.4714 0.88192 0 -0.98899 -0.09741 0.11143 -0.98899 0.09741 0.11143 -0.95098 0.28848 0.11143 -0.87643 0.46846 0.11143 -0.7682 0.63044 0.11143 -0.63044 0.7682 0.11143 -0.46846 0.87643 0.11143 -0.28848 0.95098 0.11143 -0.09741 0.98899 0.11143 0.09741 0.98899 0.11143 0.28848 0.95098 0.11143 0.46846 0.87643 0.11143 0.63044 0.7682 0.11143 0.7682 0.63044 0.11143 0.87643 0.46846 0.11143 0.95098 0.28848 0.11143 0.98899 0.09741 0.11143 0.98899 -0.09741 0.11143 0.95098 -0.28848 0.11143 0.87643 -0.46846 0.11143 0.7682 -0.63044 0.11143 0.63044 -0.7682 0.11143 0.46846 -0.87643 0.11143 0.28848 -0.95098 0.11143 0.09741 -0.98899 0.11143 -0.09741 -0.98899 0.11143 -0.28848 -0.95098 0.11143 -0.46846 -0.87643 0.11143 -0.63044 -0.7682 0.11143 -0.7682 -0.63044 0.11143 -0.87643 -0.46846 0.11143 -0.95098 -0.28848 0.11143 -0.10917 0.01437 0.99392 -0.11196 0.01103 0.99365 -0.11196 -0.01103 0.99365 -0.3301 -0.03251 0.94338 -0.5313 -0.05233 0.84556 -0.7054 -0.06948 0.7054 -0.8438 -0.08311 0.53019 -0.93983 -0.09257 0.32886 -0.10904 0.03308 0.99349 -0.10089 0.04179 0.99402 -0.10049 0.05372 0.99349 -0.08735 0.06703 0.99392 -0.08696 0.07137 0.99365 -0.07137 0.08696 0.99365 -0.21043 0.25641 0.94338 -0.15636 0.29253 0.94338 -0.25167 0.47083 0.84556 -0.15498 0.51089 0.84556 -0.20576 0.67829 0.7054 -0.06948 0.7054 0.7054 -0.08311 0.8438 0.53019 0.08311 0.8438 0.53019 0.09257 0.93983 0.32886 0.27414 0.90371 0.32886 -0.06703 0.08735 0.99392 -0.05372 0.10049 0.99349 -0.09629 0.31742 0.94338 -0.05233 0.5313 0.84556 0.06948 0.7054 0.7054 0.24613 0.81137 0.53019 0.44518 0.83287 0.32886 -0.04179 0.10089 0.99402 -0.03308 0.10904 0.99349 -0.03251 0.3301 0.94338 0.05233 0.5313 0.84556 0.20576 0.67829 0.7054 0.39969 0.74776 0.53019 0.59911 0.73001 0.32886 -0.01437 0.10917 0.99392 -0.01103 0.11196 0.99365 0.03251 0.3301 0.94338 0.15498 0.51089 0.84556 0.33413 0.62512 0.7054 0.53789 0.65542 0.53019 0.73001 0.59911 0.32886 0.01103 0.11196 0.99365 0.01437 0.10917 0.99392 0.03308 0.10904 0.99349 0.04179 0.10089 0.99402 0.05372 0.10049 0.99349 0.06703 0.08735 0.99392 0.07137 0.08696 0.99365 0.08696 0.07137 0.99365 0.25641 0.21043 0.94338 0.29253 0.15636 0.94338 0.47083 0.25167 0.84556 0.51089 0.15498 0.84556 0.67829 0.20576 0.7054 0.7054 0.06948 0.7054 0.8438 0.08311 0.53019 0.8438 -0.08311 0.53019 0.93983 -0.09257 0.32886 0.90371 -0.27414 0.32886 0.08735 0.06703 0.99392 0.10049 0.05372 0.99349 0.31742 0.09629 0.94338 0.5313 0.05233 0.84556 0.7054 -0.06948 0.7054 0.81137 -0.24613 0.53019 0.83287 -0.44518 0.32886 0.10089 0.04179 0.99402 0.10904 0.03308 0.99349 0.3301 0.03251 0.94338 0.5313 -0.05233 0.84556 0.67829 -0.20576 0.7054 0.74776 -0.39969 0.53019 0.73001 -0.59911 0.32886 0.10917 0.01437 0.99392 0.11196 0.01103 0.99365 0.3301 -0.03251 0.94338 0.51089 -0.15498 0.84556 0.62512 -0.33413 0.7054 0.65542 -0.53789 0.53019 0.59911 -0.73001 0.32886 0.11196 -0.01103 0.99365 0.10917 -0.01437 0.99392 0.10904 -0.03308 0.99349 0.10089 -0.04179 0.99402 0.10049 -0.05372 0.99349 0.08735 -0.06703 0.99392 0.08696 -0.07137 0.99365 0.07137 -0.08696 0.99365 0.21043 -0.25641 0.94338 0.15636 -0.29253 0.94338 0.25167 -0.47083 0.84556 0.15498 -0.51089 0.84556 0.20576 -0.67829 0.7054 0.06948 -0.7054 0.7054 0.08311 -0.8438 0.53019 -0.08311 -0.8438 0.53019 -0.09257 -0.93983 0.32886 -0.27414 -0.90371 0.32886 0.06703 -0.08735 0.99392 0.05372 -0.10049 0.99349 0.09629 -0.31742 0.94338 0.05233 -0.5313 0.84556 -0.06948 -0.7054 0.7054 -0.24613 -0.81137 0.53019 -0.44518 -0.83287 0.32886 0.04179 -0.10089 0.99402 0.03308 -0.10904 0.99349 0.03251 -0.3301 0.94338 -0.05233 -0.5313 0.84556 -0.20576 -0.67829 0.7054 -0.39969 -0.74776 0.53019 -0.59911 -0.73001 0.32886 0.01437 -0.10917 0.99392 0.01103 -0.11196 0.99365 -0.03251 -0.3301 0.94338 -0.15498 -0.51089 0.84556 -0.33413 -0.62512 0.7054 -0.53789 -0.65542 0.53019 -0.73001 -0.59911 0.32886 -0.01103 -0.11196 0.99365 -0.01437 -0.10917 0.99392 -0.03308 -0.10904 0.99349 -0.04179 -0.10089 0.99402 -0.05372 -0.10049 0.99349 -0.06703 -0.08735 0.99392 -0.07137 -0.08696 0.99365 -0.08696 -0.07137 0.99365 -0.25641 -0.21043 0.94338 -0.29253 -0.15636 0.94338 -0.47083 -0.25167 0.84556 -0.51089 -0.15498 0.84556 -0.67829 -0.20576 0.7054 -0.08735 -0.06703 0.99392 -0.10049 -0.05372 0.99349 -0.31742 -0.09629 0.94338 -0.10089 -0.04179 0.99402 -0.10904 -0.03308 0.99349 -0.10917 -0.01437 0.99392 -0.93983 0.09257 0.32886 -0.90371 0.27414 0.32886 -0.83287 0.44518 0.32886 -0.73001 0.59911 0.32886 -0.59911 0.73001 0.32886 -0.44518 0.83287 0.32886 -0.27414 0.90371 0.32886 -0.09257 0.93983 0.32886 -0.8438 0.08311 0.53019 -0.81137 0.24613 0.53019 -0.74776 0.39969 0.53019 -0.65542 0.53789 0.53019 -0.53789 0.65542 0.53019 -0.39969 0.74776 0.53019 -0.24613 0.81137 0.53019 -0.7054 0.06948 0.7054 -0.67829 0.20576 0.7054 -0.62512 0.33413 0.7054 -0.54792 0.44967 0.7054 -0.44967 0.54792 0.7054 -0.33413 0.62512 0.7054 -0.5313 0.05233 0.84556 -0.51089 0.15498 0.84556 -0.47083 0.25167 0.84556 -0.41269 0.33869 0.84556 -0.33869 0.41269 0.84556 -0.3301 0.03251 0.94338 -0.31742 0.09629 0.94338 -0.29253 0.15636 0.94338 -0.25641 0.21043 0.94338 -0.90371 -0.27414 0.32886 -0.83287 -0.44518 0.32886 -0.81137 -0.24613 0.53019 -0.74776 -0.39969 0.53019 -0.65542 -0.53789 0.53019 -0.62512 -0.33413 0.7054 -0.41269 -0.33869 0.84556 -0.21043 -0.25641 0.94338 -0.54792 -0.44967 0.7054 -0.44967 -0.54792 0.7054 -0.33869 -0.41269 0.84556 -0.15636 -0.29253 0.94338 -0.25167 -0.47083 0.84556 -0.09629 -0.31742 0.94338 0.09257 -0.93983 0.32886 0.27414 -0.90371 0.32886 0.44518 -0.83287 0.32886 0.24613 -0.81137 0.53019 0.33413 -0.62512 0.7054 0.33869 -0.41269 0.84556 0.25641 -0.21043 0.94338 0.39969 -0.74776 0.53019 0.53789 -0.65542 0.53019 0.44967 -0.54792 0.7054 0.41269 -0.33869 0.84556 0.29253 -0.15636 0.94338 0.54792 -0.44967 0.7054 0.47083 -0.25167 0.84556 0.31742 -0.09629 0.94338 0.93983 0.09257 0.32886 0.90371 0.27414 0.32886 0.83287 0.44518 0.32886 0.81137 0.24613 0.53019 0.62512 0.33413 0.7054 0.41269 0.33869 0.84556 0.21043 0.25641 0.94338 0.74776 0.39969 0.53019 0.65542 0.53789 0.53019 0.54792 0.44967 0.7054 0.33869 0.41269 0.84556 0.15636 0.29253 0.94338 0.44967 0.54792 0.7054 0.25167 0.47083 0.84556 0.09629 0.31742 0.94338 0.99414 -0.10812 0 0.99414 0.10812 -0 0.94765 0.3193 -0 0.85686 0.51555 -0 0.85686 0.51555 0 0.726 0.6877 -0 0.726 0.6877 0 0.56119 0.82769 0 0.56119 0.82769 -0 0.37014 0.92898 -0 0.37014 0.92898 -0 0.16178 0.98683 -0 0.16178 0.98683 0 -0.05414 0.99853 -0 -0.05414 0.99853 -0 -0.26753 0.96355 -0 -0.26753 0.96355 -0 -0.46841 0.88351 -0 -0.46841 0.88351 0 -0.64739 0.76216 0 -0.64739 0.76216 0 -0.79609 0.60517 -0 -0.79609 0.60517 0 -0.90758 0.41989 -0 -0.90758 0.41989 0 -0.97662 0.21497 -0 -0.97662 0.21497 0 -0.97662 -0.21497 0 -0.97662 -0.21497 0 -0.90758 -0.41989 -0 -0.90758 -0.41989 0 -0.79609 -0.60517 -0 -0.79609 -0.60517 0 -0.64739 -0.76216 -0 -0.64739 -0.76216 0 -0.46841 -0.88351 0 -0.46841 -0.88351 0 -0.26753 -0.96355 0 -0.26753 -0.96355 0 -0.05414 -0.99853 0 -0.05414 -0.99853 0 0.16178 -0.98683 -0 0.16178 -0.98683 0 0.37014 -0.92898 0 0.37014 -0.92898 0 0.56119 -0.82769 0 0.56119 -0.82769 -0 0.726 -0.6877 -0 0.726 -0.6877 0 0.85686 -0.51555 -0 0.85686 -0.51555 0 0.94765 -0.3193 0 0.99518 0.09802 0 0.99518 -0.09802 -0 -0.95694 -0.29028 0 -0.99518 -0.09802 0 -0.99518 0.09802 0 -0.95694 0.29028 0 0.99518 -0.09802 0 0.99518 0.09802 -0 -0.95694 0.29028 -0 -0.99518 0.09802 -0 -0.99518 -0.09802 -0 -0.95694 -0.29028 -0 -0.99831 -0.05814 0 -0.99831 0.05814 0 -0.98481 0.17365 0 -0.95799 0.2868 0 -0.91822 0.39608 0 -0.86603 0.5 0 -0.80212 0.59716 0 -0.72737 0.68624 0 -0.64279 0.76604 0 -0.54951 0.83549 0 -0.4488 0.89363 0 -0.34202 0.93969 0 -0.23062 0.97304 0 -0.11609 0.99324 0 0.11609 0.99324 -0 0.23062 0.97304 -0 0.34202 0.93969 -0 0.4488 0.89363 -0 0.54951 0.83549 -0 0.64279 0.76604 -0 0.72737 0.68624 -0 0.72737 0.68624 0 0.80212 0.59716 0 0.80212 0.59716 -0 0.86603 0.5 -0 0.91822 0.39608 -0 0.95799 0.2868 -0 0.95799 0.2868 -0 0.98481 0.17365 -0 0.98481 0.17365 -0 0.99831 0.05814 -0 0.99831 -0.05814 0 0.98481 -0.17365 0 0.98481 -0.17365 -0 0.95799 -0.2868 -0 0.95799 -0.2868 0 0.91822 -0.39608 0 0.86603 -0.5 0 0.80212 -0.59716 0 0.80212 -0.59716 0 0.72737 -0.68624 0 0.72737 -0.68624 0 0.64279 -0.76604 0 0.54951 -0.83549 0 0.4488 -0.89363 0 0.34202 -0.93969 0 0.23062 -0.97304 0 0.11609 -0.99324 0 -0.11609 -0.99324 0 -0.23062 -0.97304 0 -0.34202 -0.93969 0 -0.4488 -0.89363 0 -0.54951 -0.83549 0 -0.64279 -0.76604 0 -0.72737 -0.68624 0 -0.80212 -0.59716 0 -0.86603 -0.5 0 -0.91822 -0.39608 0 -0.95799 -0.2868 0 -0.98481 -0.17365 0 0.72737 -0.68624 -0 0.80212 -0.59716 -0 0.95799 -0.2868 0 0.98481 -0.17365 0 0.98481 0.17365 0 0.95799 0.2868 0 0.80212 0.59716 -0 0.72737 0.68624 -0</float_array>
          <technique_common>
            <accessor source="#norm_0-array" count="4488" stride="3">
              <param name="X" type="float"/>
              <param name="Y" type="float"/>
              <param name="Z" type="float"/>
            </accessor>
          </technique_common>
        </source>
        <vertices id="vert_0">
          <input semantic="POSITION" source="#pos_0"/>
        </vertices>
        <triangles count="2002">
          <input semantic="VERTEX" source="#vert_0" offset="0"/>
          <input semantic="NORMAL" source="#norm_0" offset="1"/>
          <p>1596 799 1595 799 1597 799 1596 800 1597 800 1598 800 1598 801 1597 801 1599 801 1598 801 1599 801 1600 801 1600 802 1599 802 1601 802 1600 802 1601 802 1602 802 1602 803 1601 803 1603 803 1602 803 1603 803 1604 803 1604 804 1603 804 1605 804 1604 804 1605 804 1606 804 1606 805 1605 805 1607 805 1606 805 1607 805 1608 805 1608 806 1607 806 1609 806 1608 806 1609 806 1610 806 1595 807 1594 807 1611 807 1611 808 1594 808 1612 808 1611 809 1612 809 1613 809 1613 810 1612 810 1614 810 1613 811 1614 811 1615 811 1615 812 1614 812 1616 812 1615 813 1616 813 1617 813 1617 814 1616 814 1618 814 1617 815 1618 815 1619 815 1619 816 1618 816 1620 816 1619 817 1620 817 1621 817 1621 818 1620 818 1622 818 1621 819 1622 819 1623 819 1623 820 1622 820 1624 820 1623 821 1624 821 1625 821 1625 822 1624 822 1626 822 1625 823 1626 823 1627 823 1627 824 1626 824 1628 824 1628 824 1626 824 1629 824 1628 825 1629 825 1630 825 1630 825 1629 825 1631 825 1630 826 1631 826 1632 826 1632 826 1631 826 1633 826 1632 827 1633 827 1634 827 1634 827 1633 827 1635 827 1634 828 1635 828 1636 828 1636 828 1635 828 1637 828 1636 829 1637 829 1638 829 1638 829 1637 829 1639 829 1638 830 1639 830 1640 830 1640 830 1639 830 1641 830 1640 831 1641 831 1642 831 1642 831 1641 831 1643 831 1642 832 1643 832 1644 832 1644 832 1643 832 1645 832 1644 833 1645 833 1646 833 1646 833 1645 833 1647 833 1646 834 1647 834 1648 834 1648 834 1647 834 1649 834 1648 835 1649 835 1650 835 1650 835 1649 835 1651 835 1650 836 1651 836 1652 836 1652 836 1651 836 1653 836 1652 837 1653 837 1654 837 1654 837 1653 837 1655 837 1654 838 1655 838 1656 838 1656 838 1655 838 1657 838 1656 839 1657 839 1658 839 1658 839 1657 839 1659 839 1658 840 1659 840 1660 840 1660 840 1659 840 1661 840 1660 841 1661 841 1662 841 1662 841 1661 841 1663 841 1662 842 1663 842 1664 842 1664 842 1663 842 1665 842 1664 843 1665 843 1666 843 1666 843 1665 843 1667 843 1666 844 1667 844 1610 844 1610 844 1667 844 1608 844 1614 845 1668 845 1616 845 1616 846 1668 846 1669 846 1616 814 1669 814 1618 814 1618 847 1669 847 1670 847 1618 816 1670 816 1620 816 1620 848 1670 848 1671 848 1620 818 1671 818 1622 818 1622 849 1671 849 1672 849 1622 820 1672 820 1624 820 1624 850 1672 850 1673 850 1624 822 1673 822 1626 822 1626 851 1673 851 1629 851 1668 852 1674 852 1669 852 1669 853 1674 853 1675 853 1669 847 1675 847 1670 847 1670 854 1675 854 1676 854 1670 848 1676 848 1671 848 1671 855 1676 855 1677 855 1671 849 1677 849 1672 849 1672 856 1677 856 1678 856 1672 850 1678 850 1673 850 1673 857 1678 857 1679 857 1673 851 1679 851 1629 851 1629 858 1679 858 1631 858 1674 859 1680 859 1675 859 1675 860 1680 860 1681 860 1675 854 1681 854 1676 854 1676 861 1681 861 1682 861 1676 855 1682 855 1677 855 1677 862 1682 862 1683 862 1677 856 1683 856 1678 856 1678 863 1683 863 1684 863 1678 857 1684 857 1679 857 1679 864 1684 864 1685 864 1679 858 1685 858 1631 858 1631 865 1685 865 1633 865 1681 866 1680 866 1686 866 1686 867 1680 867 1687 867 1686 868 1687 868 1688 868 1688 869 1687 869 1689 869 1688 870 1689 870 1690 870 1690 871 1689 871 1691 871 1690 872 1691 872 1692 872 1692 873 1691 873 1693 873 1692 874 1693 874 1694 874 1694 875 1693 875 1695 875 1694 876 1695 876 1696 876 1696 877 1695 877 1697 877 1696 878 1697 878 1698 878 1698 879 1697 879 1699 879 1698 880 1699 880 1700 880 1700 881 1699 881 1701 881 1700 882 1701 882 1641 882 1641 883 1701 883 1643 883 1691 884 1702 884 1693 884 1693 885 1702 885 1703 885 1693 875 1703 875 1695 875 1695 886 1703 886 1704 886 1695 877 1704 877 1697 877 1697 887 1704 887 1705 887 1697 879 1705 879 1699 879 1699 888 1705 888 1706 888 1699 881 1706 881 1701 881 1701 889 1706 889 1707 889 1701 883 1707 883 1643 883 1643 890 1707 890 1645 890 1702 891 1708 891 1703 891 1703 892 1708 892 1709 892 1703 886 1709 886 1704 886 1704 893 1709 893 1710 893 1704 887 1710 887 1705 887 1705 894 1710 894 1711 894 1705 888 1711 888 1706 888 1706 895 1711 895 1712 895 1706 889 1712 889 1707 889 1707 896 1712 896 1713 896 1707 890 1713 890 1645 890 1645 897 1713 897 1647 897 1708 898 1714 898 1709 898 1709 899 1714 899 1715 899 1709 893 1715 893 1710 893 1710 900 1715 900 1716 900 1710 894 1716 894 1711 894 1711 901 1716 901 1717 901 1711 895 1717 895 1712 895 1712 902 1717 902 1718 902 1712 896 1718 896 1713 896 1713 903 1718 903 1719 903 1713 897 1719 897 1647 897 1647 904 1719 904 1649 904 1715 905 1714 905 1720 905 1720 906 1714 906 1721 906 1720 907 1721 907 1722 907 1722 908 1721 908 1723 908 1722 909 1723 909 1724 909 1724 910 1723 910 1725 910 1724 911 1725 911 1726 911 1726 912 1725 912 1727 912 1726 913 1727 913 1728 913 1728 914 1727 914 1729 914 1728 915 1729 915 1730 915 1730 916 1729 916 1731 916 1730 917 1731 917 1732 917 1732 918 1731 918 1733 918 1732 919 1733 919 1734 919 1734 920 1733 920 1735 920 1734 921 1735 921 1657 921 1657 922 1735 922 1659 922 1725 923 1736 923 1727 923 1727 924 1736 924 1737 924 1727 914 1737 914 1729 914 1729 925 1737 925 1738 925 1729 916 1738 916 1731 916 1731 926 1738 926 1739 926 1731 918 1739 918 1733 918 1733 927 1739 927 1740 927 1733 920 1740 920 1735 920 1735 928 1740 928 1741 928 1735 922 1741 922 1659 922 1659 929 1741 929 1661 929 1736 930 1742 930 1737 930 1737 931 1742 931 1743 931 1737 925 1743 925 1738 925 1738 932 1743 932 1744 932 1738 926 1744 926 1739 926 1739 933 1744 933 1745 933 1739 927 1745 927 1740 927 1740 934 1745 934 1746 934 1740 928 1746 928 1741 928 1741 935 1746 935 1747 935 1741 929 1747 929 1661 929 1661 936 1747 936 1663 936 1742 937 1748 937 1743 937 1743 938 1748 938 1749 938 1743 932 1749 932 1744 932 1744 939 1749 939 1750 939 1744 933 1750 933 1745 933 1745 940 1750 940 1751 940 1745 934 1751 934 1746 934 1746 941 1751 941 1752 941 1746 935 1752 935 1747 935 1747 942 1752 942 1753 942 1747 936 1753 936 1663 936 1663 943 1753 943 1665 943 1749 944 1748 944 1754 944 1754 945 1748 945 1755 945 1754 946 1755 946 1756 946 1756 947 1755 947 1757 947 1756 948 1757 948 1758 948 1758 949 1757 949 1759 949 1758 950 1759 950 1760 950 1760 951 1759 951 1761 951 1760 952 1761 952 1762 952 1762 953 1761 953 1763 953 1762 954 1763 954 1764 954 1764 955 1763 955 1602 955 1764 956 1602 956 1604 956 1759 957 1765 957 1761 957 1761 958 1765 958 1766 958 1761 953 1766 953 1763 953 1763 959 1766 959 1600 959 1763 955 1600 955 1602 955 1765 960 1767 960 1766 960 1766 961 1767 961 1598 961 1766 959 1598 959 1600 959 1767 962 1596 962 1598 962 1627 823 1768 823 1625 823 1625 963 1768 963 1769 963 1625 821 1769 821 1623 821 1623 964 1769 964 1770 964 1623 819 1770 819 1621 819 1621 965 1770 965 1771 965 1621 817 1771 817 1619 817 1619 966 1771 966 1772 966 1619 815 1772 815 1617 815 1617 967 1772 967 1773 967 1617 813 1773 813 1615 813 1615 968 1773 968 1613 968 1768 963 1774 963 1769 963 1769 969 1774 969 1775 969 1769 964 1775 964 1770 964 1770 970 1775 970 1776 970 1770 965 1776 965 1771 965 1771 971 1776 971 1777 971 1771 966 1777 966 1772 966 1772 972 1777 972 1778 972 1772 967 1778 967 1773 967 1773 973 1778 973 1779 973 1773 968 1779 968 1613 968 1613 974 1779 974 1611 974 1774 969 1780 969 1775 969 1775 975 1780 975 1781 975 1775 970 1781 970 1776 970 1776 976 1781 976 1782 976 1776 971 1782 971 1777 971 1777 977 1782 977 1783 977 1777 972 1783 972 1778 972 1778 978 1783 978 1784 978 1778 973 1784 973 1779 973 1779 979 1784 979 1785 979 1779 974 1785 974 1611 974 1611 980 1785 980 1595 980 1780 975 1786 975 1781 975 1781 981 1786 981 1787 981 1781 976 1787 976 1782 976 1782 982 1787 982 1788 982 1782 977 1788 977 1783 977 1783 983 1788 983 1789 983 1783 978 1789 978 1784 978 1784 984 1789 984 1790 984 1784 979 1790 979 1785 979 1785 985 1790 985 1791 985 1785 980 1791 980 1595 980 1595 986 1791 986 1597 986 1786 981 1792 981 1787 981 1787 987 1792 987 1793 987 1787 982 1793 982 1788 982 1788 988 1793 988 1794 988 1788 983 1794 983 1789 983 1789 989 1794 989 1795 989 1789 984 1795 984 1790 984 1790 990 1795 990 1796 990 1790 985 1796 985 1791 985 1791 991 1796 991 1599 991 1791 986 1599 986 1597 986 1792 987 1797 987 1793 987 1793 992 1797 992 1798 992 1793 988 1798 988 1794 988 1794 993 1798 993 1799 993 1794 989 1799 989 1795 989 1795 994 1799 994 1800 994 1795 990 1800 990 1796 990 1796 995 1800 995 1601 995 1796 991 1601 991 1599 991 1797 992 1801 992 1798 992 1798 996 1801 996 1802 996 1798 993 1802 993 1799 993 1799 997 1802 997 1803 997 1799 994 1803 994 1800 994 1800 998 1803 998 1603 998 1800 995 1603 995 1601 995 1801 996 1804 996 1802 996 1802 999 1804 999 1805 999 1802 997 1805 997 1803 997 1803 1000 1805 1000 1605 1000 1803 998 1605 998 1603 998 1804 999 1806 999 1805 999 1805 1001 1806 1001 1607 1001 1805 1000 1607 1000 1605 1000 1806 1001 1609 1001 1607 1001 1681 861 1686 861 1682 861 1682 1002 1686 1002 1807 1002 1682 862 1807 862 1683 862 1683 1003 1807 1003 1808 1003 1683 863 1808 863 1684 863 1684 1004 1808 1004 1809 1004 1684 864 1809 864 1685 864 1685 1005 1809 1005 1810 1005 1685 865 1810 865 1633 865 1633 1006 1810 1006 1635 1006 1686 1002 1688 1002 1807 1002 1807 1007 1688 1007 1811 1007 1807 1003 1811 1003 1808 1003 1808 1008 1811 1008 1812 1008 1808 1004 1812 1004 1809 1004 1809 1009 1812 1009 1813 1009 1809 1005 1813 1005 1810 1005 1810 1010 1813 1010 1814 1010 1810 1006 1814 1006 1635 1006 1635 1011 1814 1011 1637 1011 1688 1007 1690 1007 1811 1007 1811 1012 1690 1012 1815 1012 1811 1008 1815 1008 1812 1008 1812 1013 1815 1013 1816 1013 1812 1009 1816 1009 1813 1009 1813 1014 1816 1014 1817 1014 1813 1010 1817 1010 1814 1010 1814 1015 1817 1015 1818 1015 1814 1011 1818 1011 1637 1011 1637 1016 1818 1016 1639 1016 1692 874 1694 874 1815 874 1815 1013 1694 1013 1816 1013 1817 1014 1816 1014 1696 1014 1696 876 1816 876 1694 876 1690 1012 1692 1012 1815 1012 1818 1015 1817 1015 1698 1015 1698 878 1817 878 1696 878 1639 1016 1818 1016 1700 1016 1700 880 1818 880 1698 880 1715 900 1720 900 1716 900 1716 1017 1720 1017 1819 1017 1716 901 1819 901 1717 901 1717 1018 1819 1018 1820 1018 1717 902 1820 902 1718 902 1718 1019 1820 1019 1821 1019 1718 903 1821 903 1719 903 1719 1020 1821 1020 1822 1020 1719 904 1822 904 1649 904 1649 1021 1822 1021 1651 1021 1639 882 1700 882 1641 882 1720 1017 1722 1017 1819 1017 1819 1022 1722 1022 1823 1022 1819 1018 1823 1018 1820 1018 1820 1023 1823 1023 1824 1023 1820 1019 1824 1019 1821 1019 1821 1024 1824 1024 1825 1024 1821 1020 1825 1020 1822 1020 1822 1025 1825 1025 1826 1025 1822 1021 1826 1021 1651 1021 1651 1026 1826 1026 1653 1026 1722 1022 1724 1022 1823 1022 1823 1027 1724 1027 1827 1027 1823 1023 1827 1023 1824 1023 1824 1028 1827 1028 1828 1028 1824 1024 1828 1024 1825 1024 1825 1029 1828 1029 1829 1029 1825 1025 1829 1025 1826 1025 1826 1030 1829 1030 1830 1030 1826 1026 1830 1026 1653 1026 1653 1031 1830 1031 1655 1031 1726 913 1728 913 1827 913 1827 1028 1728 1028 1828 1028 1829 1029 1828 1029 1730 1029 1730 915 1828 915 1728 915 1724 1027 1726 1027 1827 1027 1830 1030 1829 1030 1732 1030 1732 917 1829 917 1730 917 1655 1031 1830 1031 1734 1031 1734 919 1830 919 1732 919 1749 939 1754 939 1750 939 1750 1032 1754 1032 1831 1032 1750 940 1831 940 1751 940 1751 1033 1831 1033 1832 1033 1751 941 1832 941 1752 941 1752 1034 1832 1034 1833 1034 1752 942 1833 942 1753 942 1753 1035 1833 1035 1834 1035 1753 943 1834 943 1665 943 1665 1036 1834 1036 1667 1036 1655 921 1734 921 1657 921 1754 1032 1756 1032 1831 1032 1831 1037 1756 1037 1835 1037 1831 1033 1835 1033 1832 1033 1832 1038 1835 1038 1836 1038 1832 1034 1836 1034 1833 1034 1833 1039 1836 1039 1837 1039 1833 1035 1837 1035 1834 1035 1834 1040 1837 1040 1838 1040 1834 1036 1838 1036 1667 1036 1667 1041 1838 1041 1608 1041 1756 1037 1758 1037 1835 1037 1835 1042 1758 1042 1839 1042 1835 1038 1839 1038 1836 1038 1836 1043 1839 1043 1840 1043 1836 1039 1840 1039 1837 1039 1837 1044 1840 1044 1841 1044 1837 1040 1841 1040 1838 1040 1838 1045 1841 1045 1606 1045 1838 1041 1606 1041 1608 1041 1760 952 1762 952 1839 952 1839 1043 1762 1043 1840 1043 1841 1044 1840 1044 1764 1044 1764 954 1840 954 1762 954 1758 1042 1760 1042 1839 1042 1606 1045 1841 1045 1604 1045 1604 956 1841 956 1764 956 1842 1046 1843 1046 1844 1046 1844 1046 1843 1046 1845 1046 1844 1047 1845 1047 1846 1047 1846 1047 1845 1047 1847 1047 1846 1048 1847 1048 1848 1048 1848 1048 1847 1048 1849 1048 1848 1049 1849 1049 1850 1049 1850 1049 1849 1049 1851 1049 1850 1050 1851 1050 1852 1050 1852 1050 1851 1050 1853 1050 1852 1051 1853 1051 1854 1051 1854 1051 1853 1051 1855 1051 1854 1052 1855 1052 1856 1052 1856 1052 1855 1052 1857 1052 1856 1053 1857 1053 1858 1053 1858 1053 1857 1053 1859 1053 1858 1054 1859 1054 1860 1054 1860 1054 1859 1054 1861 1054 1860 1055 1861 1055 1862 1055 1862 1055 1861 1055 1863 1055 1862 1056 1863 1056 1864 1056 1864 1056 1863 1056 1865 1056 1864 1057 1865 1057 1866 1057 1866 1057 1865 1057 1867 1057 1866 1058 1867 1058 1868 1058 1868 1058 1867 1058 1869 1058 1868 1059 1869 1059 1870 1059 1870 1059 1869 1059 1871 1059 1870 1060 1871 1060 1872 1060 1872 1061 1871 1061 1873 1061 1872 1062 1873 1062 1874 1062 1874 1063 1873 1063 1875 1063 1874 1064 1875 1064 1876 1064 1876 1064 1875 1064 1877 1064 1876 1065 1877 1065 1878 1065 1878 1065 1877 1065 1879 1065 1878 1066 1879 1066 1880 1066 1880 1067 1879 1067 1881 1067 1880 1068 1881 1068 1882 1068 1882 1069 1881 1069 1883 1069 1882 1070 1883 1070 1884 1070 1884 1070 1883 1070 1885 1070 1884 1071 1885 1071 1886 1071 1886 1071 1885 1071 1887 1071 1886 1072 1887 1072 1888 1072 1888 1072 1887 1072 1889 1072 1888 1073 1889 1073 1890 1073 1890 1073 1889 1073 1891 1073 1890 1074 1891 1074 1892 1074 1892 1074 1891 1074 1893 1074 1892 1075 1893 1075 1894 1075 1894 1075 1893 1075 1895 1075 1894 1076 1895 1076 1896 1076 1896 1076 1895 1076 1897 1076 1896 1077 1897 1077 1898 1077 1898 1077 1897 1077 1899 1077 1898 1078 1899 1078 1900 1078 1900 1078 1899 1078 1901 1078 1900 1079 1901 1079 1902 1079 1902 1079 1901 1079 1903 1079 1902 1080 1903 1080 1904 1080 1904 1080 1903 1080 1905 1080 1904 1081 1905 1081 1842 1081 1842 1081 1905 1081 1843 1081 1806 1047 1906 1047 1609 1047 1609 1082 1906 1082 1907 1082 1609 1083 1907 1083 1610 1083 1610 1046 1907 1046 1908 1046 1610 1081 1908 1081 1666 1081 1666 1084 1908 1084 1909 1084 1666 1085 1909 1085 1664 1085 1664 1080 1909 1080 1910 1080 1664 1079 1910 1079 1662 1079 1662 1079 1910 1079 1911 1079 1662 1078 1911 1078 1660 1078 1660 1078 1911 1078 1912 1078 1660 1077 1912 1077 1658 1077 1658 1086 1912 1086 1913 1086 1658 1087 1913 1087 1656 1087 1656 1088 1913 1088 1914 1088 1656 1089 1914 1089 1654 1089 1654 1075 1914 1075 1915 1075 1654 1074 1915 1074 1652 1074 1652 1090 1915 1090 1916 1090 1652 1091 1916 1091 1650 1091 1650 1092 1916 1092 1917 1092 1650 1093 1917 1093 1648 1093 1648 1072 1917 1072 1918 1072 1648 1071 1918 1071 1646 1071 1646 1071 1918 1071 1919 1071 1646 1070 1919 1070 1644 1070 1644 1070 1919 1070 1920 1070 1644 1069 1920 1069 1642 1069 1642 1094 1920 1094 1921 1094 1642 1095 1921 1095 1640 1095 1640 1066 1921 1066 1922 1066 1640 1065 1922 1065 1638 1065 1638 1065 1922 1065 1923 1065 1638 1064 1923 1064 1636 1064 1636 1064 1923 1064 1924 1064 1636 1063 1924 1063 1634 1063 1634 1096 1924 1096 1925 1096 1634 1097 1925 1097 1632 1097 1632 1060 1925 1060 1926 1060 1632 1059 1926 1059 1630 1059 1630 1059 1926 1059 1927 1059 1630 1058 1927 1058 1628 1058 1628 1058 1927 1058 1928 1058 1628 1057 1928 1057 1627 1057 1627 1098 1928 1098 1929 1098 1627 1099 1929 1099 1768 1099 1768 1100 1929 1100 1930 1100 1768 1101 1930 1101 1774 1101 1774 1055 1930 1055 1931 1055 1774 1054 1931 1054 1780 1054 1780 1102 1931 1102 1932 1102 1780 1103 1932 1103 1786 1103 1786 1104 1932 1104 1933 1104 1786 1105 1933 1105 1792 1105 1792 1052 1933 1052 1934 1052 1792 1051 1934 1051 1797 1051 1797 1051 1934 1051 1935 1051 1797 1050 1935 1050 1801 1050 1801 1050 1935 1050 1936 1050 1801 1049 1936 1049 1804 1049 1804 1106 1936 1106 1937 1106 1804 1107 1937 1107 1806 1107 1806 1048 1937 1048 1906 1048 1845 1047 1938 1047 1847 1047 1847 1047 1938 1047 1939 1047 1847 1048 1939 1048 1849 1048 1849 1048 1939 1048 1940 1048 1849 1049 1940 1049 1851 1049 1851 1049 1940 1049 1941 1049 1851 1050 1941 1050 1853 1050 1853 1050 1941 1050 1942 1050 1853 1051 1942 1051 1855 1051 1855 1051 1942 1051 1943 1051 1855 1052 1943 1052 1857 1052 1857 1052 1943 1052 1944 1052 1857 1053 1944 1053 1859 1053 1859 1053 1944 1053 1945 1053 1859 1054 1945 1054 1861 1054 1861 1054 1945 1054 1946 1054 1861 1055 1946 1055 1863 1055 1863 1055 1946 1055 1947 1055 1863 1056 1947 1056 1865 1056 1865 1056 1947 1056 1948 1056 1865 1057 1948 1057 1867 1057 1867 1057 1948 1057 1949 1057 1867 1058 1949 1058 1869 1058 1869 1058 1949 1058 1950 1058 1869 1059 1950 1059 1871 1059 1871 1059 1950 1059 1951 1059 1871 1060 1951 1060 1873 1060 1873 1060 1951 1060 1952 1060 1873 1063 1952 1063 1875 1063 1875 1063 1952 1063 1953 1063 1875 1064 1953 1064 1877 1064 1877 1064 1953 1064 1954 1064 1877 1065 1954 1065 1879 1065 1879 1065 1954 1065 1955 1065 1879 1066 1955 1066 1881 1066 1881 1066 1955 1066 1956 1066 1881 1069 1956 1069 1883 1069 1883 1069 1956 1069 1957 1069 1883 1070 1957 1070 1885 1070 1885 1070 1957 1070 1958 1070 1885 1071 1958 1071 1887 1071 1887 1071 1958 1071 1959 1071 1887 1072 1959 1072 1889 1072 1889 1072 1959 1072 1960 1072 1889 1073 1960 1073 1891 1073 1891 1073 1960 1073 1961 1073 1891 1074 1961 1074 1893 1074 1893 1074 1961 1074 1962 1074 1893 1075 1962 1075 1895 1075 1895 1075 1962 1075 1963 1075 1895 1076 1963 1076 1897 1076 1897 1076 1963 1076 1964 1076 1897 1077 1964 1077 1899 1077 1899 1077 1964 1077 1965 1077 1899 1078 1965 1078 1901 1078 1901 1078 1965 1078 1966 1078 1901 1079 1966 1079 1903 1079 1903 1079 1966 1079 1967 1079 1903 1080 1967 1080 1905 1080 1905 1080 1967 1080 1968 1080 1905 1081 1968 1081 1843 1081 1843 1081 1968 1081 1969 1081 1843 1046 1969 1046 1845 1046 1845 1046 1969 1046 1938 1046 1938 1047 1970 1047 1939 1047 1939 1047 1970 1047 1971 1047 1939 1048 1971 1048 1940 1048 1940 1048 1971 1048 1972 1048 1940 1049 1972 1049 1941 1049 1941 1049 1972 1049 1973 1049 1941 1050 1973 1050 1942 1050 1942 1050 1973 1050 1974 1050 1942 1051 1974 1051 1943 1051 1943 1051 1974 1051 1975 1051 1943 1052 1975 1052 1944 1052 1944 1052 1975 1052 1976 1052 1944 1053 1976 1053 1945 1053 1945 1053 1976 1053 1977 1053 1945 1054 1977 1054 1946 1054 1946 1054 1977 1054 1978 1054 1946 1055 1978 1055 1947 1055 1947 1055 1978 1055 1979 1055 1947 1056 1979 1056 1948 1056 1948 1056 1979 1056 1980 1056 1948 1057 1980 1057 1949 1057 1949 1057 1980 1057 1981 1057 1949 1058 1981 1058 1950 1058 1950 1058 1981 1058 1982 1058 1950 1059 1982 1059 1951 1059 1951 1059 1982 1059 1983 1059 1951 1060 1983 1060 1952 1060 1952 1060 1983 1060 1984 1060 1952 1063 1984 1063 1953 1063 1953 1063 1984 1063 1985 1063 1953 1064 1985 1064 1954 1064 1954 1064 1985 1064 1986 1064 1954 1065 1986 1065 1955 1065 1955 1065 1986 1065 1987 1065 1955 1066 1987 1066 1956 1066 1956 1066 1987 1066 1988 1066 1956 1069 1988 1069 1957 1069 1957 1069 1988 1069 1989 1069 1957 1070 1989 1070 1958 1070 1958 1070 1989 1070 1990 1070 1958 1071 1990 1071 1959 1071 1959 1071 1990 1071 1991 1071 1959 1072 1991 1072 1960 1072 1960 1072 1991 1072 1992 1072 1960 1073 1992 1073 1961 1073 1961 1073 1992 1073 1993 1073 1961 1074 1993 1074 1962 1074 1962 1074 1993 1074 1994 1074 1962 1075 1994 1075 1963 1075 1963 1075 1994 1075 1995 1075 1963 1076 1995 1076 1964 1076 1964 1076 1995 1076 1996 1076 1964 1077 1996 1077 1965 1077 1965 1077 1996 1077 1997 1077 1965 1078 1997 1078 1966 1078 1966 1078 1997 1078 1998 1078 1966 1079 1998 1079 1967 1079 1967 1079 1998 1079 1999 1079 1967 1080 1999 1080 1968 1080 1968 1080 1999 1080 2000 1080 1968 1081 2000 1081 1969 1081 1969 1081 2000 1081 2001 1081 1969 1046 2001 1046 1938 1046 1938 1046 2001 1046 1970 1046 1970 1047 2002 1047 1971 1047 1971 1047 2002 1047 2003 1047 1971 1048 2003 1048 1972 1048 1972 1048 2003 1048 2004 1048 1972 1049 2004 1049 1973 1049 1973 1049 2004 1049 2005 1049 1973 1050 2005 1050 1974 1050 1974 1050 2005 1050 2006 1050 1974 1051 2006 1051 1975 1051 1975 1051 2006 1051 2007 1051 1975 1052 2007 1052 1976 1052 1976 1108 2007 1108 2008 1108 1976 1109 2008 1109 1977 1109 1977 1053 2008 1053 2009 1053 1977 1054 2009 1054 1978 1054 1978 1054 2009 1054 2010 1054 1978 1055 2010 1055 1979 1055 1979 1055 2010 1055 2011 1055 1979 1056 2011 1056 1980 1056 1980 1110 2011 1110 2012 1110 1980 1111 2012 1111 1981 1111 1981 1057 2012 1057 2013 1057 1981 1058 2013 1058 1982 1058 1982 1058 2013 1058 2014 1058 1982 1059 2014 1059 1983 1059 1983 1059 2014 1059 2015 1059 1983 1060 2015 1060 1984 1060 1984 1060 2015 1060 2016 1060 1984 1063 2016 1063 1985 1063 1985 1063 2016 1063 2017 1063 1985 1064 2017 1064 1986 1064 1986 1064 2017 1064 2018 1064 1986 1065 2018 1065 1987 1065 1987 1065 2018 1065 2019 1065 1987 1066 2019 1066 1988 1066 1988 1066 2019 1066 2020 1066 1988 1069 2020 1069 1989 1069 1989 1069 2020 1069 2021 1069 1989 1070 2021 1070 1990 1070 1990 1070 2021 1070 2022 1070 1990 1071 2022 1071 1991 1071 1991 1071 2022 1071 2023 1071 1991 1072 2023 1072 1992 1072 1992 1112 2023 1112 2024 1112 1992 1113 2024 1113 1993 1113 1993 1073 2024 1073 2025 1073 1993 1074 2025 1074 1994 1074 1994 1074 2025 1074 2026 1074 1994 1075 2026 1075 1995 1075 1995 1075 2026 1075 2027 1075 1995 1076 2027 1076 1996 1076 1996 1114 2027 1114 2028 1114 1996 1115 2028 1115 1997 1115 1997 1077 2028 1077 2029 1077 1997 1078 2029 1078 1998 1078 1998 1078 2029 1078 2030 1078 1998 1079 2030 1079 1999 1079 1999 1079 2030 1079 2031 1079 1999 1080 2031 1080 2000 1080 2000 1080 2031 1080 2032 1080 2000 1081 2032 1081 2001 1081 2001 1081 2032 1081 2033 1081 2001 1046 2033 1046 1970 1046 1970 1046 2033 1046 2002 1046 2002 1047 2034 1047 2003 1047 2003 1047 2034 1047 2035 1047 2003 1048 2035 1048 2004 1048 2004 1048 2035 1048 2036 1048 2004 1049 2036 1049 2005 1049 2005 1049 2036 1049 2037 1049 2005 1050 2037 1050 2006 1050 2006 1050 2037 1050 2038 1050 2006 1051 2038 1051 2007 1051 2007 1051 2038 1051 2039 1051 2007 1052 2039 1052 2008 1052 2008 1052 2039 1052 2040 1052 2008 1053 2040 1053 2009 1053 2009 1053 2040 1053 2041 1053 2009 1054 2041 1054 2010 1054 2010 1054 2041 1054 2042 1054 2010 1055 2042 1055 2011 1055 2011 1055 2042 1055 2043 1055 2011 1056 2043 1056 2012 1056 2012 1056 2043 1056 2044 1056 2012 1057 2044 1057 2013 1057 2013 1057 2044 1057 2045 1057 2013 1058 2045 1058 2014 1058 2014 1058 2045 1058 2046 1058 2014 1059 2046 1059 2015 1059 2015 1059 2046 1059 2047 1059 2015 1060 2047 1060 2016 1060 2016 1060 2047 1060 2048 1060 2016 1063 2048 1063 2017 1063 2017 1063 2048 1063 2049 1063 2017 1064 2049 1064 2018 1064 2018 1064 2049 1064 2050 1064 2018 1065 2050 1065 2019 1065 2019 1065 2050 1065 2051 1065 2019 1066 2051 1066 2020 1066 2020 1066 2051 1066 2052 1066 2020 1069 2052 1069 2021 1069 2021 1069 2052 1069 2053 1069 2021 1070 2053 1070 2022 1070 2022 1070 2053 1070 2054 1070 2022 1071 2054 1071 2023 1071 2023 1071 2054 1071 2055 1071 2023 1072 2055 1072 2024 1072 2024 1072 2055 1072 2056 1072 2024 1073 2056 1073 2025 1073 2025 1073 2056 1073 2057 1073 2025 1074 2057 1074 2026 1074 2026 1074 2057 1074 2058 1074 2026 1075 2058 1075 2027 1075 2027 1075 2058 1075 2059 1075 2027 1076 2059 1076 2028 1076 2028 1076 2059 1076 2060 1076 2028 1077 2060 1077 2029 1077 2029 1077 2060 1077 2061 1077 2029 1078 2061 1078 2030 1078 2030 1078 2061 1078 2062 1078 2030 1079 2062 1079 2031 1079 2031 1079 2062 1079 2063 1079 2031 1080 2063 1080 2032 1080 2032 1080 2063 1080 2064 1080 2032 1081 2064 1081 2033 1081 2033 1081 2064 1081 2065 1081 2033 1046 2065 1046 2002 1046 2002 1046 2065 1046 2034 1046 2034 1047 1907 1047 2035 1047 2035 1047 1907 1047 1906 1047 2035 1048 1906 1048 2036 1048 2036 1048 1906 1048 1937 1048 2036 1049 1937 1049 2037 1049 2037 1049 1937 1049 1936 1049 2037 1050 1936 1050 2038 1050 2038 1050 1936 1050 1935 1050 2038 1051 1935 1051 2039 1051 2039 1051 1935 1051 1934 1051 2039 1052 1934 1052 2040 1052 2040 1052 1934 1052 1933 1052 2040 1053 1933 1053 2041 1053 2041 1053 1933 1053 1932 1053 2041 1054 1932 1054 2042 1054 2042 1054 1932 1054 1931 1054 2042 1055 1931 1055 2043 1055 2043 1055 1931 1055 1930 1055 2043 1056 1930 1056 2044 1056 2044 1056 1930 1056 1929 1056 2044 1057 1929 1057 2045 1057 2045 1057 1929 1057 1928 1057 2045 1058 1928 1058 2046 1058 2046 1058 1928 1058 1927 1058 2046 1059 1927 1059 2047 1059 2047 1059 1927 1059 1926 1059 2047 1060 1926 1060 2048 1060 2048 1060 1926 1060 1925 1060 2048 1063 1925 1063 2049 1063 2049 1063 1925 1063 1924 1063 2049 1064 1924 1064 2050 1064 2050 1064 1924 1064 1923 1064 2050 1065 1923 1065 2051 1065 2051 1065 1923 1065 1922 1065 2051 1066 1922 1066 2052 1066 2052 1066 1922 1066 1921 1066 2052 1069 1921 1069 2053 1069 2053 1069 1921 1069 1920 1069 2053 1070 1920 1070 2054 1070 2054 1070 1920 1070 1919 1070 2054 1071 1919 1071 2055 1071 2055 1071 1919 1071 1918 1071 2055 1072 1918 1072 2056 1072 2056 1072 1918 1072 1917 1072 2056 1073 1917 1073 2057 1073 2057 1073 1917 1073 1916 1073 2057 1074 1916 1074 2058 1074 2058 1074 1916 1074 1915 1074 2058 1075 1915 1075 2059 1075 2059 1075 1915 1075 1914 1075 2059 1076 1914 1076 2060 1076 2060 1076 1914 1076 1913 1076 2060 1077 1913 1077 2061 1077 2061 1077 1913 1077 1912 1077 2061 1078 1912 1078 2062 1078 2062 1078 1912 1078 1911 1078 2062 1079 1911 1079 2063 1079 2063 1079 1911 1079 1910 1079 2063 1080 1910 1080 2064 1080 2064 1080 1910 1080 1909 1080 2064 1081 1909 1081 2065 1081 2065 1081 1909 1081 1908 1081 2065 1046 1908 1046 2034 1046 2034 1046 1908 1046 1907 1046 1767 235 1721 235 1596 235 1596 235 1721 235 1714 235 1596 235 1714 235 1594 235 1594 235 1714 235 1708 235 1594 235 1708 235 1612 235 1612 235 1708 235 1702 235 1612 235 1702 235 1614 235 1614 235 1702 235 1691 235 1614 235 1691 235 1668 235 1668 235 1691 235 1689 235 1668 235 1689 235 1674 235 1674 235 1689 235 1687 235 1674 235 1687 235 1680 235 1721 235 1767 235 1723 235 1723 235 1767 235 1765 235 1723 235 1765 235 1725 235 1725 235 1765 235 1759 235 1725 235 1759 235 1736 235 1736 235 1759 235 1757 235 1736 235 1757 235 1742 235 1742 235 1757 235 1755 235 1742 235 1755 235 1748 235 1846 1116 2066 1116 1844 1116 1844 1116 2066 1116 2067 1116 1844 1117 2067 1117 1842 1117 1842 1117 2067 1117 2068 1117 1842 1118 2068 1118 1904 1118 1904 1118 2068 1118 2069 1118 1904 1119 2069 1119 1902 1119 1902 1119 2069 1119 2070 1119 1902 1120 2070 1120 1900 1120 1900 1120 2070 1120 2071 1120 1900 1121 2071 1121 1898 1121 1898 1121 2071 1121 2072 1121 1898 1122 2072 1122 1896 1122 1896 1122 2072 1122 2073 1122 1896 1123 2073 1123 1894 1123 1894 1123 2073 1123 2074 1123 1894 1124 2074 1124 1892 1124 1892 1124 2074 1124 2075 1124 1892 1125 2075 1125 1890 1125 1890 1125 2075 1125 2076 1125 1890 1126 2076 1126 1888 1126 1888 1126 2076 1126 2077 1126 1888 1127 2077 1127 1886 1127 1886 1127 2077 1127 2078 1127 1886 1128 2078 1128 1884 1128 1884 1128 2078 1128 2079 1128 1884 1129 2079 1129 1882 1129 1882 1129 2079 1129 2080 1129 1882 1130 2080 1130 1880 1130 1880 1130 2080 1130 2081 1130 1880 1131 2081 1131 1878 1131 1878 1131 2081 1131 2082 1131 1878 1132 2082 1132 1876 1132 1876 1132 2082 1132 2083 1132 1876 1133 2083 1133 1874 1133 1874 1133 2083 1133 2084 1133 1874 1134 2084 1134 1872 1134 1872 1134 2084 1134 2085 1134 1872 1135 2085 1135 1870 1135 1870 1135 2085 1135 2086 1135 1870 1136 2086 1136 1868 1136 1868 1136 2086 1136 2087 1136 1868 1137 2087 1137 1866 1137 1866 1137 2087 1137 2088 1137 1866 1138 2088 1138 1864 1138 1864 1138 2088 1138 2089 1138 1864 1139 2089 1139 1862 1139 1862 1139 2089 1139 2090 1139 1862 1140 2090 1140 1860 1140 1860 1140 2090 1140 2091 1140 1860 1141 2091 1141 1858 1141 1858 1141 2091 1141 2092 1141 1858 1142 2092 1142 1856 1142 1856 1142 2092 1142 2093 1142 1856 1143 2093 1143 1854 1143 1854 1143 2093 1143 2094 1143 1854 1144 2094 1144 1852 1144 1852 1144 2094 1144 2095 1144 1852 1145 2095 1145 1850 1145 1850 1145 2095 1145 2096 1145 1850 1146 2096 1146 1848 1146 1848 1146 2096 1146 2097 1146 1848 1147 2097 1147 1846 1147 1846 1147 2097 1147 2066 1147 2098 1148 2099 1148 2100 1148 2100 1149 2099 1149 2101 1149 2100 1150 2101 1150 2102 1150 2102 1151 2101 1151 2103 1151 2102 1151 2103 1151 2104 1151 2104 1152 2103 1152 2105 1152 2104 1152 2105 1152 2106 1152 2106 1153 2105 1153 2107 1153 2106 1153 2107 1153 2108 1153 2108 1154 2107 1154 2109 1154 2108 1154 2109 1154 2110 1154 2110 1155 2109 1155 2067 1155 2110 1155 2067 1155 2066 1155 2099 1156 2098 1156 2111 1156 2111 1157 2098 1157 2112 1157 2111 1158 2112 1158 2113 1158 2113 1159 2112 1159 2114 1159 2113 1160 2114 1160 2115 1160 2115 1161 2114 1161 2116 1161 2115 1162 2116 1162 2117 1162 2117 1163 2116 1163 2118 1163 2117 1164 2118 1164 2119 1164 2119 1165 2118 1165 2120 1165 2119 1166 2120 1166 2121 1166 2121 1167 2120 1167 2122 1167 2121 1168 2122 1168 2123 1168 2123 1169 2122 1169 2124 1169 2123 1170 2124 1170 2076 1170 2076 1171 2124 1171 2077 1171 2114 1172 2125 1172 2116 1172 2116 1173 2125 1173 2126 1173 2116 1163 2126 1163 2118 1163 2118 1174 2126 1174 2127 1174 2118 1165 2127 1165 2120 1165 2120 1175 2127 1175 2128 1175 2120 1167 2128 1167 2122 1167 2122 1176 2128 1176 2129 1176 2122 1169 2129 1169 2124 1169 2124 1177 2129 1177 2130 1177 2124 1171 2130 1171 2077 1171 2077 1178 2130 1178 2078 1178 2125 1179 2131 1179 2126 1179 2126 1180 2131 1180 2132 1180 2126 1174 2132 1174 2127 1174 2127 1181 2132 1181 2133 1181 2127 1175 2133 1175 2128 1175 2128 1182 2133 1182 2134 1182 2128 1176 2134 1176 2129 1176 2129 1183 2134 1183 2135 1183 2129 1177 2135 1177 2130 1177 2130 1184 2135 1184 2136 1184 2130 1178 2136 1178 2078 1178 2078 1185 2136 1185 2079 1185 2131 1186 2137 1186 2132 1186 2132 1187 2137 1187 2138 1187 2132 1181 2138 1181 2133 1181 2133 1188 2138 1188 2139 1188 2133 1182 2139 1182 2134 1182 2134 1189 2139 1189 2140 1189 2134 1183 2140 1183 2135 1183 2135 1190 2140 1190 2141 1190 2135 1184 2141 1184 2136 1184 2136 1191 2141 1191 2142 1191 2136 1185 2142 1185 2079 1185 2079 1192 2142 1192 2080 1192 2138 1193 2137 1193 2143 1193 2143 1194 2137 1194 2144 1194 2143 1195 2144 1195 2145 1195 2145 1196 2144 1196 2146 1196 2145 1197 2146 1197 2147 1197 2147 1198 2146 1198 2148 1198 2147 1199 2148 1199 2149 1199 2149 1200 2148 1200 2150 1200 2149 1201 2150 1201 2151 1201 2151 1202 2150 1202 2152 1202 2151 1203 2152 1203 2153 1203 2153 1204 2152 1204 2154 1204 2153 1205 2154 1205 2155 1205 2155 1206 2154 1206 2156 1206 2155 1207 2156 1207 2157 1207 2157 1208 2156 1208 2158 1208 2157 1209 2158 1209 2084 1209 2084 1210 2158 1210 2085 1210 2148 1211 2159 1211 2150 1211 2150 1212 2159 1212 2160 1212 2150 1202 2160 1202 2152 1202 2152 1213 2160 1213 2161 1213 2152 1204 2161 1204 2154 1204 2154 1214 2161 1214 2162 1214 2154 1206 2162 1206 2156 1206 2156 1215 2162 1215 2163 1215 2156 1208 2163 1208 2158 1208 2158 1216 2163 1216 2164 1216 2158 1210 2164 1210 2085 1210 2085 1217 2164 1217 2086 1217 2159 1218 2165 1218 2160 1218 2160 1219 2165 1219 2166 1219 2160 1213 2166 1213 2161 1213 2161 1220 2166 1220 2167 1220 2161 1214 2167 1214 2162 1214 2162 1221 2167 1221 2168 1221 2162 1215 2168 1215 2163 1215 2163 1222 2168 1222 2169 1222 2163 1216 2169 1216 2164 1216 2164 1223 2169 1223 2170 1223 2164 1217 2170 1217 2086 1217 2086 1224 2170 1224 2087 1224 2165 1225 2171 1225 2166 1225 2166 1226 2171 1226 2172 1226 2166 1220 2172 1220 2167 1220 2167 1227 2172 1227 2173 1227 2167 1221 2173 1221 2168 1221 2168 1228 2173 1228 2174 1228 2168 1222 2174 1222 2169 1222 2169 1229 2174 1229 2175 1229 2169 1223 2175 1223 2170 1223 2170 1230 2175 1230 2176 1230 2170 1224 2176 1224 2087 1224 2087 1231 2176 1231 2088 1231 2172 1232 2171 1232 2177 1232 2177 1233 2171 1233 2178 1233 2177 1234 2178 1234 2179 1234 2179 1235 2178 1235 2180 1235 2179 1236 2180 1236 2181 1236 2181 1237 2180 1237 2182 1237 2181 1238 2182 1238 2183 1238 2183 1239 2182 1239 2184 1239 2183 1240 2184 1240 2185 1240 2185 1241 2184 1241 2186 1241 2185 1242 2186 1242 2187 1242 2187 1243 2186 1243 2188 1243 2187 1244 2188 1244 2189 1244 2189 1245 2188 1245 2190 1245 2189 1246 2190 1246 2191 1246 2191 1247 2190 1247 2192 1247 2191 1248 2192 1248 2092 1248 2092 1249 2192 1249 2093 1249 2182 1250 2193 1250 2184 1250 2184 1251 2193 1251 2194 1251 2184 1241 2194 1241 2186 1241 2186 1252 2194 1252 2195 1252 2186 1243 2195 1243 2188 1243 2188 1253 2195 1253 2196 1253 2188 1245 2196 1245 2190 1245 2190 1254 2196 1254 2197 1254 2190 1247 2197 1247 2192 1247 2192 1255 2197 1255 2198 1255 2192 1249 2198 1249 2093 1249 2093 1256 2198 1256 2094 1256 2193 1257 2199 1257 2194 1257 2194 1258 2199 1258 2200 1258 2194 1252 2200 1252 2195 1252 2195 1259 2200 1259 2201 1259 2195 1253 2201 1253 2196 1253 2196 1260 2201 1260 2202 1260 2196 1254 2202 1254 2197 1254 2197 1261 2202 1261 2203 1261 2197 1255 2203 1255 2198 1255 2198 1262 2203 1262 2204 1262 2198 1256 2204 1256 2094 1256 2094 1263 2204 1263 2095 1263 2199 1264 2205 1264 2200 1264 2200 1265 2205 1265 2206 1265 2200 1259 2206 1259 2201 1259 2201 1266 2206 1266 2207 1266 2201 1260 2207 1260 2202 1260 2202 1267 2207 1267 2208 1267 2202 1261 2208 1261 2203 1261 2203 1268 2208 1268 2209 1268 2203 1262 2209 1262 2204 1262 2204 1269 2209 1269 2210 1269 2204 1263 2210 1263 2095 1263 2095 1270 2210 1270 2096 1270 2206 1271 2205 1271 2211 1271 2211 1272 2205 1272 2212 1272 2211 1273 2212 1273 2213 1273 2213 1274 2212 1274 2214 1274 2213 1275 2214 1275 2215 1275 2215 1276 2214 1276 2216 1276 2215 1277 2216 1277 2217 1277 2217 1278 2216 1278 2218 1278 2217 1279 2218 1279 2219 1279 2219 1280 2218 1280 2220 1280 2219 1281 2220 1281 2221 1281 2221 1282 2220 1282 2106 1282 2221 1283 2106 1283 2108 1283 2216 1284 2222 1284 2218 1284 2218 1285 2222 1285 2223 1285 2218 1280 2223 1280 2220 1280 2220 1286 2223 1286 2104 1286 2220 1282 2104 1282 2106 1282 2222 1287 2224 1287 2223 1287 2223 1288 2224 1288 2102 1288 2223 1286 2102 1286 2104 1286 2224 1289 2100 1289 2102 1289 2067 1290 2109 1290 2068 1290 2068 1290 2109 1290 2225 1290 2068 1291 2225 1291 2069 1291 2069 1291 2225 1291 2226 1291 2069 1292 2226 1292 2070 1292 2070 1292 2226 1292 2227 1292 2070 1293 2227 1293 2071 1293 2071 1293 2227 1293 2228 1293 2071 1294 2228 1294 2072 1294 2072 1294 2228 1294 2229 1294 2072 1295 2229 1295 2073 1295 2073 1295 2229 1295 2230 1295 2073 1296 2230 1296 2074 1296 2074 1296 2230 1296 2231 1296 2074 1297 2231 1297 2075 1297 2075 1297 2231 1297 2123 1297 2075 1170 2123 1170 2076 1170 2109 1298 2107 1298 2225 1298 2225 1298 2107 1298 2232 1298 2225 1299 2232 1299 2226 1299 2226 1299 2232 1299 2233 1299 2226 1300 2233 1300 2227 1300 2227 1300 2233 1300 2234 1300 2227 1301 2234 1301 2228 1301 2228 1301 2234 1301 2235 1301 2228 1302 2235 1302 2229 1302 2229 1302 2235 1302 2236 1302 2229 1303 2236 1303 2230 1303 2230 1303 2236 1303 2237 1303 2230 1304 2237 1304 2231 1304 2231 1304 2237 1304 2121 1304 2231 1168 2121 1168 2123 1168 2107 1305 2105 1305 2232 1305 2232 1305 2105 1305 2238 1305 2232 1306 2238 1306 2233 1306 2233 1306 2238 1306 2239 1306 2233 1307 2239 1307 2234 1307 2234 1307 2239 1307 2240 1307 2234 1308 2240 1308 2235 1308 2235 1308 2240 1308 2241 1308 2235 1309 2241 1309 2236 1309 2236 1309 2241 1309 2242 1309 2236 1310 2242 1310 2237 1310 2237 1310 2242 1310 2119 1310 2237 1166 2119 1166 2121 1166 2105 1311 2103 1311 2238 1311 2238 1311 2103 1311 2243 1311 2238 1312 2243 1312 2239 1312 2239 1312 2243 1312 2244 1312 2239 1313 2244 1313 2240 1313 2240 1313 2244 1313 2245 1313 2240 1314 2245 1314 2241 1314 2241 1314 2245 1314 2246 1314 2241 1315 2246 1315 2242 1315 2242 1315 2246 1315 2117 1315 2242 1164 2117 1164 2119 1164 2103 1316 2101 1316 2243 1316 2243 1316 2101 1316 2099 1316 2243 1317 2099 1317 2244 1317 2244 1317 2099 1317 2111 1317 2244 1318 2111 1318 2245 1318 2245 1318 2111 1318 2113 1318 2245 1319 2113 1319 2246 1319 2246 1319 2113 1319 2115 1319 2246 1162 2115 1162 2117 1162 2110 1320 2066 1320 2247 1320 2247 1320 2066 1320 2097 1320 2247 1321 2097 1321 2248 1321 2248 1321 2097 1321 2096 1321 2248 1270 2096 1270 2210 1270 2108 1322 2110 1322 2249 1322 2249 1322 2110 1322 2247 1322 2249 1323 2247 1323 2250 1323 2250 1323 2247 1323 2248 1323 2250 1324 2248 1324 2251 1324 2251 1324 2248 1324 2210 1324 2251 1269 2210 1269 2209 1269 2108 1283 2249 1283 2221 1283 2221 1325 2249 1325 2252 1325 2221 1281 2252 1281 2219 1281 2219 1326 2252 1326 2253 1326 2219 1279 2253 1279 2217 1279 2217 1327 2253 1327 2215 1327 2252 1325 2249 1325 2250 1325 2252 1328 2250 1328 2254 1328 2254 1328 2250 1328 2251 1328 2254 1329 2251 1329 2255 1329 2255 1329 2251 1329 2209 1329 2255 1268 2209 1268 2208 1268 2252 1326 2254 1326 2253 1326 2253 1330 2254 1330 2256 1330 2253 1327 2256 1327 2215 1327 2215 1331 2256 1331 2213 1331 2256 1330 2254 1330 2255 1330 2256 1332 2255 1332 2257 1332 2257 1332 2255 1332 2208 1332 2257 1267 2208 1267 2207 1267 2211 1333 2213 1333 2257 1333 2257 1331 2213 1331 2256 1331 2211 1333 2257 1333 2207 1333 2191 1248 2092 1248 2091 1248 2206 1266 2211 1266 2207 1266 2191 1334 2091 1334 2258 1334 2258 1334 2091 1334 2090 1334 2258 1335 2090 1335 2259 1335 2259 1335 2090 1335 2089 1335 2259 1336 2089 1336 2260 1336 2260 1336 2089 1336 2088 1336 2260 1231 2088 1231 2176 1231 2191 1246 2258 1246 2189 1246 2189 1337 2258 1337 2261 1337 2189 1244 2261 1244 2187 1244 2187 1338 2261 1338 2262 1338 2187 1242 2262 1242 2185 1242 2185 1339 2262 1339 2263 1339 2185 1240 2263 1240 2183 1240 2183 1340 2263 1340 2181 1340 2261 1337 2258 1337 2259 1337 2261 1341 2259 1341 2264 1341 2264 1341 2259 1341 2260 1341 2264 1342 2260 1342 2265 1342 2265 1342 2260 1342 2176 1342 2265 1230 2176 1230 2175 1230 2261 1338 2264 1338 2262 1338 2262 1343 2264 1343 2266 1343 2262 1339 2266 1339 2263 1339 2263 1344 2266 1344 2267 1344 2263 1340 2267 1340 2181 1340 2181 1345 2267 1345 2179 1345 2266 1343 2264 1343 2265 1343 2266 1346 2265 1346 2268 1346 2268 1346 2265 1346 2175 1346 2268 1229 2175 1229 2174 1229 2266 1344 2268 1344 2267 1344 2267 1347 2268 1347 2269 1347 2267 1345 2269 1345 2179 1345 2179 1348 2269 1348 2177 1348 2269 1347 2268 1347 2174 1347 2177 1348 2269 1348 2173 1348 2173 1228 2269 1228 2174 1228 2157 1209 2084 1209 2083 1209 2172 1227 2177 1227 2173 1227 2157 1349 2083 1349 2270 1349 2270 1349 2083 1349 2082 1349 2270 1350 2082 1350 2271 1350 2271 1350 2082 1350 2081 1350 2271 1351 2081 1351 2272 1351 2272 1351 2081 1351 2080 1351 2272 1192 2080 1192 2142 1192 2157 1207 2270 1207 2155 1207 2155 1352 2270 1352 2273 1352 2155 1205 2273 1205 2153 1205 2153 1353 2273 1353 2274 1353 2153 1203 2274 1203 2151 1203 2151 1354 2274 1354 2275 1354 2151 1201 2275 1201 2149 1201 2149 1355 2275 1355 2147 1355 2273 1352 2270 1352 2271 1352 2273 1356 2271 1356 2276 1356 2276 1356 2271 1356 2272 1356 2276 1357 2272 1357 2277 1357 2277 1357 2272 1357 2142 1357 2277 1191 2142 1191 2141 1191 2273 1353 2276 1353 2274 1353 2274 1358 2276 1358 2278 1358 2274 1354 2278 1354 2275 1354 2275 1359 2278 1359 2279 1359 2275 1355 2279 1355 2147 1355 2147 1360 2279 1360 2145 1360 2278 1358 2276 1358 2277 1358 2278 1361 2277 1361 2280 1361 2280 1361 2277 1361 2141 1361 2280 1190 2141 1190 2140 1190 2278 1359 2280 1359 2279 1359 2279 1362 2280 1362 2281 1362 2279 1360 2281 1360 2145 1360 2145 1363 2281 1363 2143 1363 2281 1362 2280 1362 2140 1362 2143 1363 2281 1363 2139 1363 2139 1189 2281 1189 2140 1189 2138 1188 2143 1188 2139 1188 2224 0 2178 0 2100 0 2100 0 2178 0 2171 0 2100 0 2171 0 2098 0 2098 0 2171 0 2165 0 2098 0 2165 0 2112 0 2112 0 2165 0 2159 0 2112 0 2159 0 2114 0 2114 0 2159 0 2148 0 2114 0 2148 0 2125 0 2125 0 2148 0 2146 0 2125 0 2146 0 2131 0 2131 0 2146 0 2144 0 2131 0 2144 0 2137 0 2178 0 2224 0 2180 0 2180 0 2224 0 2222 0 2180 0 2222 0 2182 0 2182 0 2222 0 2216 0 2182 0 2216 0 2193 0 2193 0 2216 0 2214 0 2193 0 2214 0 2199 0 2199 0 2214 0 2212 0 2199 0 2212 0 2205 0 2284 1364 2283 1364 2285 1364 2284 1365 2285 1365 2286 1365 2286 1365 2285 1365 2287 1365 2286 1366 2287 1366 2288 1366 2288 1366 2287 1366 2289 1366 2288 1367 2289 1367 2290 1367 2290 1368 2289 1368 2291 1368 2290 1369 2291 1369 2292 1369 2292 1370 2291 1370 2293 1370 2292 1371 2293 1371 2294 1371 2294 1372 2293 1372 2295 1372 2294 1373 2295 1373 2296 1373 2296 1374 2295 1374 2297 1374 2296 1375 2297 1375 2298 1375 2298 1376 2297 1376 2299 1376 2298 1377 2299 1377 2300 1377 2300 1378 2299 1378 2301 1378 2300 1379 2301 1379 2302 1379 2302 1380 2301 1380 2303 1380 2302 1381 2303 1381 2304 1381 2304 1382 2303 1382 2305 1382 2304 1383 2305 1383 2306 1383 2306 1384 2305 1384 2307 1384 2306 1385 2307 1385 2308 1385 2308 1386 2307 1386 2309 1386 2308 1387 2309 1387 2310 1387 2310 1388 2309 1388 2311 1388 2310 1389 2311 1389 2312 1389 2312 1390 2311 1390 2313 1390 2312 87 2313 87 2314 87 2314 87 2313 87 2315 87 2314 1391 2315 1391 2316 1391 2316 1392 2315 1392 2317 1392 2316 1393 2317 1393 2318 1393 2318 1394 2317 1394 2319 1394 2318 1395 2319 1395 2320 1395 2320 1396 2319 1396 2321 1396 2320 1397 2321 1397 2322 1397 2322 1398 2321 1398 2323 1398 2322 1399 2323 1399 2324 1399 2324 1400 2323 1400 2325 1400 2324 1401 2325 1401 2326 1401 2326 1402 2325 1402 2327 1402 2326 1403 2327 1403 2328 1403 2328 1404 2327 1404 2329 1404 2328 1405 2329 1405 2330 1405 2330 1406 2329 1406 2331 1406 2330 1407 2331 1407 2332 1407 2332 1408 2331 1408 2333 1408 2332 1409 2333 1409 2334 1409 2334 1410 2333 1410 2335 1410 2334 1411 2335 1411 2336 1411 2336 1412 2335 1412 2337 1412 2336 1413 2337 1413 2338 1413 2338 1414 2337 1414 2339 1414 2338 1415 2339 1415 2282 1415 2282 1415 2339 1415 2283 1415 2340 1065 2341 1065 2342 1065 2342 1416 2341 1416 2343 1416 2342 1417 2343 1417 2344 1417 2344 1064 2343 1064 2345 1064 2344 1063 2345 1063 2346 1063 2346 1063 2345 1063 2347 1063 2346 1060 2347 1060 2348 1060 2348 1060 2347 1060 2349 1060 2348 1059 2349 1059 2350 1059 2350 1059 2349 1059 2351 1059 2350 1058 2351 1058 2352 1058 2352 1058 2351 1058 2353 1058 2352 1057 2353 1057 2354 1057 2354 1057 2353 1057 2355 1057 2354 1056 2355 1056 2356 1056 2356 1056 2355 1056 2357 1056 2356 1055 2357 1055 2358 1055 2358 1055 2357 1055 2359 1055 2358 1054 2359 1054 2360 1054 2360 1054 2359 1054 2361 1054 2360 1053 2361 1053 2362 1053 2362 1053 2361 1053 2363 1053 2362 1052 2363 1052 2364 1052 2364 1052 2363 1052 2365 1052 2364 1051 2365 1051 2366 1051 2366 1051 2365 1051 2367 1051 2366 1050 2367 1050 2368 1050 2368 1050 2367 1050 2369 1050 2368 1049 2369 1049 2370 1049 2370 1049 2369 1049 2371 1049 2370 1048 2371 1048 2372 1048 2372 1418 2371 1418 2373 1418 2372 1419 2373 1419 2374 1419 2374 1047 2373 1047 2375 1047 2374 1046 2375 1046 2376 1046 2376 1420 2375 1420 2377 1420 2376 1421 2377 1421 2378 1421 2378 1081 2377 1081 2379 1081 2378 1080 2379 1080 2380 1080 2380 1080 2379 1080 2381 1080 2380 1079 2381 1079 2382 1079 2382 1079 2381 1079 2383 1079 2382 1078 2383 1078 2384 1078 2384 1078 2383 1078 2385 1078 2384 1077 2385 1077 2386 1077 2386 1077 2385 1077 2387 1077 2386 1076 2387 1076 2388 1076 2388 1076 2387 1076 2389 1076 2388 1075 2389 1075 2390 1075 2390 1075 2389 1075 2391 1075 2390 1074 2391 1074 2392 1074 2392 1074 2391 1074 2393 1074 2392 1073 2393 1073 2394 1073 2394 1073 2393 1073 2395 1073 2394 1072 2395 1072 2396 1072 2396 1072 2395 1072 2397 1072 2396 1071 2397 1071 2398 1071 2398 1071 2397 1071 2399 1071 2398 1070 2399 1070 2400 1070 2400 1070 2399 1070 2401 1070 2400 1069 2401 1069 2402 1069 2402 1069 2401 1069 2403 1069 2402 1066 2403 1066 2340 1066 2340 1066 2403 1066 2341 1066 2404 1064 2345 1064 2405 1064 2405 1422 2345 1422 2343 1422 2405 1423 2343 1423 2406 1423 2406 1065 2343 1065 2341 1065 2406 1066 2341 1066 2407 1066 2407 1066 2341 1066 2403 1066 2407 1069 2403 1069 2408 1069 2408 1069 2403 1069 2401 1069 2408 1070 2401 1070 2409 1070 2409 1070 2401 1070 2399 1070 2409 1071 2399 1071 2410 1071 2410 1071 2399 1071 2397 1071 2410 1072 2397 1072 2411 1072 2411 1072 2397 1072 2395 1072 2411 1073 2395 1073 2412 1073 2412 1073 2395 1073 2393 1073 2412 1074 2393 1074 2413 1074 2413 1074 2393 1074 2391 1074 2413 1075 2391 1075 2414 1075 2414 1075 2391 1075 2389 1075 2414 1076 2389 1076 2415 1076 2415 1076 2389 1076 2387 1076 2415 1077 2387 1077 2416 1077 2416 1077 2387 1077 2385 1077 2416 1078 2385 1078 2417 1078 2417 1078 2385 1078 2383 1078 2417 1079 2383 1079 2418 1079 2418 1079 2383 1079 2381 1079 2418 1080 2381 1080 2419 1080 2419 1080 2381 1080 2379 1080 2419 1081 2379 1081 2420 1081 2420 1424 2379 1424 2377 1424 2420 1425 2377 1425 2421 1425 2421 1046 2377 1046 2375 1046 2421 1047 2375 1047 2422 1047 2422 1426 2375 1426 2373 1426 2422 1427 2373 1427 2423 1427 2423 1048 2373 1048 2371 1048 2423 1049 2371 1049 2424 1049 2424 1049 2371 1049 2369 1049 2424 1050 2369 1050 2425 1050 2425 1050 2369 1050 2367 1050 2425 1051 2367 1051 2426 1051 2426 1051 2367 1051 2365 1051 2426 1052 2365 1052 2427 1052 2427 1052 2365 1052 2363 1052 2427 1053 2363 1053 2428 1053 2428 1053 2363 1053 2361 1053 2428 1054 2361 1054 2429 1054 2429 1054 2361 1054 2359 1054 2429 1055 2359 1055 2430 1055 2430 1055 2359 1055 2357 1055 2430 1056 2357 1056 2431 1056 2431 1056 2357 1056 2355 1056 2431 1057 2355 1057 2432 1057 2432 1057 2355 1057 2353 1057 2432 1058 2353 1058 2433 1058 2433 1058 2353 1058 2351 1058 2433 1059 2351 1059 2434 1059 2434 1059 2351 1059 2349 1059 2434 1060 2349 1060 2435 1060 2435 1060 2349 1060 2347 1060 2435 1063 2347 1063 2404 1063 2404 1063 2347 1063 2345 1063 2286 235 2340 235 2284 235 2284 235 2340 235 2342 235 2284 235 2342 235 2344 235 2340 235 2286 235 2402 235 2402 235 2286 235 2288 235 2402 235 2288 235 2400 235 2400 235 2288 235 2290 235 2400 235 2290 235 2398 235 2398 235 2290 235 2292 235 2398 235 2292 235 2396 235 2396 235 2292 235 2294 235 2396 235 2294 235 2394 235 2394 235 2294 235 2296 235 2394 235 2296 235 2392 235 2392 235 2296 235 2298 235 2392 235 2298 235 2390 235 2390 235 2298 235 2300 235 2390 235 2300 235 2388 235 2388 235 2300 235 2302 235 2388 235 2302 235 2386 235 2386 235 2302 235 2304 235 2386 235 2304 235 2384 235 2384 235 2304 235 2382 235 2382 235 2304 235 2306 235 2382 235 2306 235 2380 235 2380 235 2306 235 2308 235 2380 235 2308 235 2378 235 2378 235 2308 235 2310 235 2378 235 2310 235 2376 235 2376 235 2310 235 2312 235 2376 235 2312 235 2374 235 2374 235 2312 235 2314 235 2374 235 2314 235 2372 235 2372 235 2314 235 2316 235 2372 235 2316 235 2370 235 2370 235 2316 235 2318 235 2370 235 2318 235 2368 235 2368 235 2318 235 2320 235 2368 235 2320 235 2366 235 2366 235 2320 235 2322 235 2366 235 2322 235 2364 235 2364 235 2322 235 2362 235 2362 235 2322 235 2324 235 2362 235 2324 235 2360 235 2360 235 2324 235 2326 235 2360 235 2326 235 2358 235 2358 235 2326 235 2328 235 2358 235 2328 235 2356 235 2356 235 2328 235 2330 235 2356 235 2330 235 2354 235 2354 235 2330 235 2332 235 2354 235 2332 235 2352 235 2352 235 2332 235 2334 235 2352 235 2334 235 2350 235 2350 235 2334 235 2336 235 2350 235 2336 235 2348 235 2348 235 2336 235 2338 235 2348 235 2338 235 2346 235 2346 235 2338 235 2282 235 2346 235 2282 235 2344 235 2344 235 2282 235 2284 235 2436 1428 2437 1428 2438 1428 2438 1428 2437 1428 2439 1428 2438 1429 2439 1429 2440 1429 2440 1429 2439 1429 2441 1429 2440 1430 2441 1430 2442 1430 2442 1430 2441 1430 2443 1430 2442 1431 2443 1431 2444 1431 2444 1431 2443 1431 2445 1431 2444 1432 2445 1432 2446 1432 2446 1432 2445 1432 2447 1432 2446 1433 2447 1433 2448 1433 2448 1433 2447 1433 2449 1433 2448 1434 2449 1434 2450 1434 2450 1434 2449 1434 2451 1434 2450 1435 2451 1435 2452 1435 2452 1435 2451 1435 2453 1435 2452 1436 2453 1436 2454 1436 2454 1436 2453 1436 2455 1436 2454 1437 2455 1437 2456 1437 2456 1437 2455 1437 2457 1437 2456 1438 2457 1438 2458 1438 2458 1438 2457 1438 2459 1438 2458 1439 2459 1439 2460 1439 2460 1439 2459 1439 2461 1439 2460 1440 2461 1440 2462 1440 2462 1440 2461 1440 2463 1440 2462 1441 2463 1441 2464 1441 2464 1441 2463 1441 2465 1441 2464 153 2465 153 2466 153 2466 153 2465 153 2467 153 2466 1442 2467 1442 2468 1442 2468 1442 2467 1442 2469 1442 2468 1443 2469 1443 2470 1443 2470 1443 2469 1443 2471 1443 2470 1444 2471 1444 2472 1444 2472 1444 2471 1444 2473 1444 2472 1445 2473 1445 2474 1445 2474 1445 2473 1445 2475 1445 2474 1446 2475 1446 2476 1446 2476 1446 2475 1446 2477 1446 2476 1447 2477 1447 2478 1447 2478 1447 2477 1447 2479 1447 2478 1448 2479 1448 2480 1448 2480 1449 2479 1449 2481 1449 2480 1450 2481 1450 2482 1450 2482 1451 2481 1451 2483 1451 2482 1452 2483 1452 2484 1452 2484 1452 2483 1452 2485 1452 2484 1453 2485 1453 2486 1453 2486 1453 2485 1453 2487 1453 2486 1454 2487 1454 2488 1454 2488 1455 2487 1455 2489 1455 2488 1456 2489 1456 2490 1456 2490 1457 2489 1457 2491 1457 2490 1458 2491 1458 2492 1458 2492 1458 2491 1458 2493 1458 2492 1459 2493 1459 2494 1459 2494 1459 2493 1459 2495 1459 2494 1460 2495 1460 2496 1460 2496 1461 2495 1461 2497 1461 2496 1462 2497 1462 2498 1462 2498 1463 2497 1463 2499 1463 2498 1464 2499 1464 2500 1464 2500 1464 2499 1464 2501 1464 2500 1465 2501 1465 2502 1465 2502 1465 2501 1465 2503 1465 2502 1466 2503 1466 2504 1466 2504 1467 2503 1467 2505 1467 2504 1468 2505 1468 2506 1468 2506 1469 2505 1469 2507 1469 2506 1470 2507 1470 2508 1470 2508 1470 2507 1470 2509 1470 2508 1471 2509 1471 2510 1471 2510 1471 2509 1471 2511 1471 2510 1472 2511 1472 2512 1472 2512 1472 2511 1472 2513 1472 2512 1473 2513 1473 2514 1473 2514 1473 2513 1473 2515 1473 2514 1474 2515 1474 2516 1474 2516 1474 2515 1474 2517 1474 2516 1475 2517 1475 2518 1475 2518 1475 2517 1475 2519 1475 2518 254 2519 254 2520 254 2520 254 2519 254 2521 254 2520 1476 2521 1476 2522 1476 2522 1476 2521 1476 2523 1476 2522 1477 2523 1477 2524 1477 2524 1477 2523 1477 2525 1477 2524 1478 2525 1478 2526 1478 2526 1478 2525 1478 2527 1478 2526 1479 2527 1479 2528 1479 2528 1479 2527 1479 2529 1479 2528 1480 2529 1480 2530 1480 2530 1480 2529 1480 2531 1480 2530 1481 2531 1481 2532 1481 2532 1481 2531 1481 2533 1481 2532 1482 2533 1482 2534 1482 2534 1482 2533 1482 2535 1482 2534 1483 2535 1483 2536 1483 2536 1483 2535 1483 2537 1483 2536 1484 2537 1484 2538 1484 2538 1484 2537 1484 2539 1484 2538 1485 2539 1485 2540 1485 2540 1485 2539 1485 2541 1485 2540 1486 2541 1486 2542 1486 2542 1486 2541 1486 2543 1486 2542 1487 2543 1487 2436 1487 2436 1487 2543 1487 2437 1487 2544 1429 2441 1429 2545 1429 2545 1429 2441 1429 2439 1429 2545 1428 2439 1428 2546 1428 2546 1428 2439 1428 2437 1428 2546 1487 2437 1487 2547 1487 2547 1487 2437 1487 2543 1487 2547 1486 2543 1486 2548 1486 2548 1486 2543 1486 2541 1486 2548 1485 2541 1485 2549 1485 2549 1485 2541 1485 2539 1485 2549 1484 2539 1484 2550 1484 2550 1484 2539 1484 2537 1484 2550 1483 2537 1483 2551 1483 2551 1483 2537 1483 2535 1483 2551 1482 2535 1482 2552 1482 2552 1482 2535 1482 2533 1482 2552 1481 2533 1481 2553 1481 2553 1481 2533 1481 2531 1481 2553 1480 2531 1480 2554 1480 2554 1480 2531 1480 2529 1480 2554 1479 2529 1479 2555 1479 2555 1479 2529 1479 2527 1479 2555 1478 2527 1478 2556 1478 2556 1478 2527 1478 2525 1478 2556 1477 2525 1477 2557 1477 2557 1477 2525 1477 2523 1477 2557 1476 2523 1476 2558 1476 2558 1476 2523 1476 2521 1476 2558 254 2521 254 2559 254 2559 254 2521 254 2519 254 2559 1475 2519 1475 2560 1475 2560 1475 2519 1475 2517 1475 2560 1474 2517 1474 2561 1474 2561 1474 2517 1474 2515 1474 2561 1473 2515 1473 2562 1473 2562 1473 2515 1473 2513 1473 2562 1472 2513 1472 2563 1472 2563 1472 2513 1472 2511 1472 2563 1471 2511 1471 2564 1471 2564 1471 2511 1471 2509 1471 2564 1470 2509 1470 2565 1470 2565 1470 2509 1470 2507 1470 2565 1469 2507 1469 2566 1469 2566 1488 2507 1488 2505 1488 2566 1489 2505 1489 2567 1489 2567 1466 2505 1466 2503 1466 2567 1465 2503 1465 2568 1465 2568 1465 2503 1465 2501 1465 2568 1464 2501 1464 2569 1464 2569 1464 2501 1464 2499 1464 2569 1463 2499 1463 2570 1463 2570 1490 2499 1490 2497 1490 2570 1491 2497 1491 2571 1491 2571 1460 2497 1460 2495 1460 2571 1459 2495 1459 2572 1459 2572 1459 2495 1459 2493 1459 2572 1458 2493 1458 2573 1458 2573 1458 2493 1458 2491 1458 2573 1457 2491 1457 2574 1457 2574 1492 2491 1492 2489 1492 2574 1493 2489 1493 2575 1493 2575 1454 2489 1454 2487 1454 2575 1453 2487 1453 2576 1453 2576 1453 2487 1453 2485 1453 2576 1452 2485 1452 2577 1452 2577 1452 2485 1452 2483 1452 2577 1451 2483 1451 2578 1451 2578 1494 2483 1494 2481 1494 2578 1495 2481 1495 2579 1495 2579 1448 2481 1448 2479 1448 2579 1447 2479 1447 2580 1447 2580 1447 2479 1447 2477 1447 2580 1446 2477 1446 2581 1446 2581 1446 2477 1446 2475 1446 2581 1445 2475 1445 2582 1445 2582 1445 2475 1445 2473 1445 2582 1444 2473 1444 2583 1444 2583 1444 2473 1444 2471 1444 2583 1443 2471 1443 2584 1443 2584 1443 2471 1443 2469 1443 2584 1442 2469 1442 2585 1442 2585 1442 2469 1442 2467 1442 2585 153 2467 153 2586 153 2586 153 2467 153 2465 153 2586 1441 2465 1441 2587 1441 2587 1441 2465 1441 2463 1441 2587 1440 2463 1440 2588 1440 2588 1440 2463 1440 2461 1440 2588 1439 2461 1439 2589 1439 2589 1439 2461 1439 2459 1439 2589 1438 2459 1438 2590 1438 2590 1438 2459 1438 2457 1438 2590 1437 2457 1437 2591 1437 2591 1437 2457 1437 2455 1437 2591 1436 2455 1436 2592 1436 2592 1436 2455 1436 2453 1436 2592 1435 2453 1435 2593 1435 2593 1435 2453 1435 2451 1435 2593 1434 2451 1434 2594 1434 2594 1434 2451 1434 2449 1434 2594 1433 2449 1433 2595 1433 2595 1433 2449 1433 2447 1433 2595 1432 2447 1432 2596 1432 2596 1432 2447 1432 2445 1432 2596 1431 2445 1431 2597 1431 2597 1431 2445 1431 2443 1431 2597 1430 2443 1430 2544 1430 2544 1430 2443 1430 2441 1430 2406 235 2436 235 2405 235 2405 235 2436 235 2438 235 2405 235 2438 235 2440 235 2407 235 2540 235 2406 235 2406 235 2540 235 2542 235 2406 235 2542 235 2436 235 2540 235 2407 235 2538 235 2538 235 2407 235 2408 235 2538 235 2408 235 2536 235 2536 235 2408 235 2534 235 2534 235 2408 235 2409 235 2534 235 2409 235 2532 235 2532 235 2409 235 2530 235 2530 235 2409 235 2410 235 2530 235 2410 235 2528 235 2528 235 2410 235 2411 235 2528 235 2411 235 2526 235 2526 235 2411 235 2524 235 2524 235 2411 235 2412 235 2524 235 2412 235 2522 235 2522 235 2412 235 2520 235 2520 235 2412 235 2413 235 2520 235 2413 235 2518 235 2518 235 2413 235 2414 235 2518 235 2414 235 2516 235 2516 235 2414 235 2514 235 2514 235 2414 235 2415 235 2514 235 2415 235 2512 235 2512 235 2415 235 2510 235 2510 235 2415 235 2416 235 2510 235 2416 235 2508 235 2508 235 2416 235 2417 235 2508 235 2417 235 2506 235 2506 235 2417 235 2504 235 2504 235 2417 235 2418 235 2504 235 2418 235 2502 235 2502 235 2418 235 2500 235 2500 235 2418 235 2419 235 2500 235 2419 235 2498 235 2498 235 2419 235 2420 235 2498 235 2420 235 2496 235 2496 235 2420 235 2494 235 2494 235 2420 235 2421 235 2494 235 2421 235 2492 235 2492 235 2421 235 2490 235 2490 235 2421 235 2422 235 2490 235 2422 235 2488 235 2488 235 2422 235 2486 235 2486 235 2422 235 2423 235 2486 235 2423 235 2484 235 2484 235 2423 235 2424 235 2484 235 2424 235 2482 235 2482 235 2424 235 2480 235 2480 235 2424 235 2425 235 2480 235 2425 235 2478 235 2478 235 2425 235 2476 235 2476 235 2425 235 2426 235 2476 235 2426 235 2474 235 2474 235 2426 235 2427 235 2474 235 2427 235 2472 235 2472 235 2427 235 2470 235 2470 235 2427 235 2428 235 2470 235 2428 235 2468 235 2468 235 2428 235 2466 235 2466 235 2428 235 2429 235 2466 235 2429 235 2464 235 2464 235 2429 235 2430 235 2464 235 2430 235 2462 235 2462 235 2430 235 2460 235 2460 235 2430 235 2431 235 2460 235 2431 235 2458 235 2458 235 2431 235 2456 235 2456 235 2431 235 2432 235 2456 235 2432 235 2454 235 2454 235 2432 235 2433 235 2454 235 2433 235 2452 235 2452 235 2433 235 2450 235 2450 235 2433 235 2434 235 2450 235 2434 235 2448 235 2448 235 2434 235 2446 235 2446 235 2434 235 2435 235 2446 235 2435 235 2444 235 2444 235 2435 235 2404 235 2444 235 2404 235 2442 235 2442 235 2404 235 2440 235 2440 235 2404 235 2405 235 2283 0 2544 0 2285 0 2285 0 2544 0 2545 0 2285 0 2545 0 2546 0 2339 0 2596 0 2283 0 2283 0 2596 0 2597 0 2283 0 2597 0 2544 0 2337 0 2594 0 2339 0 2339 0 2594 0 2595 0 2339 0 2595 0 2596 0 2335 0 2592 0 2337 0 2337 0 2592 0 2593 0 2337 0 2593 0 2594 0 2592 0 2335 0 2591 0 2591 0 2335 0 2333 0 2591 0 2333 0 2590 0 2590 0 2333 0 2589 0 2589 0 2333 0 2331 0 2589 0 2331 0 2588 0 2588 0 2331 0 2587 0 2587 0 2331 0 2329 0 2587 0 2329 0 2586 0 2586 0 2329 0 2585 0 2585 0 2329 0 2327 0 2585 0 2327 0 2584 0 2584 0 2327 0 2583 0 2583 0 2327 0 2325 0 2583 0 2325 0 2582 0 2582 0 2325 0 2581 0 2581 0 2325 0 2323 0 2581 0 2323 0 2580 0 2580 0 2323 0 2579 0 2579 0 2323 0 2321 0 2579 0 2321 0 2578 0 2578 0 2321 0 2319 0 2578 0 2319 0 2577 0 2577 0 2319 0 2576 0 2576 0 2319 0 2317 0 2576 0 2317 0 2575 0 2575 0 2317 0 2574 0 2574 0 2317 0 2315 0 2574 0 2315 0 2573 0 2573 0 2315 0 2572 0 2572 0 2315 0 2313 0 2572 0 2313 0 2571 0 2571 0 2313 0 2570 0 2570 0 2313 0 2311 0 2570 0 2311 0 2569 0 2569 0 2311 0 2568 0 2568 0 2311 0 2309 0 2568 0 2309 0 2567 0 2567 0 2309 0 2566 0 2566 0 2309 0 2307 0 2566 0 2307 0 2565 0 2565 0 2307 0 2305 0 2565 0 2305 0 2564 0 2564 0 2305 0 2563 0 2563 0 2305 0 2303 0 2563 0 2303 0 2562 0 2562 0 2303 0 2561 0 2561 0 2303 0 2301 0 2561 0 2301 0 2560 0 2560 0 2301 0 2559 0 2559 0 2301 0 2299 0 2559 0 2299 0 2558 0 2558 0 2299 0 2557 0 2557 0 2299 0 2297 0 2557 0 2297 0 2556 0 2556 0 2297 0 2555 0 2555 0 2297 0 2295 0 2555 0 2295 0 2554 0 2554 0 2295 0 2553 0 2553 0 2295 0 2293 0 2553 0 2293 0 2552 0 2552 0 2293 0 2291 0 2552 0 2291 0 2551 0 2551 0 2291 0 2550 0 2550 0 2291 0 2289 0 2550 0 2289 0 2549 0 2549 0 2289 0 2548 0 2548 0 2289 0 2287 0 2548 0 2287 0 2547 0 2547 0 2287 0 2546 0 2546 0 2287 0 2285 0</p>
        </triangles>
        <triangles count="1" material="mat_1">
          <input semantic="VERTEX" source="#vert_0" offset="0"/>
          <input semantic="NORMAL" source="#norm_0" offset="1"/>
          <p>0 0 1 0 2 0</p>
        </triangles>
        <triangles count="3544" material="mat_2">
          <input semantic="VERTEX" source="#vert_0" offset="0"/>
          <input semantic="NORMAL" source="#norm_0" offset="1"/>
          <p>2 0 1 0 3 0 2 0 3 0 4 0 4 0 3 0 5 0 4 0 5 0 6 0 6 0 5 0 7 0 6 0 7 0 8 0 8 0 7 0 9 0 10 1 11 1 12 1 12 2 11 2 13 2 12 3 13 3 14 3 14 4 13 4 15 4 14 5 15 5 16 5 16 6 15 6 17 6 16 7 17 7 18 7 18 8 17 8 19 8 18 9 19 9 20 9 20 10 19 10 21 10 20 11 21 11 22 11 22 12 21 12 23 12 22 13 23 13 24 13 24 14 23 14 25 14 24 15 25 15 26 15 26 16 25 16 27 16 26 17 27 17 28 17 28 18 27 18 29 18 28 19 29 19 30 19 30 20 29 20 31 20 30 21 31 21 32 21 32 22 31 22 33 22 32 23 33 23 34 23 34 24 33 24 35 24 34 25 35 25 36 25 36 26 35 26 37 26 36 27 37 27 38 27 38 28 37 28 39 28 38 29 39 29 40 29 40 30 39 30 41 30 40 31 41 31 42 31 42 32 41 32 43 32 42 33 43 33 44 33 44 34 43 34 45 34 44 35 45 35 46 35 46 36 45 36 47 36 46 37 47 37 48 37 48 38 47 38 49 38 48 39 49 39 50 39 50 40 49 40 51 40 50 41 51 41 52 41 52 42 51 42 53 42 52 43 53 43 54 43 54 44 53 44 55 44 54 45 55 45 56 45 56 46 55 46 0 46 56 47 0 47 57 47 57 48 0 48 2 48 57 49 2 49 58 49 58 50 2 50 4 50 58 51 4 51 59 51 59 52 4 52 6 52 59 53 6 53 60 53 60 54 6 54 8 54 60 55 8 55 61 55 61 56 8 56 9 56 61 57 9 57 62 57 62 58 9 58 7 58 62 59 7 59 63 59 63 60 7 60 5 60 63 61 5 61 64 61 64 62 5 62 3 62 64 63 3 63 65 63 65 64 3 64 1 64 65 65 1 65 66 65 66 66 1 66 67 66 66 67 67 67 68 67 68 68 67 68 69 68 68 69 69 69 70 69 70 70 69 70 71 70 70 71 71 71 10 71 10 72 71 72 11 72 72 73 73 73 74 73 74 73 73 73 75 73 74 74 75 74 76 74 76 74 75 74 77 74 76 75 77 75 78 75 78 75 77 75 79 75 78 76 79 76 80 76 80 76 79 76 81 76 80 77 81 77 82 77 82 77 81 77 83 77 82 78 83 78 84 78 84 78 83 78 85 78 84 79 85 79 86 79 86 79 85 79 87 79 86 80 87 80 88 80 88 80 87 80 89 80 88 81 89 81 90 81 90 81 89 81 91 81 90 82 91 82 92 82 92 82 91 82 93 82 92 83 93 83 94 83 94 83 93 83 95 83 94 84 95 84 96 84 96 84 95 84 97 84 96 85 97 85 98 85 98 85 97 85 99 85 98 86 99 86 100 86 100 86 99 86 101 86 100 87 101 87 102 87 102 87 101 87 103 87 102 88 103 88 104 88 104 88 103 88 105 88 104 89 105 89 106 89 106 89 105 89 107 89 106 90 107 90 108 90 108 90 107 90 109 90 108 91 109 91 110 91 110 91 109 91 111 91 110 92 111 92 112 92 112 92 111 92 113 92 112 93 113 93 114 93 114 93 113 93 115 93 114 94 115 94 116 94 116 94 115 94 117 94 116 95 117 95 118 95 118 95 117 95 119 95 118 96 119 96 120 96 120 96 119 96 121 96 120 97 121 97 122 97 122 97 121 97 123 97 122 98 123 98 124 98 124 98 123 98 125 98 124 99 125 99 72 99 72 99 125 99 73 99 126 73 127 73 128 73 128 73 127 73 129 73 128 74 129 74 130 74 130 74 129 74 131 74 130 75 131 75 132 75 132 75 131 75 133 75 132 76 133 76 134 76 134 76 133 76 135 76 134 77 135 77 136 77 136 77 135 77 137 77 136 78 137 78 138 78 138 78 137 78 139 78 138 79 139 79 140 79 140 79 139 79 141 79 140 80 141 80 142 80 142 80 141 80 143 80 142 81 143 81 144 81 144 81 143 81 145 81 144 82 145 82 146 82 146 82 145 82 147 82 146 83 147 83 148 83 148 83 147 83 149 83 148 84 149 84 150 84 150 84 149 84 151 84 150 85 151 85 152 85 152 85 151 85 153 85 152 86 153 86 154 86 154 86 153 86 155 86 154 87 155 87 156 87 156 87 155 87 157 87 156 88 157 88 158 88 158 88 157 88 159 88 158 89 159 89 160 89 160 89 159 89 161 89 160 90 161 90 162 90 162 90 161 90 163 90 162 91 163 91 164 91 164 91 163 91 165 91 164 92 165 92 166 92 166 92 165 92 167 92 166 93 167 93 168 93 168 93 167 93 169 93 168 94 169 94 170 94 170 94 169 94 171 94 170 95 171 95 172 95 172 95 171 95 173 95 172 96 173 96 174 96 174 96 173 96 175 96 174 97 175 97 176 97 176 97 175 97 177 97 176 98 177 98 178 98 178 98 177 98 179 98 178 99 179 99 126 99 126 99 179 99 127 99 180 73 181 73 182 73 182 73 181 73 183 73 182 74 183 74 184 74 184 74 183 74 185 74 184 75 185 75 186 75 186 75 185 75 187 75 186 76 187 76 188 76 188 76 187 76 189 76 188 77 189 77 190 77 190 77 189 77 191 77 190 78 191 78 192 78 192 78 191 78 193 78 192 79 193 79 194 79 194 79 193 79 195 79 194 80 195 80 196 80 196 80 195 80 197 80 196 81 197 81 198 81 198 81 197 81 199 81 198 82 199 82 200 82 200 82 199 82 201 82 200 83 201 83 202 83 202 83 201 83 203 83 202 84 203 84 204 84 204 84 203 84 205 84 204 85 205 85 206 85 206 85 205 85 207 85 206 86 207 86 208 86 208 86 207 86 209 86 208 87 209 87 210 87 210 87 209 87 211 87 210 88 211 88 212 88 212 88 211 88 213 88 212 89 213 89 214 89 214 89 213 89 215 89 214 90 215 90 216 90 216 90 215 90 217 90 216 91 217 91 218 91 218 91 217 91 219 91 218 92 219 92 220 92 220 92 219 92 221 92 220 93 221 93 222 93 222 93 221 93 223 93 222 94 223 94 224 94 224 94 223 94 225 94 224 95 225 95 226 95 226 95 225 95 227 95 226 96 227 96 228 96 228 96 227 96 229 96 228 97 229 97 230 97 230 97 229 97 231 97 230 98 231 98 232 98 232 98 231 98 233 98 232 99 233 99 180 99 180 99 233 99 181 99 234 73 235 73 236 73 236 73 235 73 237 73 236 74 237 74 238 74 238 74 237 74 239 74 238 75 239 75 240 75 240 75 239 75 241 75 240 76 241 76 242 76 242 76 241 76 243 76 242 77 243 77 244 77 244 77 243 77 245 77 244 78 245 78 246 78 246 78 245 78 247 78 246 79 247 79 248 79 248 79 247 79 249 79 248 80 249 80 250 80 250 80 249 80 251 80 250 81 251 81 252 81 252 81 251 81 253 81 252 82 253 82 254 82 254 82 253 82 255 82 254 83 255 83 256 83 256 83 255 83 257 83 256 84 257 84 258 84 258 84 257 84 259 84 258 85 259 85 260 85 260 85 259 85 261 85 260 86 261 86 262 86 262 86 261 86 263 86 262 87 263 87 264 87 264 87 263 87 265 87 264 88 265 88 266 88 266 88 265 88 267 88 266 89 267 89 268 89 268 89 267 89 269 89 268 90 269 90 270 90 270 90 269 90 271 90 270 91 271 91 272 91 272 91 271 91 273 91 272 92 273 92 274 92 274 92 273 92 275 92 274 93 275 93 276 93 276 93 275 93 277 93 276 94 277 94 278 94 278 94 277 94 279 94 278 95 279 95 280 95 280 95 279 95 281 95 280 96 281 96 282 96 282 96 281 96 283 96 282 97 283 97 284 97 284 97 283 97 285 97 284 98 285 98 286 98 286 98 285 98 287 98 286 99 287 99 234 99 234 99 287 99 235 99 288 0 289 0 290 0 290 0 289 0 291 0 291 0 289 0 292 0 291 0 292 0 293 0 293 0 292 0 294 0 293 0 294 0 295 0 295 0 294 0 296 0 295 0 296 0 297 0 297 0 296 0 298 0 297 0 298 0 299 0 299 0 298 0 300 0 299 0 300 0 301 0 301 0 300 0 302 0 301 0 302 0 303 0 303 0 302 0 304 0 303 0 304 0 305 0 305 0 304 0 306 0 306 0 304 0 307 0 307 0 304 0 308 0 308 0 304 0 309 0 309 0 304 0 310 0 309 0 310 0 311 0 311 0 310 0 312 0 312 0 310 0 313 0 313 0 310 0 314 0 314 0 310 0 315 0 315 0 310 0 316 0 315 0 316 0 317 0 317 0 316 0 318 0 317 0 318 0 319 0 319 0 318 0 320 0 319 0 320 0 321 0 321 0 320 0 322 0 321 0 322 0 323 0 323 0 322 0 324 0 323 0 324 0 325 0 325 0 324 0 326 0 325 0 326 0 327 0 327 0 326 0 328 0 327 0 328 0 329 0 329 0 328 0 330 0 331 100 290 100 332 100 332 101 290 101 291 101 332 102 291 102 293 102 332 103 293 103 333 103 333 104 293 104 295 104 333 105 295 105 334 105 334 106 295 106 297 106 334 106 297 106 335 106 335 107 297 107 299 107 335 108 299 108 336 108 336 109 299 109 301 109 336 110 301 110 337 110 337 111 301 111 303 111 337 112 303 112 338 112 338 113 303 113 305 113 338 114 305 114 339 114 339 115 305 115 306 115 339 116 306 116 340 116 340 117 306 117 307 117 340 118 307 118 341 118 341 119 307 119 308 119 341 120 308 120 342 120 342 121 308 121 309 121 342 122 309 122 343 122 343 123 309 123 311 123 343 124 311 124 344 124 344 125 311 125 312 125 344 126 312 126 345 126 345 127 312 127 313 127 345 128 313 128 346 128 346 129 313 129 314 129 346 130 314 130 347 130 347 131 314 131 315 131 347 132 315 132 348 132 348 133 315 133 317 133 348 134 317 134 349 134 349 135 317 135 319 135 349 135 319 135 350 135 350 136 319 136 321 136 350 137 321 137 351 137 351 138 321 138 323 138 351 139 323 139 352 139 352 140 323 140 325 140 352 140 325 140 353 140 353 141 325 141 327 141 353 142 327 142 354 142 354 143 327 143 355 143 355 144 327 144 329 144 331 0 332 0 356 0 356 0 332 0 333 0 356 0 333 0 334 0 334 0 335 0 356 0 356 0 335 0 357 0 356 0 357 0 358 0 335 0 336 0 357 0 357 0 336 0 359 0 359 0 336 0 337 0 359 0 337 0 338 0 359 0 338 0 360 0 360 0 338 0 339 0 360 0 339 0 361 0 361 0 339 0 340 0 361 0 340 0 362 0 362 0 340 0 341 0 362 0 341 0 363 0 363 0 341 0 364 0 364 0 341 0 342 0 364 0 342 0 365 0 365 0 342 0 343 0 365 0 343 0 366 0 366 0 343 0 367 0 366 0 367 0 368 0 368 0 367 0 369 0 368 0 369 0 370 0 370 0 369 0 371 0 370 0 371 0 372 0 372 0 371 0 373 0 372 0 373 0 374 0 374 0 373 0 375 0 374 0 375 0 376 0 376 0 375 0 377 0 377 0 375 0 378 0 377 0 378 0 379 0 367 0 343 0 380 0 380 0 343 0 344 0 380 0 344 0 381 0 381 0 344 0 345 0 381 0 345 0 382 0 382 0 345 0 383 0 383 0 345 0 346 0 383 0 346 0 384 0 384 0 346 0 347 0 384 0 347 0 385 0 385 0 347 0 348 0 385 0 348 0 386 0 386 0 348 0 349 0 386 0 349 0 350 0 386 0 350 0 387 0 387 0 350 0 351 0 387 0 351 0 388 0 388 0 351 0 352 0 388 0 352 0 353 0 353 0 354 0 388 0 388 0 354 0 355 0 377 0 389 0 388 0 388 0 389 0 390 0 388 0 390 0 391 0 356 0 392 0 376 0 376 0 392 0 393 0 376 0 393 0 394 0 358 0 395 0 356 0 356 0 395 0 396 0 356 0 396 0 392 0 394 0 397 0 376 0 376 0 397 0 398 0 376 0 398 0 399 0 399 0 400 0 376 0 376 0 400 0 401 0 376 0 401 0 374 0 402 0 403 0 377 0 377 0 403 0 389 0 391 0 404 0 388 0 388 0 404 0 387 0 379 0 405 0 377 0 377 0 405 0 406 0 377 0 406 0 407 0 407 0 402 0 377 0 288 145 408 145 289 145 289 145 408 145 409 145 289 146 409 146 292 146 292 146 409 146 410 146 292 147 410 147 294 147 294 147 410 147 411 147 294 148 411 148 296 148 296 148 411 148 412 148 296 149 412 149 298 149 298 149 412 149 413 149 298 150 413 150 300 150 300 150 413 150 414 150 300 151 414 151 302 151 302 151 414 151 415 151 302 152 415 152 304 152 304 152 415 152 416 152 304 153 416 153 310 153 310 153 416 153 417 153 310 154 417 154 316 154 316 154 417 154 418 154 316 155 418 155 318 155 318 155 418 155 419 155 318 156 419 156 320 156 320 156 419 156 420 156 320 157 420 157 322 157 322 157 420 157 421 157 322 158 421 158 324 158 324 158 421 158 422 158 324 159 422 159 326 159 326 159 422 159 423 159 326 160 423 160 328 160 328 160 423 160 424 160 328 161 424 161 330 161 330 161 424 161 425 161 73 153 426 153 75 153 75 153 426 153 427 153 75 153 427 153 77 153 77 153 427 153 79 153 79 153 427 153 81 153 81 153 427 153 83 153 83 153 427 153 428 153 83 153 428 153 85 153 85 153 428 153 87 153 87 153 428 153 89 153 89 153 428 153 91 153 91 153 428 153 93 153 93 153 428 153 95 153 95 153 428 153 388 153 95 153 388 153 97 153 97 153 388 153 99 153 99 153 388 153 429 153 99 153 429 153 101 153 101 153 429 153 430 153 101 153 430 153 103 153 103 153 430 153 105 153 105 153 430 153 107 153 107 153 430 153 109 153 109 153 430 153 111 153 111 153 430 153 113 153 113 153 430 153 115 153 115 153 430 153 426 153 115 153 426 153 117 153 117 153 426 153 119 153 119 153 426 153 121 153 121 153 426 153 123 153 123 153 426 153 125 153 125 153 426 153 73 153 127 153 431 153 129 153 129 153 431 153 432 153 129 153 432 153 131 153 131 153 432 153 356 153 131 153 356 153 133 153 133 153 356 153 135 153 135 153 356 153 433 153 135 153 433 153 137 153 137 153 433 153 139 153 139 153 433 153 141 153 141 153 433 153 143 153 143 153 433 153 145 153 145 153 433 153 147 153 147 153 433 153 149 153 149 153 433 153 434 153 149 153 434 153 151 153 151 153 434 153 153 153 153 153 434 153 155 153 155 153 434 153 435 153 155 153 435 153 157 153 157 153 435 153 159 153 159 153 435 153 161 153 161 153 435 153 163 153 163 153 435 153 165 153 165 153 435 153 167 153 167 153 435 153 169 153 169 153 435 153 431 153 169 153 431 153 171 153 171 153 431 153 173 153 173 153 431 153 175 153 175 153 431 153 177 153 177 153 431 153 179 153 179 153 431 153 127 153 181 153 436 153 183 153 183 153 436 153 437 153 183 153 437 153 185 153 185 153 437 153 187 153 187 153 437 153 189 153 189 153 437 153 191 153 191 153 437 153 193 153 193 153 437 153 195 153 195 153 437 153 197 153 197 153 437 153 438 153 197 153 438 153 199 153 199 153 438 153 201 153 201 153 438 153 203 153 203 153 438 153 205 153 205 153 438 153 207 153 207 153 438 153 209 153 209 153 438 153 211 153 211 153 438 153 439 153 211 153 439 153 213 153 213 153 439 153 215 153 215 153 439 153 217 153 217 153 439 153 219 153 219 153 439 153 221 153 221 153 439 153 223 153 223 153 439 153 436 153 223 153 436 153 225 153 225 153 436 153 227 153 227 153 436 153 229 153 229 153 436 153 231 153 231 153 436 153 233 153 233 153 436 153 181 153 235 153 440 153 237 153 237 153 440 153 441 153 237 153 441 153 239 153 239 153 441 153 241 153 241 153 441 153 243 153 243 153 441 153 245 153 245 153 441 153 247 153 247 153 441 153 249 153 249 153 441 153 251 153 251 153 441 153 442 153 251 153 442 153 253 153 253 153 442 153 255 153 255 153 442 153 257 153 257 153 442 153 259 153 259 153 442 153 261 153 261 153 442 153 263 153 263 153 442 153 443 153 263 153 443 153 265 153 265 153 443 153 267 153 267 153 443 153 269 153 269 153 443 153 271 153 271 153 443 153 273 153 273 153 443 153 275 153 275 153 443 153 277 153 277 153 443 153 440 153 277 153 440 153 279 153 279 153 440 153 281 153 281 153 440 153 283 153 283 153 440 153 285 153 285 153 440 153 287 153 287 153 440 153 235 153 331 153 432 153 290 153 290 153 432 153 408 153 290 153 408 153 288 153 331 153 356 153 432 153 433 153 356 153 444 153 444 153 356 153 445 153 444 153 445 153 446 153 444 153 446 153 447 153 447 153 446 153 388 153 447 153 388 153 428 153 388 162 355 162 429 162 429 163 355 163 329 163 429 164 329 164 425 164 425 165 329 165 330 165 429 153 448 153 430 153 430 153 448 153 438 153 438 153 448 153 439 153 449 166 450 166 448 166 448 167 450 167 451 167 448 153 451 153 439 153 432 153 431 153 452 153 452 153 431 153 441 153 452 153 441 153 440 153 440 153 453 153 452 153 452 153 453 153 454 153 452 153 454 153 455 153 402 168 456 168 403 168 403 169 456 169 457 169 403 170 457 170 389 170 389 171 457 171 458 171 389 172 458 172 390 172 390 173 458 173 459 173 390 174 459 174 391 174 391 175 459 175 460 175 391 176 460 176 404 176 404 177 460 177 461 177 404 178 461 178 387 178 387 179 461 179 462 179 387 180 462 180 386 180 386 180 462 180 463 180 386 181 463 181 385 181 385 182 463 182 464 182 385 183 464 183 384 183 384 184 464 184 465 184 384 185 465 185 383 185 383 186 465 186 466 186 383 187 466 187 382 187 382 188 466 188 467 188 382 189 467 189 381 189 381 190 467 190 468 190 381 191 468 191 380 191 380 191 468 191 469 191 380 192 469 192 367 192 367 192 469 192 470 192 367 193 470 193 369 193 369 194 470 194 471 194 369 195 471 195 371 195 371 196 471 196 472 196 371 197 472 197 373 197 373 198 472 198 473 198 373 199 473 199 375 199 375 200 473 200 474 200 375 201 474 201 378 201 378 202 474 202 475 202 378 203 475 203 379 203 379 203 475 203 476 203 379 204 476 204 405 204 405 205 476 205 477 205 405 206 477 206 406 206 406 207 477 207 478 207 406 208 478 208 407 208 407 209 478 209 479 209 407 210 479 210 402 210 402 211 479 211 456 211 366 212 480 212 365 212 365 169 480 169 481 169 365 170 481 170 364 170 364 213 481 213 482 213 364 173 482 173 363 173 363 214 482 214 483 214 363 215 483 215 362 215 362 175 483 175 484 175 362 176 484 176 361 176 361 216 484 216 485 216 361 217 485 217 360 217 360 179 485 179 486 179 360 180 486 180 359 180 359 180 486 180 487 180 359 181 487 181 357 181 357 218 487 218 488 218 357 219 488 219 358 219 358 220 488 220 489 220 358 221 489 221 395 221 395 186 489 186 490 186 395 187 490 187 396 187 396 222 490 222 491 222 396 223 491 223 392 223 392 190 491 190 492 190 392 191 492 191 393 191 393 191 492 191 493 191 393 192 493 192 394 192 394 192 493 192 494 192 394 193 494 193 397 193 397 224 494 224 495 224 397 225 495 225 398 225 398 196 495 196 496 196 398 197 496 197 399 197 399 226 496 226 497 226 399 227 497 227 400 227 400 228 497 228 498 228 400 229 498 229 401 229 401 202 498 202 499 202 401 203 499 203 374 203 374 203 499 203 500 203 374 204 500 204 372 204 372 230 500 230 501 230 372 231 501 231 370 231 370 207 501 207 502 207 370 208 502 208 368 208 368 232 502 232 503 232 368 233 503 233 366 233 366 210 503 210 480 210 377 234 388 234 504 234 504 234 388 234 446 234 356 87 376 87 445 87 445 87 376 87 505 87 505 153 376 153 0 153 0 153 376 153 377 153 0 153 377 153 1 153 1 153 377 153 504 153 0 235 55 235 505 235 505 235 55 235 53 235 505 235 53 235 51 235 51 235 49 235 505 235 505 235 49 235 47 235 505 235 47 235 45 235 45 235 43 235 505 235 505 235 43 235 41 235 505 235 41 235 445 235 445 235 41 235 39 235 445 235 39 235 37 235 37 235 35 235 445 235 445 235 35 235 33 235 445 235 33 235 31 235 31 235 29 235 445 235 445 235 29 235 446 235 446 235 29 235 27 235 446 235 27 235 25 235 25 235 23 235 446 235 446 235 23 235 21 235 446 235 21 235 19 235 446 235 19 235 504 235 504 235 19 235 17 235 504 235 17 235 15 235 15 235 13 235 504 235 504 235 13 235 11 235 504 235 11 235 71 235 71 235 69 235 504 235 504 235 69 235 67 235 504 235 67 235 1 235 455 0 506 0 452 0 452 0 506 0 507 0 452 0 507 0 508 0 508 0 509 0 452 0 452 0 509 0 510 0 452 0 510 0 511 0 511 0 510 0 512 0 511 0 512 0 513 0 513 0 514 0 511 0 511 0 514 0 515 0 511 0 515 0 516 0 516 0 515 0 517 0 516 0 517 0 518 0 518 0 519 0 516 0 516 0 519 0 520 0 516 0 520 0 448 0 448 0 520 0 521 0 448 0 521 0 522 0 522 0 523 0 448 0 448 0 523 0 524 0 448 0 524 0 449 0 516 234 448 234 525 234 525 234 448 234 429 234 452 87 511 87 432 87 432 87 511 87 526 87 511 153 516 153 526 153 526 153 516 153 525 153 425 235 424 235 429 235 429 235 424 235 423 235 429 235 423 235 422 235 422 235 421 235 429 235 429 235 421 235 463 235 429 235 463 235 462 235 421 235 420 235 463 235 463 235 420 235 464 235 464 235 420 235 419 235 464 235 419 235 418 235 464 235 418 235 465 235 465 235 418 235 417 235 465 235 417 235 466 235 466 235 417 235 467 235 467 235 417 235 416 235 467 235 416 235 483 235 483 235 416 235 484 235 484 235 416 235 485 235 485 235 416 235 415 235 485 235 415 235 486 235 486 235 415 235 414 235 486 235 414 235 413 235 486 235 413 235 487 235 487 235 413 235 412 235 487 235 412 235 432 235 432 235 412 235 411 235 432 235 411 235 410 235 410 235 409 235 432 235 432 235 409 235 408 235 526 235 492 235 432 235 432 235 492 235 491 235 432 235 491 235 490 235 525 235 500 235 526 235 526 235 500 235 499 235 526 235 499 235 498 235 429 235 458 235 525 235 525 235 458 235 457 235 525 235 457 235 456 235 456 235 479 235 525 235 525 235 479 235 478 235 525 235 478 235 477 235 477 235 476 235 525 235 525 235 476 235 475 235 525 235 475 235 474 235 473 235 501 235 474 235 474 235 501 235 500 235 474 235 500 235 525 235 501 235 473 235 502 235 502 235 473 235 472 235 502 235 472 235 503 235 503 235 472 235 471 235 503 235 471 235 480 235 480 235 471 235 470 235 480 235 470 235 481 235 481 235 470 235 469 235 481 235 469 235 482 235 482 235 469 235 468 235 482 235 468 235 483 235 483 235 468 235 467 235 462 235 461 235 429 235 429 235 461 235 460 235 429 235 460 235 459 235 459 235 458 235 429 235 498 235 497 235 526 235 526 235 497 235 496 235 526 235 496 235 495 235 495 235 494 235 526 235 526 235 494 235 493 235 526 235 493 235 492 235 490 235 489 235 432 235 432 235 489 235 488 235 432 235 488 235 487 235 455 236 454 236 506 236 506 236 454 236 527 236 506 237 527 237 507 237 507 237 527 237 528 237 507 238 528 238 508 238 508 238 528 238 529 238 508 239 529 239 509 239 509 239 529 239 530 239 509 240 530 240 510 240 510 240 530 240 531 240 510 241 531 241 512 241 512 241 531 241 532 241 512 242 532 242 513 242 513 242 532 242 533 242 513 243 533 243 514 243 514 243 533 243 534 243 514 244 534 244 515 244 515 244 534 244 535 244 515 245 535 245 517 245 517 245 535 245 536 245 517 246 536 246 518 246 518 246 536 246 537 246 518 247 537 247 519 247 519 247 537 247 538 247 519 248 538 248 520 248 520 248 538 248 539 248 520 249 539 249 521 249 521 249 539 249 540 249 521 250 540 250 522 250 522 250 540 250 541 250 522 251 541 251 523 251 523 251 541 251 542 251 523 252 542 252 524 252 524 252 542 252 543 252 524 253 543 253 449 253 449 253 543 253 450 253 126 254 128 254 544 254 544 254 128 254 130 254 544 254 130 254 132 254 132 254 134 254 544 254 544 254 134 254 136 254 544 254 136 254 138 254 544 254 138 254 545 254 545 254 138 254 140 254 545 254 140 254 142 254 142 254 144 254 545 254 545 254 144 254 546 254 546 254 144 254 146 254 546 254 146 254 547 254 547 254 146 254 148 254 547 254 148 254 150 254 150 254 152 254 547 254 547 254 152 254 154 254 547 254 154 254 548 254 548 254 154 254 156 254 548 254 156 254 158 254 158 254 160 254 548 254 548 254 160 254 162 254 548 254 162 254 164 254 164 254 166 254 548 254 548 254 166 254 168 254 548 254 168 254 549 254 549 254 168 254 170 254 549 254 170 254 172 254 172 254 174 254 549 254 549 254 174 254 176 254 549 254 176 254 178 254 178 254 126 254 549 254 549 254 126 254 544 254 548 234 435 234 547 234 547 234 435 234 434 234 546 0 547 0 433 0 433 0 547 0 434 0 548 235 549 235 435 235 435 235 549 235 431 235 431 234 549 234 441 234 441 234 549 234 550 234 550 234 549 234 551 234 550 234 551 234 552 234 549 234 544 234 551 234 550 234 552 234 553 234 553 234 552 234 453 234 553 234 453 234 440 234 76 254 554 254 74 254 74 254 554 254 555 254 74 254 555 254 72 254 72 254 555 254 124 254 124 254 555 254 122 254 122 254 555 254 120 254 120 254 555 254 118 254 118 254 555 254 116 254 116 254 555 254 114 254 114 254 555 254 556 254 114 254 556 254 112 254 112 254 556 254 110 254 110 254 556 254 108 254 108 254 556 254 106 254 106 254 556 254 104 254 104 254 556 254 102 254 102 255 556 255 557 255 102 256 557 256 100 256 100 257 557 257 98 257 98 258 557 258 96 258 96 259 557 259 94 259 94 260 557 260 92 260 92 261 557 261 90 261 90 262 557 262 558 262 90 263 558 263 88 263 88 264 558 264 86 264 86 265 558 265 559 265 86 254 559 254 84 254 84 254 559 254 82 254 82 254 559 254 554 254 82 254 554 254 80 254 80 254 554 254 78 254 78 254 554 254 76 254 428 0 427 0 559 0 559 0 427 0 554 0 426 87 555 87 427 87 427 87 555 87 554 87 556 235 555 235 430 235 430 235 555 235 426 235 544 235 545 235 551 235 551 235 545 235 560 235 551 235 560 235 561 235 551 235 561 235 562 235 562 235 561 235 558 235 562 235 558 235 557 235 563 234 443 234 564 234 564 234 443 234 442 234 238 254 550 254 236 254 236 254 550 254 553 254 236 254 553 254 234 254 234 254 553 254 286 254 286 254 553 254 284 254 284 254 553 254 282 254 282 254 553 254 280 254 280 254 553 254 278 254 278 254 553 254 276 254 276 254 553 254 563 254 276 254 563 254 274 254 274 254 563 254 272 254 272 254 563 254 270 254 270 254 563 254 268 254 268 254 563 254 266 254 266 254 563 254 264 254 264 254 563 254 262 254 262 254 563 254 564 254 262 254 564 254 260 254 260 254 564 254 258 254 258 254 564 254 256 254 256 254 564 254 254 254 254 254 564 254 252 254 252 254 564 254 250 254 250 254 564 254 550 254 250 254 550 254 248 254 248 254 550 254 246 254 246 254 550 254 244 254 244 254 550 254 242 254 242 254 550 254 240 254 240 254 550 254 238 254 550 0 564 0 441 0 441 0 564 0 442 0 563 235 553 235 443 235 443 235 553 235 440 235 184 254 565 254 182 254 182 254 565 254 566 254 182 254 566 254 180 254 180 254 566 254 232 254 232 254 566 254 230 254 230 254 566 254 228 254 228 254 566 254 226 254 226 254 566 254 224 254 224 254 566 254 222 254 222 254 566 254 567 254 222 254 567 254 220 254 220 254 567 254 218 254 218 254 567 254 216 254 216 254 567 254 214 254 214 254 567 254 212 254 212 254 567 254 210 254 210 254 567 254 208 254 208 254 567 254 568 254 208 254 568 254 206 254 206 254 568 254 204 254 204 254 568 254 202 254 202 254 568 254 200 254 200 254 568 254 198 254 198 254 568 254 196 254 196 254 568 254 565 254 196 254 565 254 194 254 194 254 565 254 192 254 192 254 565 254 190 254 190 254 565 254 188 254 188 254 565 254 186 254 186 254 565 254 184 254 436 87 566 87 437 87 437 87 566 87 565 87 438 0 437 0 568 0 568 0 437 0 565 0 567 235 566 235 439 235 439 235 566 235 436 235 430 87 568 87 556 87 556 87 568 87 562 87 556 87 562 87 557 87 430 87 438 87 568 87 562 87 568 87 569 87 569 87 568 87 567 87 569 87 567 87 451 87 451 87 567 87 439 87 558 87 561 87 559 87 559 87 561 87 570 87 559 87 570 87 447 87 447 87 428 87 559 87 433 234 444 234 546 234 546 234 444 234 571 234 546 234 571 234 560 234 560 234 545 234 546 234 561 254 560 254 570 254 570 254 560 254 571 254 10 0 12 0 570 0 570 0 12 0 14 0 570 0 14 0 447 0 447 0 14 0 16 0 447 0 16 0 18 0 18 0 20 0 447 0 447 0 20 0 22 0 447 0 22 0 24 0 24 0 26 0 447 0 447 0 26 0 28 0 447 0 28 0 30 0 447 0 30 0 444 0 444 0 30 0 32 0 444 0 32 0 34 0 34 0 36 0 444 0 444 0 36 0 38 0 444 0 38 0 40 0 40 0 42 0 444 0 444 0 42 0 44 0 444 0 44 0 46 0 444 0 46 0 571 0 571 0 46 0 48 0 571 0 48 0 50 0 50 0 52 0 571 0 571 0 52 0 54 0 571 0 54 0 56 0 56 0 57 0 571 0 571 0 57 0 58 0 571 0 58 0 59 0 59 0 60 0 571 0 571 0 60 0 61 0 571 0 61 0 570 0 570 0 61 0 62 0 570 0 62 0 63 0 63 0 64 0 570 0 570 0 64 0 65 0 570 0 65 0 66 0 66 0 68 0 570 0 570 0 68 0 70 0 570 0 70 0 10 0 569 254 552 254 562 254 562 254 552 254 551 254 450 235 543 235 451 235 451 235 543 235 542 235 451 235 542 235 541 235 541 235 540 235 451 235 451 235 540 235 539 235 451 235 539 235 538 235 451 235 538 235 569 235 569 235 538 235 537 235 569 235 537 235 536 235 536 235 535 235 569 235 569 235 535 235 552 235 552 235 535 235 534 235 552 235 534 235 533 235 533 235 532 235 552 235 552 235 532 235 453 235 453 235 532 235 531 235 453 235 531 235 530 235 530 235 529 235 453 235 453 235 529 235 528 235 453 235 528 235 527 235 527 235 454 235 453 235 572 0 573 0 574 0 574 0 573 0 575 0 574 0 575 0 576 0 576 0 575 0 577 0 576 0 577 0 578 0 578 0 577 0 579 0 578 0 579 0 580 0 580 0 579 0 581 0 582 266 583 266 584 266 584 267 583 267 585 267 584 268 585 268 586 268 586 269 585 269 587 269 586 270 587 270 588 270 588 271 587 271 589 271 588 272 589 272 590 272 590 273 589 273 591 273 590 274 591 274 592 274 592 275 591 275 572 275 592 276 572 276 593 276 593 277 572 277 574 277 593 278 574 278 594 278 594 279 574 279 576 279 594 280 576 280 595 280 595 281 576 281 578 281 595 282 578 282 596 282 596 283 578 283 580 283 596 284 580 284 597 284 597 285 580 285 581 285 597 286 581 286 598 286 598 287 581 287 579 287 598 288 579 288 599 288 599 289 579 289 577 289 599 290 577 290 600 290 600 291 577 291 575 291 600 292 575 292 601 292 601 293 575 293 573 293 601 294 573 294 602 294 602 295 573 295 603 295 602 296 603 296 604 296 604 297 603 297 605 297 604 298 605 298 606 298 606 299 605 299 607 299 606 300 607 300 608 300 608 301 607 301 609 301 608 302 609 302 610 302 610 303 609 303 611 303 610 304 611 304 612 304 612 305 611 305 613 305 612 306 613 306 614 306 614 307 613 307 615 307 614 308 615 308 616 308 616 309 615 309 617 309 616 310 617 310 618 310 618 311 617 311 619 311 618 312 619 312 620 312 620 313 619 313 621 313 620 314 621 314 622 314 622 315 621 315 623 315 622 316 623 316 624 316 624 317 623 317 625 317 624 318 625 318 626 318 626 319 625 319 627 319 626 320 627 320 628 320 628 321 627 321 629 321 628 322 629 322 630 322 630 323 629 323 631 323 630 324 631 324 632 324 632 325 631 325 633 325 632 326 633 326 634 326 634 327 633 327 635 327 634 328 635 328 636 328 636 329 635 329 637 329 636 330 637 330 638 330 638 331 637 331 639 331 638 332 639 332 640 332 640 333 639 333 641 333 640 334 641 334 642 334 642 335 641 335 643 335 642 336 643 336 582 336 582 337 643 337 583 337 644 74 77 74 645 74 645 74 77 74 75 74 645 73 75 73 646 73 646 73 75 73 73 73 646 99 73 99 647 99 647 99 73 99 125 99 647 98 125 98 648 98 648 98 125 98 123 98 648 97 123 97 649 97 649 97 123 97 121 97 649 96 121 96 650 96 650 96 121 96 119 96 650 95 119 95 651 95 651 95 119 95 117 95 651 94 117 94 652 94 652 94 117 94 115 94 652 93 115 93 653 93 653 93 115 93 113 93 653 92 113 92 654 92 654 92 113 92 111 92 654 91 111 91 655 91 655 91 111 91 109 91 655 90 109 90 656 90 656 90 109 90 107 90 656 89 107 89 657 89 657 89 107 89 105 89 657 88 105 88 658 88 658 88 105 88 103 88 658 87 103 87 659 87 659 87 103 87 101 87 659 86 101 86 660 86 660 86 101 86 99 86 660 85 99 85 661 85 661 85 99 85 97 85 661 84 97 84 662 84 662 84 97 84 95 84 662 83 95 83 663 83 663 83 95 83 93 83 663 82 93 82 664 82 664 82 93 82 91 82 664 81 91 81 665 81 665 81 91 81 89 81 665 80 89 80 666 80 666 80 89 80 87 80 666 79 87 79 667 79 667 79 87 79 85 79 667 78 85 78 668 78 668 78 85 78 83 78 668 77 83 77 669 77 669 77 83 77 81 77 669 76 81 76 670 76 670 76 81 76 79 76 670 75 79 75 644 75 644 75 79 75 77 75 671 74 131 74 672 74 672 74 131 74 129 74 672 73 129 73 673 73 673 73 129 73 127 73 673 99 127 99 674 99 674 99 127 99 179 99 674 98 179 98 675 98 675 98 179 98 177 98 675 97 177 97 676 97 676 97 177 97 175 97 676 96 175 96 677 96 677 96 175 96 173 96 677 95 173 95 678 95 678 95 173 95 171 95 678 94 171 94 679 94 679 94 171 94 169 94 679 93 169 93 680 93 680 93 169 93 167 93 680 92 167 92 681 92 681 92 167 92 165 92 681 91 165 91 682 91 682 91 165 91 163 91 682 90 163 90 683 90 683 90 163 90 161 90 683 89 161 89 684 89 684 89 161 89 159 89 684 88 159 88 685 88 685 88 159 88 157 88 685 87 157 87 686 87 686 87 157 87 155 87 686 86 155 86 687 86 687 86 155 86 153 86 687 85 153 85 688 85 688 85 153 85 151 85 688 84 151 84 689 84 689 84 151 84 149 84 689 83 149 83 690 83 690 83 149 83 147 83 690 82 147 82 691 82 691 82 147 82 145 82 691 81 145 81 692 81 692 81 145 81 143 81 692 80 143 80 693 80 693 80 143 80 141 80 693 79 141 79 694 79 694 79 141 79 139 79 694 78 139 78 695 78 695 78 139 78 137 78 695 77 137 77 696 77 696 77 137 77 135 77 696 76 135 76 697 76 697 76 135 76 133 76 697 75 133 75 671 75 671 75 133 75 131 75 698 74 185 74 699 74 699 74 185 74 183 74 699 73 183 73 700 73 700 73 183 73 181 73 700 99 181 99 701 99 701 99 181 99 233 99 701 98 233 98 702 98 702 98 233 98 231 98 702 97 231 97 703 97 703 97 231 97 229 97 703 96 229 96 704 96 704 96 229 96 227 96 704 95 227 95 705 95 705 95 227 95 225 95 705 94 225 94 706 94 706 94 225 94 223 94 706 93 223 93 707 93 707 93 223 93 221 93 707 92 221 92 708 92 708 92 221 92 219 92 708 91 219 91 709 91 709 91 219 91 217 91 709 90 217 90 710 90 710 90 217 90 215 90 710 89 215 89 711 89 711 89 215 89 213 89 711 88 213 88 712 88 712 88 213 88 211 88 712 87 211 87 713 87 713 87 211 87 209 87 713 86 209 86 714 86 714 86 209 86 207 86 714 85 207 85 715 85 715 85 207 85 205 85 715 84 205 84 716 84 716 84 205 84 203 84 716 83 203 83 717 83 717 83 203 83 201 83 717 82 201 82 718 82 718 82 201 82 199 82 718 81 199 81 719 81 719 81 199 81 197 81 719 80 197 80 720 80 720 80 197 80 195 80 720 79 195 79 721 79 721 79 195 79 193 79 721 78 193 78 722 78 722 78 193 78 191 78 722 77 191 77 723 77 723 77 191 77 189 77 723 76 189 76 724 76 724 76 189 76 187 76 724 75 187 75 698 75 698 75 187 75 185 75 725 74 239 74 726 74 726 74 239 74 237 74 726 73 237 73 727 73 727 73 237 73 235 73 727 99 235 99 728 99 728 99 235 99 287 99 728 98 287 98 729 98 729 98 287 98 285 98 729 97 285 97 730 97 730 97 285 97 283 97 730 96 283 96 731 96 731 96 283 96 281 96 731 95 281 95 732 95 732 95 281 95 279 95 732 94 279 94 733 94 733 94 279 94 277 94 733 93 277 93 734 93 734 93 277 93 275 93 734 92 275 92 735 92 735 92 275 92 273 92 735 91 273 91 736 91 736 91 273 91 271 91 736 90 271 90 737 90 737 90 271 90 269 90 737 89 269 89 738 89 738 89 269 89 267 89 738 88 267 88 739 88 739 88 267 88 265 88 739 87 265 87 740 87 740 87 265 87 263 87 740 86 263 86 741 86 741 86 263 86 261 86 741 85 261 85 742 85 742 85 261 85 259 85 742 84 259 84 743 84 743 84 259 84 257 84 743 83 257 83 744 83 744 83 257 83 255 83 744 82 255 82 745 82 745 82 255 82 253 82 745 81 253 81 746 81 746 81 253 81 251 81 746 80 251 80 747 80 747 80 251 80 249 80 747 79 249 79 748 79 748 79 249 79 247 79 748 78 247 78 749 78 749 78 247 78 245 78 749 77 245 77 750 77 750 77 245 77 243 77 750 76 243 76 751 76 751 76 243 76 241 76 751 75 241 75 725 75 725 75 241 75 239 75 330 0 752 0 329 0 329 0 752 0 753 0 753 0 752 0 754 0 753 0 754 0 755 0 755 0 754 0 756 0 755 0 756 0 757 0 757 0 756 0 758 0 757 0 758 0 759 0 759 0 758 0 760 0 759 0 760 0 761 0 761 0 760 0 762 0 761 0 762 0 763 0 763 0 762 0 764 0 763 0 764 0 765 0 765 0 764 0 766 0 765 0 766 0 767 0 767 0 766 0 768 0 768 0 766 0 769 0 769 0 766 0 770 0 770 0 766 0 771 0 771 0 766 0 772 0 771 0 772 0 773 0 773 0 772 0 774 0 774 0 772 0 775 0 775 0 772 0 776 0 776 0 772 0 777 0 777 0 772 0 778 0 777 0 778 0 779 0 779 0 778 0 780 0 779 0 780 0 781 0 781 0 780 0 782 0 781 0 782 0 783 0 783 0 782 0 784 0 783 0 784 0 785 0 785 0 784 0 786 0 785 0 786 0 787 0 787 0 786 0 788 0 787 0 788 0 789 0 789 0 788 0 790 0 789 0 790 0 290 0 290 0 790 0 288 0 355 338 329 338 791 338 791 339 329 339 753 339 791 340 753 340 755 340 791 341 755 341 792 341 792 342 755 342 757 342 792 342 757 342 793 342 793 343 757 343 759 343 793 344 759 344 794 344 794 345 759 345 761 345 794 346 761 346 795 346 795 347 761 347 763 347 795 347 763 347 796 347 796 348 763 348 765 348 796 349 765 349 797 349 797 350 765 350 767 350 797 351 767 351 798 351 798 352 767 352 768 352 798 353 768 353 799 353 799 354 768 354 769 354 799 355 769 355 800 355 800 356 769 356 770 356 800 357 770 357 801 357 801 358 770 358 771 358 801 359 771 359 802 359 802 360 771 360 773 360 802 361 773 361 803 361 803 362 773 362 774 362 803 363 774 363 804 363 804 364 774 364 775 364 804 365 775 365 805 365 805 366 775 366 776 366 805 367 776 367 806 367 806 368 776 368 777 368 806 369 777 369 807 369 807 370 777 370 779 370 807 371 779 371 808 371 808 372 779 372 781 372 808 373 781 373 809 373 809 374 781 374 783 374 809 375 783 375 810 375 810 376 783 376 785 376 810 377 785 377 811 377 811 378 785 378 787 378 811 379 787 379 812 379 812 380 787 380 789 380 812 381 789 381 813 381 813 382 789 382 331 382 331 383 789 383 290 383 355 0 791 0 388 0 388 0 791 0 792 0 388 0 792 0 793 0 793 0 794 0 388 0 388 0 794 0 814 0 388 0 814 0 815 0 794 0 795 0 814 0 814 0 795 0 816 0 816 0 795 0 796 0 816 0 796 0 797 0 816 0 797 0 817 0 817 0 797 0 798 0 817 0 798 0 818 0 818 0 798 0 799 0 818 0 799 0 819 0 819 0 799 0 800 0 819 0 800 0 820 0 820 0 800 0 821 0 821 0 800 0 801 0 821 0 801 0 822 0 822 0 801 0 802 0 822 0 802 0 823 0 823 0 802 0 824 0 823 0 824 0 825 0 825 0 824 0 826 0 825 0 826 0 827 0 827 0 826 0 828 0 827 0 828 0 829 0 829 0 828 0 830 0 829 0 830 0 831 0 831 0 830 0 832 0 831 0 832 0 833 0 833 0 832 0 834 0 834 0 832 0 835 0 834 0 835 0 836 0 824 0 802 0 837 0 837 0 802 0 803 0 837 0 803 0 838 0 838 0 803 0 804 0 838 0 804 0 839 0 839 0 804 0 840 0 840 0 804 0 805 0 840 0 805 0 841 0 841 0 805 0 806 0 841 0 806 0 842 0 842 0 806 0 807 0 842 0 807 0 843 0 843 0 807 0 808 0 843 0 808 0 809 0 843 0 809 0 844 0 844 0 809 0 810 0 844 0 810 0 356 0 356 0 810 0 811 0 356 0 811 0 812 0 812 0 813 0 356 0 356 0 813 0 331 0 834 0 845 0 356 0 356 0 845 0 846 0 356 0 846 0 847 0 388 0 848 0 833 0 833 0 848 0 849 0 833 0 849 0 850 0 836 0 851 0 834 0 834 0 851 0 852 0 834 0 852 0 853 0 853 0 854 0 834 0 834 0 854 0 855 0 834 0 855 0 845 0 847 0 856 0 356 0 356 0 856 0 844 0 850 0 857 0 833 0 833 0 857 0 858 0 833 0 858 0 859 0 859 0 860 0 833 0 833 0 860 0 861 0 833 0 861 0 831 0 815 0 862 0 388 0 388 0 862 0 863 0 388 0 863 0 848 0 330 384 425 384 752 384 752 384 425 384 864 384 752 385 864 385 754 385 754 385 864 385 865 385 754 386 865 386 756 386 756 386 865 386 866 386 756 387 866 387 758 387 758 387 866 387 867 387 758 388 867 388 760 388 760 388 867 388 868 388 760 389 868 389 762 389 762 389 868 389 869 389 762 390 869 390 764 390 764 390 869 390 870 390 764 391 870 391 766 391 766 391 870 391 871 391 766 254 871 254 772 254 772 254 871 254 872 254 772 392 872 392 778 392 778 392 872 392 873 392 778 393 873 393 780 393 780 393 873 393 874 393 780 394 874 394 782 394 782 394 874 394 875 394 782 395 875 395 784 395 784 395 875 395 876 395 784 396 876 396 786 396 786 396 876 396 877 396 786 397 877 397 788 397 788 397 877 397 878 397 788 398 878 398 790 398 790 398 878 398 879 398 790 399 879 399 288 399 288 399 879 399 408 399 77 254 427 254 75 254 75 254 427 254 426 254 75 254 426 254 73 254 73 254 426 254 125 254 125 254 426 254 123 254 123 254 426 254 121 254 121 254 426 254 119 254 119 254 426 254 117 254 117 254 426 254 115 254 115 254 426 254 430 254 115 254 430 254 113 254 113 254 430 254 111 254 111 254 430 254 109 254 109 254 430 254 107 254 107 254 430 254 105 254 105 254 430 254 103 254 103 254 430 254 101 254 101 254 430 254 429 254 101 254 429 254 99 254 99 254 429 254 388 254 99 254 388 254 97 254 97 254 388 254 95 254 95 254 388 254 428 254 95 254 428 254 93 254 93 254 428 254 91 254 91 254 428 254 89 254 89 254 428 254 87 254 87 254 428 254 85 254 85 254 428 254 83 254 83 254 428 254 427 254 83 254 427 254 81 254 81 254 427 254 79 254 79 254 427 254 77 254 131 254 432 254 129 254 129 254 432 254 431 254 129 254 431 254 127 254 127 254 431 254 179 254 179 254 431 254 177 254 177 254 431 254 175 254 175 254 431 254 173 254 173 254 431 254 171 254 171 254 431 254 169 254 169 254 431 254 435 254 169 254 435 254 167 254 167 254 435 254 165 254 165 254 435 254 163 254 163 254 435 254 161 254 161 254 435 254 159 254 159 254 435 254 157 254 157 254 435 254 155 254 155 254 435 254 434 254 155 254 434 254 153 254 153 254 434 254 151 254 151 254 434 254 149 254 149 254 434 254 433 254 149 254 433 254 147 254 147 254 433 254 145 254 145 254 433 254 143 254 143 254 433 254 141 254 141 254 433 254 139 254 139 254 433 254 137 254 137 254 433 254 135 254 135 254 433 254 356 254 135 254 356 254 133 254 133 254 356 254 131 254 131 254 356 254 432 254 185 254 437 254 183 254 183 254 437 254 436 254 183 254 436 254 181 254 181 254 436 254 233 254 233 254 436 254 231 254 231 254 436 254 229 254 229 254 436 254 227 254 227 254 436 254 225 254 225 254 436 254 223 254 223 254 436 254 439 254 223 254 439 254 221 254 221 254 439 254 219 254 219 254 439 254 217 254 217 254 439 254 215 254 215 254 439 254 213 254 213 254 439 254 211 254 211 254 439 254 438 254 211 254 438 254 209 254 209 254 438 254 207 254 207 254 438 254 205 254 205 254 438 254 203 254 203 254 438 254 201 254 201 254 438 254 199 254 199 254 438 254 197 254 197 254 438 254 437 254 197 254 437 254 195 254 195 254 437 254 193 254 193 254 437 254 191 254 191 254 437 254 189 254 189 254 437 254 187 254 187 254 437 254 185 254 239 254 441 254 237 254 237 254 441 254 440 254 237 254 440 254 235 254 235 254 440 254 287 254 287 254 440 254 285 254 285 254 440 254 283 254 283 254 440 254 281 254 281 254 440 254 279 254 279 254 440 254 277 254 277 254 440 254 443 254 277 254 443 254 275 254 275 254 443 254 273 254 273 254 443 254 271 254 271 254 443 254 269 254 269 254 443 254 267 254 267 254 443 254 265 254 265 254 443 254 263 254 263 254 443 254 442 254 263 254 442 254 261 254 261 254 442 254 259 254 259 254 442 254 257 254 257 254 442 254 255 254 255 254 442 254 253 254 253 254 442 254 251 254 251 254 442 254 441 254 251 254 441 254 249 254 249 254 441 254 247 254 247 254 441 254 245 254 245 254 441 254 243 254 243 254 441 254 241 254 241 254 441 254 239 254 355 400 429 400 329 400 329 401 429 401 425 401 329 402 425 402 330 402 355 403 388 403 429 403 428 254 388 254 447 254 447 254 388 254 446 254 447 254 446 254 445 254 447 254 445 254 444 254 444 254 445 254 356 254 444 254 356 254 433 254 356 254 331 254 432 254 432 254 331 254 290 254 432 254 290 254 408 254 408 254 290 254 288 254 432 254 452 254 431 254 431 254 452 254 441 254 441 254 452 254 440 254 455 254 454 254 452 254 452 254 454 254 453 254 452 254 453 254 440 254 429 254 430 254 448 254 448 254 430 254 438 254 448 254 438 254 439 254 439 254 451 254 448 254 448 404 451 404 450 404 448 405 450 405 449 405 848 406 880 406 849 406 849 169 880 169 881 169 849 170 881 170 850 170 850 407 881 407 882 407 850 408 882 408 857 408 857 409 882 409 883 409 857 410 883 410 858 410 858 175 883 175 884 175 858 176 884 176 859 176 859 411 884 411 885 411 859 412 885 412 860 412 860 179 885 179 886 179 860 180 886 180 861 180 861 180 886 180 887 180 861 181 887 181 831 181 831 413 887 413 888 413 831 414 888 414 829 414 829 183 888 183 889 183 829 415 889 415 827 415 827 416 889 416 890 416 827 417 890 417 825 417 825 418 890 418 891 418 825 419 891 419 823 419 823 190 891 190 892 190 823 191 892 191 822 191 822 191 892 191 893 191 822 192 893 192 821 192 821 192 893 192 894 192 821 193 894 193 820 193 820 420 894 420 895 420 820 421 895 421 819 421 819 422 895 422 896 422 819 423 896 423 818 423 818 424 896 424 897 424 818 425 897 425 817 425 817 199 897 199 898 199 817 426 898 426 816 426 816 202 898 202 899 202 816 203 899 203 814 203 814 203 899 203 900 203 814 204 900 204 815 204 815 427 900 427 901 427 815 428 901 428 862 428 862 207 901 207 902 207 862 208 902 208 863 208 863 429 902 429 903 429 863 430 903 430 848 430 848 431 903 431 880 431 838 432 904 432 837 432 837 169 904 169 905 169 837 170 905 170 824 170 824 433 905 433 906 433 824 409 906 409 826 409 826 434 906 434 907 434 826 435 907 435 828 435 828 175 907 175 908 175 828 176 908 176 830 176 830 436 908 436 909 436 830 437 909 437 832 437 832 179 909 179 910 179 832 180 910 180 835 180 835 180 910 180 911 180 835 181 911 181 836 181 836 438 911 438 912 438 836 439 912 439 851 439 851 219 912 219 913 219 851 440 913 440 852 440 852 416 913 416 914 416 852 417 914 417 853 417 853 441 914 441 915 441 853 442 915 442 854 442 854 190 915 190 916 190 854 191 916 191 855 191 855 191 916 191 917 191 855 192 917 192 845 192 845 192 917 192 918 192 845 193 918 193 846 193 846 443 918 443 919 443 846 444 919 444 847 444 847 422 919 422 920 422 847 423 920 423 856 423 856 445 920 445 921 445 856 446 921 446 844 446 844 227 921 227 922 227 844 447 922 447 843 447 843 202 922 202 923 202 843 203 923 203 842 203 842 203 923 203 924 203 842 204 924 204 841 204 841 448 924 448 925 448 841 449 925 449 840 449 840 207 925 207 926 207 840 208 926 208 839 208 839 450 926 450 927 450 839 451 927 451 838 451 838 430 927 430 904 430 928 254 833 254 572 254 572 254 833 254 834 254 572 254 834 254 573 254 573 254 834 254 929 254 834 87 356 87 929 87 929 87 356 87 445 87 388 234 833 234 446 234 446 234 833 234 928 234 572 235 591 235 928 235 928 235 591 235 589 235 928 235 589 235 587 235 587 235 585 235 928 235 928 235 585 235 583 235 928 235 583 235 643 235 643 235 641 235 928 235 928 235 641 235 639 235 928 235 639 235 446 235 446 235 639 235 637 235 446 235 637 235 635 235 635 235 633 235 446 235 446 235 633 235 631 235 446 235 631 235 629 235 629 235 627 235 446 235 446 235 627 235 445 235 445 235 627 235 625 235 445 235 625 235 623 235 623 235 621 235 445 235 445 235 621 235 619 235 445 235 619 235 617 235 445 235 617 235 929 235 929 235 617 235 615 235 929 235 615 235 613 235 613 235 611 235 929 235 929 235 611 235 609 235 929 235 609 235 607 235 607 235 605 235 929 235 929 235 605 235 603 235 929 235 603 235 573 235 449 0 930 0 448 0 448 0 930 0 931 0 448 0 931 0 932 0 932 0 933 0 448 0 448 0 933 0 934 0 448 0 934 0 935 0 935 0 934 0 936 0 935 0 936 0 937 0 937 0 938 0 935 0 935 0 938 0 939 0 935 0 939 0 940 0 940 0 939 0 941 0 940 0 941 0 942 0 942 0 943 0 940 0 940 0 943 0 944 0 940 0 944 0 452 0 452 0 944 0 945 0 452 0 945 0 946 0 946 0 947 0 452 0 452 0 947 0 948 0 452 0 948 0 455 0 935 254 940 254 949 254 949 254 940 254 950 254 940 87 452 87 950 87 950 87 452 87 432 87 448 234 935 234 429 234 429 234 935 234 949 234 408 235 879 235 432 235 432 235 879 235 878 235 432 235 878 235 877 235 877 235 876 235 432 235 432 235 876 235 923 235 432 235 923 235 922 235 876 235 875 235 923 235 923 235 875 235 924 235 924 235 875 235 874 235 924 235 874 235 873 235 924 235 873 235 925 235 925 235 873 235 872 235 925 235 872 235 926 235 926 235 872 235 927 235 927 235 872 235 871 235 927 235 871 235 895 235 895 235 871 235 896 235 896 235 871 235 897 235 897 235 871 235 870 235 897 235 870 235 898 235 898 235 870 235 869 235 898 235 869 235 868 235 898 235 868 235 899 235 899 235 868 235 867 235 899 235 867 235 429 235 429 235 867 235 866 235 429 235 866 235 865 235 865 235 864 235 429 235 429 235 864 235 425 235 949 235 880 235 429 235 429 235 880 235 903 235 429 235 903 235 902 235 950 235 888 235 949 235 949 235 888 235 887 235 949 235 887 235 886 235 432 235 918 235 950 235 950 235 918 235 917 235 950 235 917 235 916 235 882 235 881 235 949 235 949 235 881 235 880 235 902 235 901 235 429 235 429 235 901 235 900 235 429 235 900 235 899 235 927 235 895 235 904 235 904 235 895 235 894 235 904 235 894 235 905 235 905 235 894 235 893 235 905 235 893 235 906 235 906 235 893 235 892 235 906 235 892 235 907 235 907 235 892 235 891 235 907 235 891 235 908 235 908 235 891 235 890 235 908 235 890 235 909 235 909 235 890 235 889 235 909 235 889 235 910 235 910 235 889 235 888 235 910 235 888 235 950 235 886 235 885 235 949 235 949 235 885 235 884 235 949 235 884 235 883 235 883 235 882 235 949 235 922 235 921 235 432 235 432 235 921 235 920 235 432 235 920 235 919 235 919 235 918 235 432 235 916 235 915 235 950 235 950 235 915 235 914 235 950 235 914 235 913 235 913 235 912 235 950 235 950 235 912 235 911 235 950 235 911 235 910 235 454 452 455 452 951 452 951 452 455 452 948 452 951 453 948 453 952 453 952 453 948 453 947 453 952 454 947 454 953 454 953 454 947 454 946 454 953 455 946 455 954 455 954 455 946 455 945 455 954 456 945 456 955 456 955 456 945 456 944 456 955 457 944 457 956 457 956 457 944 457 943 457 956 458 943 458 957 458 957 458 943 458 942 458 957 459 942 459 958 459 958 459 942 459 941 459 958 460 941 460 959 460 959 460 941 460 939 460 959 461 939 461 960 461 960 461 939 461 938 461 960 462 938 462 961 462 961 462 938 462 937 462 961 463 937 463 962 463 962 463 937 463 936 463 962 464 936 464 963 464 963 464 936 464 934 464 963 465 934 465 964 465 964 465 934 465 933 465 964 466 933 466 965 466 965 466 933 466 932 466 965 467 932 467 966 467 966 467 932 467 931 467 966 468 931 468 967 468 967 468 931 468 930 468 967 469 930 469 450 469 450 469 930 469 449 469 454 235 951 235 453 235 453 235 951 235 952 235 453 235 952 235 953 235 953 235 954 235 453 235 453 235 954 235 955 235 453 235 955 235 956 235 453 235 956 235 968 235 968 235 956 235 957 235 968 235 957 235 958 235 958 235 959 235 968 235 968 235 959 235 969 235 969 235 959 235 960 235 969 235 960 235 961 235 961 235 962 235 969 235 969 235 962 235 451 235 451 235 962 235 963 235 451 235 963 235 964 235 964 235 965 235 451 235 451 235 965 235 966 235 451 235 966 235 967 235 967 235 450 235 451 235 646 153 970 153 645 153 645 153 970 153 971 153 645 153 971 153 644 153 644 153 971 153 670 153 670 153 971 153 669 153 669 153 971 153 668 153 668 153 971 153 972 153 668 153 972 153 667 153 667 153 972 153 666 153 666 470 972 470 973 470 666 471 973 471 665 471 665 472 973 472 664 472 664 473 973 473 974 473 664 153 974 153 663 153 663 153 974 153 662 153 662 153 974 153 661 153 661 153 974 153 660 153 660 153 974 153 659 153 659 153 974 153 658 153 658 153 974 153 975 153 658 153 975 153 657 153 657 153 975 153 656 153 656 153 975 153 655 153 655 153 975 153 654 153 654 153 975 153 653 153 653 153 975 153 652 153 652 153 975 153 970 153 652 153 970 153 651 153 651 153 970 153 650 153 650 153 970 153 649 153 649 153 970 153 648 153 648 153 970 153 647 153 647 153 970 153 646 153 970 87 426 87 971 87 971 87 426 87 427 87 972 0 971 0 428 0 428 0 971 0 427 0 970 235 975 235 426 235 426 235 975 235 430 235 430 87 975 87 438 87 438 87 975 87 976 87 976 87 975 87 977 87 976 87 977 87 969 87 975 87 974 87 977 87 976 87 969 87 978 87 978 87 969 87 451 87 978 87 451 87 439 87 433 0 434 0 979 0 979 0 434 0 980 0 671 153 672 153 981 153 981 153 672 153 673 153 981 153 673 153 982 153 982 153 673 153 674 153 982 153 674 153 675 153 675 153 676 153 982 153 982 153 676 153 677 153 982 153 677 153 678 153 678 153 679 153 982 153 982 153 679 153 983 153 983 153 679 153 680 153 983 153 680 153 681 153 681 153 682 153 983 153 983 153 682 153 683 153 983 153 683 153 684 153 684 153 685 153 983 153 983 153 685 153 686 153 983 153 686 153 980 153 980 153 686 153 687 153 980 153 687 153 688 153 688 153 689 153 980 153 980 153 689 153 690 153 980 153 690 153 979 153 979 153 690 153 691 153 979 153 691 153 984 153 984 153 691 153 692 153 984 153 692 153 693 153 693 153 694 153 984 153 984 153 694 153 981 153 981 153 694 153 695 153 981 153 695 153 696 153 696 153 697 153 981 153 981 153 697 153 671 153 435 234 983 234 434 234 434 234 983 234 980 234 982 235 983 235 431 235 431 235 983 235 435 235 974 235 973 235 977 235 977 235 973 235 985 235 977 235 985 235 986 235 977 235 986 235 987 235 987 235 986 235 984 235 987 235 984 235 981 235 981 234 982 234 987 234 987 234 982 234 988 234 987 234 988 234 968 234 968 234 988 234 989 234 968 234 989 234 453 234 453 234 989 234 440 234 982 234 431 234 988 234 988 234 431 234 441 234 990 87 436 87 991 87 991 87 436 87 437 87 700 153 990 153 699 153 699 153 990 153 991 153 699 153 991 153 698 153 698 153 991 153 724 153 724 153 991 153 723 153 723 153 991 153 722 153 722 153 991 153 721 153 721 153 991 153 720 153 720 153 991 153 719 153 719 153 991 153 976 153 719 153 976 153 718 153 718 153 976 153 717 153 717 153 976 153 716 153 716 153 976 153 715 153 715 153 976 153 714 153 714 153 976 153 713 153 713 153 976 153 978 153 713 153 978 153 712 153 712 153 978 153 711 153 711 153 978 153 710 153 710 153 978 153 709 153 709 153 978 153 708 153 708 153 978 153 707 153 707 153 978 153 706 153 706 153 978 153 990 153 706 153 990 153 705 153 705 153 990 153 704 153 704 153 990 153 703 153 703 153 990 153 702 153 702 153 990 153 701 153 701 153 990 153 700 153 976 0 991 0 438 0 438 0 991 0 437 0 990 235 978 235 436 235 436 235 978 235 439 235 727 153 989 153 726 153 726 153 989 153 988 153 726 153 988 153 725 153 725 153 988 153 751 153 751 153 988 153 750 153 750 153 988 153 749 153 749 153 988 153 748 153 748 153 988 153 747 153 747 153 988 153 746 153 746 153 988 153 992 153 746 153 992 153 745 153 745 153 992 153 744 153 744 153 992 153 743 153 743 153 992 153 742 153 742 153 992 153 741 153 741 153 992 153 740 153 740 153 992 153 993 153 740 153 993 153 739 153 739 153 993 153 738 153 738 153 993 153 737 153 737 153 993 153 736 153 736 153 993 153 735 153 735 153 993 153 734 153 734 153 993 153 733 153 733 153 993 153 989 153 733 153 989 153 732 153 732 153 989 153 731 153 731 153 989 153 730 153 730 153 989 153 729 153 729 153 989 153 728 153 728 153 989 153 727 153 443 234 993 234 442 234 442 234 993 234 992 234 441 0 442 0 988 0 988 0 442 0 992 0 989 235 993 235 440 235 440 235 993 235 443 235 986 153 985 153 994 153 994 153 985 153 995 153 984 234 986 234 979 234 979 234 986 234 994 234 979 234 994 234 444 234 444 234 433 234 979 234 428 87 447 87 972 87 972 87 447 87 995 87 972 87 995 87 985 87 985 87 973 87 972 87 582 0 584 0 995 0 995 0 584 0 586 0 995 0 586 0 588 0 588 0 590 0 995 0 995 0 590 0 592 0 995 0 592 0 593 0 593 0 594 0 995 0 995 0 594 0 595 0 995 0 595 0 596 0 596 0 597 0 995 0 995 0 597 0 994 0 994 0 597 0 598 0 994 0 598 0 599 0 599 0 600 0 994 0 994 0 600 0 601 0 994 0 601 0 602 0 602 0 604 0 994 0 994 0 604 0 606 0 994 0 606 0 608 0 608 0 610 0 994 0 994 0 610 0 612 0 994 0 612 0 444 0 444 0 612 0 614 0 444 0 614 0 616 0 616 0 618 0 444 0 444 0 618 0 620 0 444 0 620 0 622 0 622 0 624 0 444 0 444 0 624 0 626 0 444 0 626 0 628 0 444 0 628 0 447 0 447 0 628 0 630 0 447 0 630 0 632 0 632 0 634 0 447 0 447 0 634 0 636 0 447 0 636 0 638 0 638 0 640 0 447 0 447 0 640 0 642 0 447 0 642 0 582 0 447 0 582 0 995 0 968 153 969 153 987 153 987 153 969 153 977 153 996 474 997 474 998 474 998 474 997 474 999 474 998 475 999 475 1000 475 1000 475 999 475 1001 475 1000 476 1001 476 1002 476 1002 476 1001 476 1003 476 1002 477 1003 477 1004 477 1004 478 1003 478 1005 478 1004 479 1005 479 1006 479 1006 480 1005 480 1007 480 1006 481 1007 481 1008 481 1008 482 1007 482 1009 482 1008 483 1009 483 1010 483 1010 484 1009 484 1011 484 1010 485 1011 485 1012 485 1012 486 1011 486 1013 486 1012 487 1013 487 1014 487 1014 488 1013 488 1015 488 1014 489 1015 489 1016 489 1016 490 1015 490 1017 490 1016 491 1017 491 1018 491 1018 492 1017 492 1019 492 1018 493 1019 493 1020 493 1020 494 1019 494 1021 494 1020 495 1021 495 1022 495 1022 496 1021 496 1023 496 1022 497 1023 497 1024 497 1024 498 1023 498 1025 498 1024 499 1025 499 1026 499 1026 500 1025 500 1027 500 1026 234 1027 234 1028 234 1028 234 1027 234 1029 234 1028 501 1029 501 1030 501 1030 502 1029 502 1031 502 1030 503 1031 503 1032 503 1032 504 1031 504 1033 504 1032 505 1033 505 1034 505 1034 506 1033 506 1035 506 1034 507 1035 507 1036 507 1036 508 1035 508 1037 508 1036 509 1037 509 1038 509 1038 510 1037 510 1039 510 1038 511 1039 511 1040 511 1040 512 1039 512 1041 512 1040 513 1041 513 1042 513 1042 514 1041 514 1043 514 1042 515 1043 515 1044 515 1044 516 1043 516 1045 516 1044 517 1045 517 1046 517 1046 518 1045 518 1047 518 1046 519 1047 519 1048 519 1048 520 1047 520 1049 520 1048 521 1049 521 1050 521 1050 522 1049 522 1051 522 1050 523 1051 523 1052 523 1052 524 1051 524 1053 524 1052 525 1053 525 996 525 996 525 1053 525 997 525 996 235 998 235 1018 235 1018 235 998 235 1000 235 1018 235 1000 235 1002 235 1002 235 1004 235 1018 235 1018 235 1004 235 1006 235 1018 235 1006 235 1008 235 1018 235 1008 235 1016 235 1016 235 1008 235 1010 235 1016 235 1010 235 1014 235 1014 235 1010 235 1012 235 1020 235 1036 235 1018 235 1018 235 1036 235 1038 235 1018 235 1038 235 1040 235 1036 235 1020 235 1034 235 1034 235 1020 235 1022 235 1034 235 1022 235 1032 235 1032 235 1022 235 1024 235 1032 235 1024 235 1030 235 1030 235 1024 235 1026 235 1030 235 1026 235 1028 235 1040 235 1042 235 1018 235 1018 235 1042 235 1044 235 1018 235 1044 235 1046 235 1046 235 1048 235 1018 235 1018 235 1048 235 1050 235 1018 235 1050 235 1052 235 1052 235 996 235 1018 235 1054 526 1055 526 1056 526 1056 527 1055 527 1057 527 1056 528 1057 528 1058 528 1058 529 1057 529 1059 529 1058 530 1059 530 1060 530 1060 531 1059 531 1061 531 1060 532 1061 532 1062 532 1062 533 1061 533 1063 533 1062 534 1063 534 1064 534 1064 535 1063 535 1065 535 1064 536 1065 536 1066 536 1066 536 1065 536 1067 536 1066 537 1067 537 1068 537 1068 538 1067 538 1069 538 1068 539 1069 539 1070 539 1070 540 1069 540 1071 540 1070 541 1071 541 1072 541 1072 542 1071 542 1073 542 1072 543 1073 543 1074 543 1074 544 1073 544 1075 544 1074 545 1075 545 1076 545 1076 546 1075 546 1077 546 1076 547 1077 547 1078 547 1078 548 1077 548 1079 548 1078 153 1079 153 1080 153 1080 153 1079 153 1081 153 1080 549 1081 549 1082 549 1082 550 1081 550 1083 550 1082 551 1083 551 1084 551 1084 552 1083 552 1085 552 1084 553 1085 553 1086 553 1086 554 1085 554 1087 554 1086 555 1087 555 1088 555 1088 556 1087 556 1089 556 1088 557 1089 557 1090 557 1090 557 1089 557 1091 557 1090 558 1091 558 1092 558 1092 558 1091 558 1093 558 1092 559 1093 559 1094 559 1094 560 1093 560 1095 560 1094 561 1095 561 1096 561 1096 562 1095 562 1097 562 1096 563 1097 563 1098 563 1098 564 1097 564 1099 564 1098 565 1099 565 1100 565 1100 565 1099 565 1101 565 1100 566 1101 566 1102 566 1102 566 1101 566 1103 566 1102 567 1103 567 1104 567 1104 567 1103 567 1105 567 1104 568 1105 568 1106 568 1106 568 1105 568 1107 568 1106 569 1107 569 1108 569 1108 570 1107 570 1109 570 1108 571 1109 571 1110 571 1110 572 1109 572 1111 572 1110 573 1111 573 1112 573 1112 574 1111 574 1113 574 1112 575 1113 575 1114 575 1114 575 1113 575 1115 575 1114 576 1115 576 1116 576 1116 576 1115 576 1117 576 1116 577 1117 577 1118 577 1118 578 1117 578 1119 578 1118 579 1119 579 1120 579 1120 580 1119 580 1121 580 1120 581 1121 581 1122 581 1122 582 1121 582 1123 582 1122 583 1123 583 1124 583 1124 584 1123 584 1125 584 1124 254 1125 254 1126 254 1126 254 1125 254 1127 254 1126 585 1127 585 1128 585 1128 586 1127 586 1129 586 1128 587 1129 587 1130 587 1130 588 1129 588 1131 588 1130 589 1131 589 1132 589 1132 590 1131 590 1133 590 1132 591 1133 591 1134 591 1134 592 1133 592 1135 592 1134 593 1135 593 1136 593 1136 594 1135 594 1137 594 1136 595 1137 595 1138 595 1138 596 1137 596 1139 596 1138 597 1139 597 1140 597 1140 597 1139 597 1141 597 1140 598 1141 598 1142 598 1142 599 1141 599 1143 599 1142 600 1143 600 1144 600 1144 601 1143 601 1145 601 1144 602 1145 602 1054 602 1054 603 1145 603 1055 603 997 235 1054 235 999 235 999 235 1054 235 1056 235 999 235 1056 235 1058 235 1054 235 997 235 1144 235 1144 235 997 235 1053 235 1144 235 1053 235 1142 235 1142 235 1053 235 1140 235 1140 235 1053 235 1051 235 1140 235 1051 235 1138 235 1138 235 1051 235 1136 235 1136 235 1051 235 1049 235 1136 235 1049 235 1134 235 1134 235 1049 235 1047 235 1134 235 1047 235 1132 235 1132 235 1047 235 1130 235 1130 235 1047 235 1045 235 1130 235 1045 235 1128 235 1128 235 1045 235 1043 235 1128 235 1043 235 1126 235 1126 235 1043 235 1124 235 1124 235 1043 235 1041 235 1124 235 1041 235 1122 235 1122 235 1041 235 1039 235 1122 235 1039 235 1120 235 1120 235 1039 235 1118 235 1118 235 1039 235 1037 235 1118 235 1037 235 1116 235 1116 235 1037 235 1114 235 1114 235 1037 235 1035 235 1114 235 1035 235 1112 235 1112 235 1035 235 1033 235 1112 235 1033 235 1110 235 1110 235 1033 235 1108 235 1108 235 1033 235 1031 235 1108 235 1031 235 1106 235 1106 235 1031 235 1029 235 1106 235 1029 235 1104 235 1104 235 1029 235 1102 235 1102 235 1029 235 1027 235 1102 235 1027 235 1100 235 1100 235 1027 235 1098 235 1098 235 1027 235 1025 235 1098 235 1025 235 1096 235 1096 235 1025 235 1023 235 1096 235 1023 235 1094 235 1094 235 1023 235 1092 235 1092 235 1023 235 1021 235 1092 235 1021 235 1090 235 1090 235 1021 235 1019 235 1090 235 1019 235 1088 235 1088 235 1019 235 1086 235 1086 235 1019 235 1017 235 1086 235 1017 235 1084 235 1084 235 1017 235 1082 235 1082 235 1017 235 1015 235 1082 235 1015 235 1080 235 1080 235 1015 235 1013 235 1080 235 1013 235 1078 235 1078 235 1013 235 1076 235 1076 235 1013 235 1011 235 1076 235 1011 235 1074 235 1074 235 1011 235 1009 235 1074 235 1009 235 1072 235 1072 235 1009 235 1070 235 1070 235 1009 235 1007 235 1070 235 1007 235 1068 235 1068 235 1007 235 1005 235 1068 235 1005 235 1066 235 1066 235 1005 235 1064 235 1064 235 1005 235 1003 235 1064 235 1003 235 1062 235 1062 235 1003 235 1060 235 1060 235 1003 235 1001 235 1060 235 1001 235 1058 235 1058 235 1001 235 999 235 1146 604 1147 604 1148 604 1148 605 1147 605 1149 605 1148 606 1149 606 1150 606 1150 607 1149 607 1151 607 1150 608 1151 608 1152 608 1152 608 1151 608 1153 608 1152 609 1153 609 1154 609 1154 609 1153 609 1155 609 1154 610 1155 610 1156 610 1156 610 1155 610 1157 610 1156 611 1157 611 1158 611 1158 611 1157 611 1159 611 1158 612 1159 612 1160 612 1160 612 1159 612 1161 612 1160 613 1161 613 1162 613 1162 613 1161 613 1163 613 1162 614 1163 614 1164 614 1164 614 1163 614 1165 614 1164 615 1165 615 1166 615 1166 615 1165 615 1167 615 1166 616 1167 616 1168 616 1168 616 1167 616 1169 616 1168 617 1169 617 1170 617 1170 617 1169 617 1171 617 1170 618 1171 618 1172 618 1172 618 1171 618 1173 618 1172 619 1173 619 1174 619 1174 619 1173 619 1175 619 1174 620 1175 620 1176 620 1176 620 1175 620 1177 620 1176 621 1177 621 1178 621 1178 621 1177 621 1179 621 1178 622 1179 622 1180 622 1180 622 1179 622 1181 622 1180 623 1181 623 1182 623 1182 623 1181 623 1183 623 1182 624 1183 624 1184 624 1184 624 1183 624 1185 624 1184 625 1185 625 1186 625 1186 625 1185 625 1187 625 1186 626 1187 626 1188 626 1188 626 1187 626 1189 626 1188 627 1189 627 1190 627 1190 627 1189 627 1191 627 1190 628 1191 628 1192 628 1192 629 1191 629 1193 629 1192 630 1193 630 1194 630 1194 631 1193 631 1195 631 1194 632 1195 632 1196 632 1196 632 1195 632 1197 632 1196 633 1197 633 1198 633 1198 633 1197 633 1199 633 1198 634 1199 634 1200 634 1200 635 1199 635 1201 635 1200 636 1201 636 1202 636 1202 637 1201 637 1203 637 1202 638 1203 638 1204 638 1204 639 1203 639 1205 639 1204 640 1205 640 1206 640 1206 641 1205 641 1207 641 1206 642 1207 642 1208 642 1208 643 1207 643 1209 643 1208 644 1209 644 1210 644 1210 645 1209 645 1211 645 1210 646 1211 646 1212 646 1212 647 1211 647 1213 647 1212 648 1213 648 1214 648 1214 648 1213 648 1215 648 1214 649 1215 649 1216 649 1216 650 1215 650 1217 650 1216 651 1217 651 1218 651 1218 652 1217 652 1219 652 1218 653 1219 653 1220 653 1220 654 1219 654 1221 654 1220 655 1221 655 1222 655 1222 656 1221 656 1223 656 1222 657 1223 657 1224 657 1224 658 1223 658 1225 658 1224 659 1225 659 1226 659 1226 660 1225 660 1227 660 1226 661 1227 661 1228 661 1228 661 1227 661 1229 661 1228 662 1229 662 1230 662 1230 663 1229 663 1231 663 1230 664 1231 664 1232 664 1232 665 1231 665 1233 665 1232 666 1233 666 1234 666 1234 667 1233 667 1235 667 1234 668 1235 668 1236 668 1236 669 1235 669 1237 669 1236 670 1237 670 1238 670 1238 671 1237 671 1239 671 1238 672 1239 672 1240 672 1240 672 1239 672 1241 672 1240 673 1241 673 1242 673 1242 674 1241 674 1243 674 1242 675 1243 675 1244 675 1244 676 1243 676 1245 676 1244 677 1245 677 1246 677 1246 678 1245 678 1247 678 1246 679 1247 679 1248 679 1248 680 1247 680 1249 680 1248 681 1249 681 1250 681 1250 681 1249 681 1251 681 1250 682 1251 682 1252 682 1252 683 1251 683 1253 683 1252 684 1253 684 1254 684 1254 685 1253 685 1255 685 1254 686 1255 686 1256 686 1256 686 1255 686 1257 686 1256 687 1257 687 1258 687 1258 687 1257 687 1259 687 1258 688 1259 688 1260 688 1260 688 1259 688 1261 688 1260 689 1261 689 1262 689 1262 689 1261 689 1263 689 1262 690 1263 690 1264 690 1264 690 1263 690 1265 690 1264 691 1265 691 1266 691 1266 691 1265 691 1267 691 1266 692 1267 692 1268 692 1268 692 1267 692 1269 692 1268 693 1269 693 1270 693 1270 693 1269 693 1271 693 1270 694 1271 694 1272 694 1272 694 1271 694 1273 694 1272 695 1273 695 1146 695 1146 695 1273 695 1147 695 1274 678 1247 678 1275 678 1275 696 1247 696 1245 696 1275 697 1245 697 1276 697 1276 675 1245 675 1243 675 1276 674 1243 674 1277 674 1277 698 1243 698 1241 698 1277 699 1241 699 1278 699 1278 672 1241 672 1239 672 1278 671 1239 671 1279 671 1279 700 1239 700 1237 700 1279 701 1237 701 1280 701 1280 668 1237 668 1235 668 1280 667 1235 667 1281 667 1281 702 1235 702 1233 702 1281 703 1233 703 1282 703 1282 704 1233 704 1231 704 1282 705 1231 705 1283 705 1283 662 1231 662 1229 662 1283 661 1229 661 1284 661 1284 706 1229 706 1227 706 1284 707 1227 707 1285 707 1285 659 1227 659 1225 659 1285 658 1225 658 1286 658 1286 657 1225 657 1223 657 1286 656 1223 656 1287 656 1287 708 1223 708 1221 708 1287 709 1221 709 1288 709 1288 653 1221 653 1219 653 1288 652 1219 652 1289 652 1289 651 1219 651 1217 651 1289 650 1217 650 1290 650 1290 649 1217 649 1215 649 1290 648 1215 648 1291 648 1291 648 1215 648 1213 648 1291 647 1213 647 1292 647 1292 646 1213 646 1211 646 1292 645 1211 645 1293 645 1293 644 1211 644 1209 644 1293 643 1209 643 1294 643 1294 710 1209 710 1207 710 1294 711 1207 711 1295 711 1295 712 1207 712 1205 712 1295 713 1205 713 1296 713 1296 714 1205 714 1203 714 1296 715 1203 715 1297 715 1297 636 1203 636 1201 636 1297 635 1201 635 1298 635 1298 716 1201 716 1199 716 1298 717 1199 717 1299 717 1299 633 1199 633 1197 633 1299 632 1197 632 1300 632 1300 718 1197 718 1195 718 1300 719 1195 719 1301 719 1301 720 1195 720 1193 720 1301 721 1193 721 1302 721 1302 628 1193 628 1191 628 1302 627 1191 627 1303 627 1303 627 1191 627 1189 627 1303 626 1189 626 1304 626 1304 626 1189 626 1187 626 1304 625 1187 625 1305 625 1305 625 1187 625 1185 625 1305 624 1185 624 1306 624 1306 624 1185 624 1183 624 1306 623 1183 623 1307 623 1307 722 1183 722 1181 722 1307 723 1181 723 1308 723 1308 622 1181 622 1179 622 1308 621 1179 621 1309 621 1309 621 1179 621 1177 621 1309 620 1177 620 1310 620 1310 620 1177 620 1175 620 1310 619 1175 619 1311 619 1311 619 1175 619 1173 619 1311 618 1173 618 1312 618 1312 618 1173 618 1171 618 1312 617 1171 617 1313 617 1313 617 1171 617 1169 617 1313 616 1169 616 1314 616 1314 616 1169 616 1167 616 1314 615 1167 615 1315 615 1315 615 1167 615 1165 615 1315 614 1165 614 1316 614 1316 614 1165 614 1163 614 1316 613 1163 613 1317 613 1317 613 1163 613 1161 613 1317 612 1161 612 1318 612 1318 612 1161 612 1159 612 1318 611 1159 611 1319 611 1319 611 1159 611 1157 611 1319 610 1157 610 1320 610 1320 610 1157 610 1155 610 1320 609 1155 609 1321 609 1321 609 1155 609 1153 609 1321 608 1153 608 1322 608 1322 608 1153 608 1151 608 1322 607 1151 607 1323 607 1323 724 1151 724 1149 724 1323 725 1149 725 1324 725 1324 726 1149 726 1147 726 1324 727 1147 727 1325 727 1325 695 1147 695 1273 695 1325 694 1273 694 1326 694 1326 694 1273 694 1271 694 1326 693 1271 693 1327 693 1327 728 1271 728 1269 728 1327 729 1269 729 1328 729 1328 692 1269 692 1267 692 1328 691 1267 691 1329 691 1329 691 1267 691 1265 691 1329 690 1265 690 1330 690 1330 730 1265 730 1263 730 1330 731 1263 731 1331 731 1331 689 1263 689 1261 689 1331 688 1261 688 1332 688 1332 732 1261 732 1259 732 1332 733 1259 733 1333 733 1333 687 1259 687 1257 687 1333 686 1257 686 1334 686 1334 686 1257 686 1255 686 1334 685 1255 685 1335 685 1335 734 1255 734 1253 734 1335 735 1253 735 1336 735 1336 682 1253 682 1251 682 1336 681 1251 681 1337 681 1337 736 1251 736 1249 736 1337 737 1249 737 1274 737 1274 679 1249 679 1247 679 1150 0 1210 0 1148 0 1148 0 1210 0 1212 0 1148 0 1212 0 1146 0 1146 0 1212 0 1214 0 1146 0 1214 0 1272 0 1272 0 1214 0 1216 0 1272 0 1216 0 1270 0 1270 0 1216 0 1218 0 1270 0 1218 0 1268 0 1268 0 1218 0 1220 0 1268 0 1220 0 1266 0 1266 0 1220 0 1222 0 1266 0 1222 0 1264 0 1264 0 1222 0 1224 0 1264 0 1224 0 1262 0 1262 0 1224 0 1226 0 1262 0 1226 0 1260 0 1260 0 1226 0 1228 0 1260 0 1228 0 1258 0 1258 0 1228 0 1230 0 1258 0 1230 0 1256 0 1256 0 1230 0 1232 0 1256 0 1232 0 1254 0 1254 0 1232 0 1234 0 1254 0 1234 0 1252 0 1252 0 1234 0 1236 0 1252 0 1236 0 1250 0 1250 0 1236 0 1238 0 1250 0 1238 0 1248 0 1248 0 1238 0 1240 0 1248 0 1240 0 1246 0 1246 0 1240 0 1242 0 1246 0 1242 0 1244 0 1210 0 1150 0 1208 0 1208 0 1150 0 1152 0 1208 0 1152 0 1206 0 1206 0 1152 0 1154 0 1206 0 1154 0 1204 0 1204 0 1154 0 1156 0 1204 0 1156 0 1202 0 1202 0 1156 0 1158 0 1202 0 1158 0 1200 0 1200 0 1158 0 1160 0 1200 0 1160 0 1198 0 1198 0 1160 0 1162 0 1198 0 1162 0 1196 0 1196 0 1162 0 1164 0 1196 0 1164 0 1194 0 1194 0 1164 0 1166 0 1194 0 1166 0 1192 0 1192 0 1166 0 1168 0 1192 0 1168 0 1190 0 1190 0 1168 0 1170 0 1190 0 1170 0 1188 0 1188 0 1170 0 1172 0 1188 0 1172 0 1186 0 1186 0 1172 0 1174 0 1186 0 1174 0 1184 0 1184 0 1174 0 1176 0 1184 0 1176 0 1182 0 1182 0 1176 0 1178 0 1182 0 1178 0 1180 0 1338 0 1339 0 1340 0 1340 0 1339 0 1341 0 1340 0 1341 0 1342 0 1342 0 1341 0 1343 0 1342 0 1343 0 1344 0 1344 0 1343 0 1345 0 1344 0 1345 0 1346 0 1346 0 1345 0 1347 0 1347 0 1345 0 1348 0 1348 0 1345 0 1349 0 1348 0 1349 0 1350 0 1350 0 1349 0 1351 0 1350 0 1351 0 1352 0 1352 0 1351 0 1353 0 1352 0 1353 0 1354 0 1354 0 1355 0 1352 0 1352 0 1355 0 1334 0 1352 0 1334 0 1335 0 1355 0 1356 0 1334 0 1334 0 1356 0 1333 0 1333 0 1356 0 1357 0 1333 0 1357 0 1358 0 1333 0 1358 0 1332 0 1332 0 1358 0 1359 0 1332 0 1359 0 1360 0 1360 0 1361 0 1332 0 1332 0 1361 0 1331 0 1331 0 1361 0 1362 0 1331 0 1362 0 1363 0 1331 0 1363 0 1330 0 1330 0 1363 0 1364 0 1330 0 1364 0 1365 0 1365 0 1366 0 1330 0 1330 0 1366 0 1329 0 1329 0 1366 0 1367 0 1329 0 1367 0 1368 0 1329 0 1368 0 1328 0 1328 0 1368 0 1369 0 1328 0 1369 0 1340 0 1340 0 1369 0 1338 0 1323 0 1324 0 1340 0 1340 0 1324 0 1325 0 1340 0 1325 0 1326 0 1326 0 1327 0 1340 0 1340 0 1327 0 1328 0 1335 0 1336 0 1352 0 1352 0 1336 0 1337 0 1352 0 1337 0 1274 0 1274 0 1275 0 1352 0 1370 0 1371 0 1282 0 1282 0 1371 0 1372 0 1282 0 1372 0 1281 0 1281 0 1372 0 1373 0 1281 0 1373 0 1374 0 1281 0 1374 0 1280 0 1280 0 1374 0 1375 0 1280 0 1375 0 1376 0 1376 0 1375 0 1377 0 1376 0 1377 0 1378 0 1378 0 1379 0 1376 0 1376 0 1379 0 1380 0 1380 0 1379 0 1381 0 1380 0 1381 0 1382 0 1382 0 1381 0 1383 0 1382 0 1383 0 1384 0 1384 0 1383 0 1385 0 1385 0 1383 0 1386 0 1386 0 1383 0 1387 0 1386 0 1387 0 1388 0 1388 0 1387 0 1389 0 1388 0 1389 0 1390 0 1390 0 1389 0 1391 0 1390 0 1391 0 1392 0 1392 0 1393 0 1390 0 1390 0 1393 0 1286 0 1390 0 1286 0 1287 0 1393 0 1394 0 1286 0 1286 0 1394 0 1285 0 1285 0 1394 0 1395 0 1285 0 1395 0 1396 0 1285 0 1396 0 1284 0 1284 0 1396 0 1397 0 1284 0 1397 0 1398 0 1398 0 1399 0 1284 0 1284 0 1399 0 1283 0 1283 0 1399 0 1400 0 1283 0 1400 0 1401 0 1283 0 1401 0 1282 0 1282 0 1401 0 1370 0 1275 0 1276 0 1376 0 1376 0 1276 0 1277 0 1376 0 1277 0 1278 0 1278 0 1279 0 1376 0 1376 0 1279 0 1280 0 1287 0 1288 0 1390 0 1390 0 1288 0 1289 0 1390 0 1289 0 1290 0 1290 0 1291 0 1390 0 1291 0 1292 0 1402 0 1402 0 1292 0 1293 0 1402 0 1293 0 1294 0 1294 0 1295 0 1402 0 1402 0 1295 0 1296 0 1402 0 1296 0 1403 0 1403 0 1296 0 1404 0 1404 0 1296 0 1297 0 1404 0 1297 0 1405 0 1405 0 1297 0 1406 0 1406 0 1297 0 1298 0 1406 0 1298 0 1407 0 1407 0 1298 0 1408 0 1408 0 1298 0 1409 0 1409 0 1298 0 1299 0 1409 0 1299 0 1410 0 1410 0 1299 0 1411 0 1411 0 1299 0 1300 0 1411 0 1300 0 1412 0 1412 0 1300 0 1413 0 1413 0 1300 0 1414 0 1414 0 1300 0 1301 0 1414 0 1301 0 1415 0 1415 0 1301 0 1416 0 1416 0 1301 0 1302 0 1416 0 1302 0 1417 0 1417 0 1302 0 1418 0 1417 0 1418 0 1419 0 1419 0 1418 0 1420 0 1420 0 1418 0 1421 0 1421 0 1418 0 1422 0 1421 0 1422 0 1423 0 1423 0 1422 0 1424 0 1423 0 1424 0 1425 0 1425 0 1424 0 1426 0 1425 0 1426 0 1427 0 1302 0 1303 0 1418 0 1418 0 1303 0 1304 0 1418 0 1304 0 1305 0 1305 0 1306 0 1418 0 1418 0 1306 0 1307 0 1427 0 1428 0 1425 0 1425 0 1428 0 1429 0 1429 0 1428 0 1430 0 1429 0 1430 0 1431 0 1431 0 1430 0 1402 0 1431 0 1402 0 1432 0 1432 0 1402 0 1433 0 1433 0 1402 0 1403 0 1434 0 1435 0 1436 0 1436 0 1435 0 1437 0 1436 0 1437 0 1438 0 1436 0 1438 0 1318 0 1318 0 1438 0 1439 0 1318 0 1439 0 1317 0 1317 0 1439 0 1440 0 1317 0 1440 0 1441 0 1317 0 1441 0 1316 0 1316 0 1441 0 1442 0 1316 0 1442 0 1443 0 1443 0 1444 0 1316 0 1316 0 1444 0 1315 0 1315 0 1444 0 1445 0 1315 0 1445 0 1446 0 1315 0 1446 0 1314 0 1314 0 1446 0 1447 0 1314 0 1447 0 1448 0 1448 0 1449 0 1314 0 1314 0 1449 0 1313 0 1313 0 1449 0 1450 0 1313 0 1450 0 1451 0 1313 0 1451 0 1312 0 1312 0 1451 0 1452 0 1312 0 1452 0 1453 0 1453 0 1452 0 1454 0 1453 0 1454 0 1455 0 1455 0 1456 0 1453 0 1453 0 1456 0 1457 0 1457 0 1456 0 1458 0 1457 0 1458 0 1459 0 1459 0 1458 0 1460 0 1459 0 1460 0 1461 0 1461 0 1460 0 1462 0 1462 0 1460 0 1463 0 1463 0 1460 0 1464 0 1463 0 1464 0 1465 0 1465 0 1464 0 1434 0 1465 0 1434 0 1436 0 1307 0 1308 0 1453 0 1453 0 1308 0 1309 0 1453 0 1309 0 1310 0 1310 0 1311 0 1453 0 1453 0 1311 0 1312 0 1318 0 1319 0 1436 0 1436 0 1319 0 1320 0 1436 0 1320 0 1321 0 1321 0 1322 0 1436 0 1436 0 1322 0 1323 0 1414 738 1466 738 1413 738 1413 169 1466 169 1467 169 1413 170 1467 170 1412 170 1412 739 1467 739 1468 739 1412 740 1468 740 1411 740 1411 740 1468 740 1469 740 1411 741 1469 741 1410 741 1410 175 1469 175 1470 175 1410 176 1470 176 1409 176 1409 742 1470 742 1471 742 1409 743 1471 743 1408 743 1408 179 1471 179 1472 179 1408 180 1472 180 1407 180 1407 180 1472 180 1473 180 1407 181 1473 181 1406 181 1406 181 1473 181 1474 181 1406 744 1474 744 1405 744 1405 745 1474 745 1475 745 1405 746 1475 746 1404 746 1404 416 1475 416 1476 416 1404 417 1476 417 1403 417 1403 747 1476 747 1477 747 1403 748 1477 748 1433 748 1433 190 1477 190 1478 190 1433 191 1478 191 1432 191 1432 191 1478 191 1479 191 1432 192 1479 192 1431 192 1431 192 1479 192 1480 192 1431 193 1480 193 1429 193 1429 193 1480 193 1481 193 1429 196 1481 196 1425 196 1425 196 1481 196 1482 196 1425 197 1482 197 1423 197 1423 749 1482 749 1483 749 1423 750 1483 750 1421 750 1421 751 1483 751 1484 751 1421 202 1484 202 1420 202 1420 202 1484 202 1485 202 1420 203 1485 203 1419 203 1419 203 1485 203 1486 203 1419 204 1486 204 1417 204 1417 752 1486 752 1487 752 1417 753 1487 753 1416 753 1416 207 1487 207 1488 207 1416 208 1488 208 1415 208 1415 208 1488 208 1489 208 1415 754 1489 754 1414 754 1414 755 1489 755 1466 755 1434 738 1490 738 1435 738 1435 169 1490 169 1491 169 1435 170 1491 170 1437 170 1437 739 1491 739 1492 739 1437 740 1492 740 1438 740 1438 740 1492 740 1493 740 1438 741 1493 741 1439 741 1439 175 1493 175 1494 175 1439 176 1494 176 1440 176 1440 756 1494 756 1495 756 1440 757 1495 757 1441 757 1441 179 1495 179 1496 179 1441 180 1496 180 1442 180 1442 180 1496 180 1497 180 1442 181 1497 181 1443 181 1443 758 1497 758 1498 758 1443 759 1498 759 1444 759 1444 759 1498 759 1499 759 1444 760 1499 760 1445 760 1445 416 1499 416 1500 416 1445 417 1500 417 1446 417 1446 747 1500 747 1501 747 1446 748 1501 748 1447 748 1447 190 1501 190 1502 190 1447 191 1502 191 1448 191 1448 191 1502 191 1503 191 1448 192 1503 192 1449 192 1449 192 1503 192 1504 192 1449 193 1504 193 1450 193 1450 193 1504 193 1505 193 1450 196 1505 196 1451 196 1451 196 1505 196 1506 196 1451 197 1506 197 1452 197 1452 761 1506 761 1507 761 1452 762 1507 762 1454 762 1454 762 1507 762 1508 762 1454 763 1508 763 1455 763 1455 202 1508 202 1509 202 1455 203 1509 203 1456 203 1456 203 1509 203 1510 203 1456 204 1510 204 1458 204 1458 764 1510 764 1511 764 1458 765 1511 765 1460 765 1460 207 1511 207 1512 207 1460 208 1512 208 1464 208 1464 208 1512 208 1513 208 1464 754 1513 754 1434 754 1434 755 1513 755 1490 755 1370 766 1514 766 1371 766 1371 169 1514 169 1515 169 1371 170 1515 170 1372 170 1372 767 1515 767 1516 767 1372 768 1516 768 1373 768 1373 769 1516 769 1517 769 1373 175 1517 175 1374 175 1374 175 1517 175 1518 175 1374 176 1518 176 1375 176 1375 742 1518 742 1519 742 1375 743 1519 743 1377 743 1377 179 1519 179 1520 179 1377 180 1520 180 1378 180 1378 180 1520 180 1521 180 1378 181 1521 181 1379 181 1379 181 1521 181 1522 181 1379 744 1522 744 1381 744 1381 745 1522 745 1523 745 1381 746 1523 746 1383 746 1383 416 1523 416 1524 416 1383 417 1524 417 1387 417 1387 417 1524 417 1525 417 1387 190 1525 190 1389 190 1389 190 1525 190 1526 190 1389 191 1526 191 1391 191 1391 191 1526 191 1527 191 1391 192 1527 192 1392 192 1392 192 1527 192 1528 192 1392 193 1528 193 1393 193 1393 770 1528 770 1529 770 1393 771 1529 771 1394 771 1394 196 1529 196 1530 196 1394 197 1530 197 1395 197 1395 749 1530 749 1531 749 1395 750 1531 750 1396 750 1396 751 1531 751 1532 751 1396 202 1532 202 1397 202 1397 202 1532 202 1533 202 1397 203 1533 203 1398 203 1398 203 1533 203 1534 203 1398 204 1534 204 1399 204 1399 752 1534 752 1535 752 1399 753 1535 753 1400 753 1400 207 1535 207 1536 207 1400 208 1536 208 1401 208 1401 772 1536 772 1537 772 1401 773 1537 773 1370 773 1370 773 1537 773 1514 773 1338 766 1538 766 1339 766 1339 169 1538 169 1539 169 1339 170 1539 170 1341 170 1341 767 1539 767 1540 767 1341 768 1540 768 1343 768 1343 769 1540 769 1541 769 1343 175 1541 175 1345 175 1345 175 1541 175 1542 175 1345 176 1542 176 1349 176 1349 756 1542 756 1543 756 1349 757 1543 757 1351 757 1351 179 1543 179 1544 179 1351 180 1544 180 1353 180 1353 180 1544 180 1545 180 1353 181 1545 181 1354 181 1354 758 1545 758 1546 758 1354 759 1546 759 1355 759 1355 759 1546 759 1547 759 1355 760 1547 760 1356 760 1356 416 1547 416 1548 416 1356 417 1548 417 1357 417 1357 417 1548 417 1549 417 1357 190 1549 190 1358 190 1358 190 1549 190 1550 190 1358 191 1550 191 1359 191 1359 191 1550 191 1551 191 1359 192 1551 192 1360 192 1360 192 1551 192 1552 192 1360 193 1552 193 1361 193 1361 770 1552 770 1553 770 1361 771 1553 771 1362 771 1362 196 1553 196 1554 196 1362 197 1554 197 1363 197 1363 761 1554 761 1555 761 1363 762 1555 762 1364 762 1364 762 1555 762 1556 762 1364 763 1556 763 1365 763 1365 202 1556 202 1557 202 1365 203 1557 203 1366 203 1366 203 1557 203 1558 203 1366 204 1558 204 1367 204 1367 764 1558 764 1559 764 1367 765 1559 765 1368 765 1368 207 1559 207 1560 207 1368 208 1560 208 1369 208 1369 772 1560 772 1561 772 1369 773 1561 773 1338 773 1338 773 1561 773 1538 773 1562 774 1453 774 1563 774 1563 774 1453 774 1457 774 1563 775 1457 775 1564 775 1564 775 1457 775 1459 775 1564 776 1459 776 1565 776 1565 776 1459 776 1461 776 1565 456 1461 456 1566 456 1566 456 1461 456 1462 456 1566 777 1462 777 1567 777 1567 777 1462 777 1463 777 1567 778 1463 778 1568 778 1568 778 1463 778 1465 778 1568 779 1465 779 1569 779 1569 779 1465 779 1436 779 1436 87 1323 87 1569 87 1569 87 1323 87 1570 87 1570 87 1323 87 1340 87 1571 780 1402 780 1572 780 1572 780 1402 780 1430 780 1572 781 1430 781 1573 781 1573 781 1430 781 1428 781 1573 782 1428 782 1574 782 1574 782 1428 782 1427 782 1574 465 1427 465 1575 465 1575 465 1427 465 1426 465 1575 783 1426 783 1576 783 1576 783 1426 783 1424 783 1576 784 1424 784 1577 784 1577 784 1424 784 1422 784 1577 785 1422 785 1578 785 1578 785 1422 785 1418 785 1402 234 1571 234 1291 234 1291 234 1571 234 1579 234 1291 234 1579 234 1390 234 1580 786 1376 786 1581 786 1581 786 1376 786 1380 786 1581 787 1380 787 1582 787 1582 787 1380 787 1382 787 1582 788 1382 788 1583 788 1583 788 1382 788 1384 788 1583 249 1384 249 1584 249 1584 249 1384 249 1385 249 1584 789 1385 789 1585 789 1585 789 1385 789 1386 789 1585 790 1386 790 1586 790 1586 790 1386 790 1388 790 1586 791 1388 791 1579 791 1579 791 1388 791 1390 791 1570 792 1340 792 1587 792 1587 792 1340 792 1342 792 1587 793 1342 793 1588 793 1588 793 1342 793 1344 793 1588 794 1344 794 1589 794 1589 794 1344 794 1346 794 1589 240 1346 240 1590 240 1590 240 1346 240 1347 240 1590 795 1347 795 1591 795 1591 795 1347 795 1348 795 1591 796 1348 796 1592 796 1592 796 1348 796 1350 796 1592 797 1350 797 1593 797 1593 797 1350 797 1352 797 1376 153 1580 153 1275 153 1275 153 1580 153 1593 153 1275 153 1593 153 1352 153 1453 254 1562 254 1307 254 1307 254 1562 254 1578 254 1307 254 1578 254 1418 254 1055 235 1495 235 1057 235 1057 235 1495 235 1559 235 1057 235 1559 235 1059 235 1059 235 1559 235 1558 235 1059 235 1558 235 1061 235 1061 235 1558 235 1557 235 1061 235 1557 235 1063 235 1063 235 1557 235 1556 235 1063 235 1556 235 1065 235 1065 235 1556 235 1555 235 1065 235 1555 235 1067 235 1067 235 1555 235 1554 235 1067 235 1554 235 1069 235 1069 235 1554 235 1553 235 1069 235 1553 235 1071 235 1071 235 1553 235 1552 235 1071 235 1552 235 1073 235 1073 235 1552 235 1551 235 1073 235 1551 235 1075 235 1075 235 1551 235 1550 235 1075 235 1550 235 1077 235 1077 235 1550 235 1549 235 1077 235 1549 235 1079 235 1079 235 1549 235 1517 235 1079 235 1517 235 1081 235 1081 235 1517 235 1083 235 1083 235 1517 235 1516 235 1083 235 1516 235 1085 235 1085 235 1516 235 1515 235 1085 235 1515 235 1087 235 1087 235 1515 235 1514 235 1087 235 1514 235 1089 235 1089 235 1514 235 1537 235 1089 235 1537 235 1091 235 1091 235 1537 235 1536 235 1091 235 1536 235 1093 235 1093 235 1536 235 1535 235 1093 235 1535 235 1095 235 1095 235 1535 235 1534 235 1095 235 1534 235 1097 235 1097 235 1534 235 1533 235 1097 235 1533 235 1099 235 1099 235 1533 235 1532 235 1099 235 1532 235 1101 235 1101 235 1532 235 1531 235 1101 235 1531 235 1103 235 1103 235 1531 235 1475 235 1103 235 1475 235 1105 235 1105 235 1475 235 1474 235 1105 235 1474 235 1107 235 1107 235 1474 235 1473 235 1107 235 1473 235 1109 235 1109 235 1473 235 1472 235 1109 235 1472 235 1111 235 1111 235 1472 235 1471 235 1111 235 1471 235 1113 235 1113 235 1471 235 1470 235 1113 235 1470 235 1115 235 1115 235 1470 235 1469 235 1115 235 1469 235 1117 235 1117 235 1469 235 1468 235 1117 235 1468 235 1119 235 1119 235 1468 235 1467 235 1119 235 1467 235 1121 235 1121 235 1467 235 1466 235 1121 235 1466 235 1123 235 1123 235 1466 235 1489 235 1123 235 1489 235 1125 235 1125 235 1489 235 1505 235 1125 235 1505 235 1127 235 1127 235 1505 235 1129 235 1129 235 1505 235 1504 235 1129 235 1504 235 1131 235 1131 235 1504 235 1503 235 1131 235 1503 235 1133 235 1133 235 1503 235 1502 235 1133 235 1502 235 1135 235 1135 235 1502 235 1501 235 1135 235 1501 235 1137 235 1137 235 1501 235 1500 235 1137 235 1500 235 1139 235 1139 235 1500 235 1499 235 1139 235 1499 235 1141 235 1141 235 1499 235 1498 235 1141 235 1498 235 1143 235 1143 235 1498 235 1497 235 1143 235 1497 235 1145 235 1145 235 1497 235 1496 235 1145 235 1496 235 1055 235 1055 235 1496 235 1495 235 1505 235 1489 235 1506 235 1506 235 1489 235 1488 235 1506 235 1488 235 1562 235 1562 235 1488 235 1578 235 1578 235 1488 235 1487 235 1578 235 1487 235 1486 235 1486 235 1485 235 1578 235 1578 235 1485 235 1484 235 1578 235 1484 235 1577 235 1577 235 1484 235 1483 235 1577 235 1483 235 1576 235 1576 235 1483 235 1482 235 1576 235 1482 235 1575 235 1575 235 1482 235 1574 235 1574 235 1482 235 1573 235 1573 235 1482 235 1481 235 1573 235 1481 235 1572 235 1572 235 1481 235 1480 235 1572 235 1480 235 1571 235 1571 235 1480 235 1479 235 1571 235 1479 235 1478 235 1478 235 1477 235 1571 235 1571 235 1477 235 1476 235 1571 235 1476 235 1579 235 1579 235 1476 235 1530 235 1579 235 1530 235 1529 235 1476 235 1475 235 1530 235 1530 235 1475 235 1531 235 1492 235 1491 235 1569 235 1569 235 1491 235 1490 235 1569 235 1490 235 1568 235 1568 235 1490 235 1513 235 1568 235 1513 235 1567 235 1567 235 1513 235 1512 235 1567 235 1512 235 1566 235 1566 235 1512 235 1565 235 1565 235 1512 235 1564 235 1564 235 1512 235 1511 235 1564 235 1511 235 1563 235 1563 235 1511 235 1510 235 1563 235 1510 235 1562 235 1562 235 1510 235 1509 235 1562 235 1509 235 1508 235 1508 235 1507 235 1562 235 1562 235 1507 235 1506 235 1559 235 1495 235 1560 235 1560 235 1495 235 1494 235 1560 235 1494 235 1570 235 1570 235 1494 235 1569 235 1569 235 1494 235 1493 235 1569 235 1493 235 1492 235 1529 235 1528 235 1579 235 1579 235 1528 235 1527 235 1579 235 1527 235 1526 235 1579 235 1526 235 1586 235 1586 235 1526 235 1525 235 1586 235 1525 235 1585 235 1585 235 1525 235 1524 235 1585 235 1524 235 1584 235 1584 235 1524 235 1583 235 1583 235 1524 235 1582 235 1582 235 1524 235 1523 235 1582 235 1523 235 1581 235 1581 235 1523 235 1522 235 1581 235 1522 235 1580 235 1580 235 1522 235 1521 235 1580 235 1521 235 1520 235 1520 235 1519 235 1580 235 1580 235 1519 235 1518 235 1580 235 1518 235 1548 235 1548 235 1518 235 1549 235 1549 235 1518 235 1517 235 1540 235 1539 235 1570 235 1570 235 1539 235 1538 235 1570 235 1538 235 1561 235 1561 235 1560 235 1570 235 1580 235 1548 235 1593 235 1593 235 1548 235 1547 235 1593 235 1547 235 1546 235 1546 235 1545 235 1593 235 1593 235 1545 235 1544 235 1593 235 1544 235 1592 235 1592 235 1544 235 1543 235 1592 235 1543 235 1591 235 1591 235 1543 235 1542 235 1591 235 1542 235 1590 235 1590 235 1542 235 1589 235 1589 235 1542 235 1588 235 1588 235 1542 235 1541 235 1588 235 1541 235 1587 235 1587 235 1541 235 1540 235 1587 235 1540 235 1570 235 1594 798 1595 798 1596 798</p>
        </triangles>
        <triangles count="1" material="mat_3">
          <input semantic="VERTEX" source="#vert_0" offset="0"/>
          <input semantic="NORMAL" source="#norm_0" offset="1"/>
          <p>2282 1364 2283 1364 2284 1364</p>
        </triangles>
      </mesh>
    </geometry>
  </library_geometries>
  <library_visual_scenes>
    <visual_scene id="DefaultScene">
      <node id="node_267086e8_626e_4d84_af53_ffe9cf969a0c" type="NODE">
        <matrix>1 0 0 0 0 1 0 0 0 0 1 0 0 0 0 1</matrix>
        <node id="node_b2b0e986_700a_43a8_bcdb_9a7609080b95" type="NODE">
          <matrix>1 0 0 0 0 1 0 0 0 0 1 0 0 0 0 1</matrix>
          <node id="node_b2b0e986_700a_43a8_bcdb_9a7609080b95_mesh0" type="NODE">
            <matrix>1 0 0 0 0 1 0 0 0 0 1 0 0 0 0 1</matrix>
            <instance_geometry url="#geometry_3d015421_90d0_46b6_8488_a5f0920fd2f2">
              <bind_material>
                <technique_common>
                  <instance_material symbol="mat_1" target="#mat_1"/>
                </technique_common>
              </bind_material>
              <bind_material>
                <technique_common>
                  <instance_material symbol="mat_2" target="#mat_2"/>
                </technique_common>
              </bind_material>
              <bind_material>
                <technique_common>
                  <instance_material symbol="mat_3" target="#mat_3"/>
                </technique_common>
              </bind_material>
            </instance_geometry>
          </node>
        </node>
      </node>
    </visual_scene>
  </library_visual_scenes>
  <scene>
    <instance_visual_scene url="#DefaultScene"/>
  </scene>
</COLLADA>
